# Blender 4.5.3 LTS
# www.blender.org
mtllib spike_molecular_downsampled.mtl
o spike_molecular
v -5.669781 12.626046 -27.359852
v -6.379629 10.993144 -27.123362
v -5.019595 11.017784 -27.019365
v -4.810069 13.109726 -26.512928
v -6.750576 13.235296 -26.523457
v -4.102277 12.065437 -26.082386
v -6.835408 12.159457 -27.146996
v -6.822719 10.130109 -26.172602
v -4.587907 10.382555 -25.633959
v -4.781039 13.222588 -25.311409
v -7.463573 8.458501 -25.904985
v -7.914450 11.565272 -25.857302
v -7.319009 12.980944 -25.037575
v -6.052611 13.650017 -25.445961
v -8.610749 8.167468 -25.119690
v -9.476624 10.128126 -25.265766
v -8.499412 9.266271 -26.086859
v -5.949730 9.126655 -24.935532
v -6.869000 8.367998 -25.083000
v -6.588000 8.667998 -25.083000
v -4.514532 9.394532 -25.058811
v -4.130081 11.155710 -25.064964
v -9.358579 12.454484 -24.930105
v -7.658144 7.946355 -24.331366
v -6.836000 8.326998 -24.783001
v -6.836000 8.367998 -24.975000
v -6.536000 8.619998 -24.783001
v -6.536000 8.667998 -24.921000
v -9.502199 9.127275 -24.257469
v -10.439756 10.593295 -25.193796
v -4.246811 11.964616 -24.165316
v -8.197495 13.070495 -24.506861
v -10.201788 13.817068 -24.901987
v -9.203931 14.673097 -24.308996
v -8.985174 8.674510 -23.487576
v -13.128043 11.379260 -24.680576
v -14.478693 10.678395 -24.167967
v -12.110971 12.680905 -24.525734
v -14.448093 12.309665 -24.743658
v -5.902312 12.823344 -23.617447
v -6.498713 8.401906 -23.713457
v -4.291814 8.665793 -24.012539
v -3.304431 11.145427 -23.742289
v -13.190492 10.032902 -24.160469
v -11.599880 10.595815 -24.424263
v -15.270170 12.144428 -24.335449
v -4.432992 11.963012 -23.092958
v -13.632132 13.244700 -24.302866
v -12.752780 14.472657 -24.460283
v -11.273412 14.390343 -24.100246
v -11.785799 9.570244 -23.040762
v -15.444660 10.796535 -23.460066
v -15.892252 11.925387 -23.362598
v -7.580677 12.771233 -23.654240
v -13.987492 14.452507 -23.782694
v -3.350506 6.739128 -23.288069
v -3.377316 9.204526 -23.916285
v -5.930560 8.217190 -23.337942
v -2.278580 10.042966 -22.989269
v -3.398108 12.241217 -23.294224
v -15.204206 14.385526 -23.045660
v -10.783874 15.366630 -22.885981
v -13.136000 15.210999 -23.583002
v -12.975000 15.267998 -23.583002
v -12.836000 15.267998 -23.646002
v -12.724587 15.623694 -23.495943
v -2.411169 8.638753 -22.968855
v -7.983703 9.268899 -22.431627
v -10.792670 8.520236 -22.534336
v -1.308562 11.176464 -23.074226
v -2.146416 12.244171 -23.379965
v -15.714661 13.480382 -22.298344
v -3.848220 5.951299 -22.418537
v -4.837481 6.862073 -23.479252
v -9.626465 8.401099 -22.256348
v -13.033202 9.638593 -22.574257
v -14.799361 10.607544 -22.061338
v -7.276224 11.838029 -22.357645
v -8.880555 14.535153 -22.371357
v -14.015782 15.320892 -21.801189
v -9.234080 15.184908 -22.398857
v -11.744572 16.988121 -22.889956
v -12.861333 16.844339 -22.931189
v -5.481756 6.348484 -22.148746
v -2.543844 7.009809 -22.046783
v -15.235000 10.701998 -22.684000
v -6.390000 11.967999 -22.684000
v -6.235000 11.967999 -22.707001
v -4.680192 11.517337 -22.268185
v -6.536000 11.987998 -22.684000
v -1.288818 12.832937 -22.312542
v -8.340377 13.724387 -23.350851
v -10.700447 17.006058 -21.834450
v -6.101100 8.349377 -21.377438
v -2.241128 8.897242 -21.507071
v -15.235000 10.767998 -22.516001
v -15.235000 10.830998 -22.384001
v -15.477034 11.573978 -22.031189
v -0.681026 12.327943 -21.820858
v -2.887891 13.374239 -21.944616
v -9.294642 13.369556 -21.233664
v -13.688713 16.538113 -21.799137
v -11.821912 9.851980 -21.966618
v -1.148196 10.520900 -20.696774
v -8.756998 12.539182 -21.340822
v -0.268945 13.973720 -21.926210
v -9.345669 17.111029 -21.796659
v -12.580661 17.468706 -21.848343
v -12.964643 10.596589 -21.402489
v -13.935320 11.401578 -21.403551
v -5.094070 11.278094 -20.353514
v -3.141889 13.764280 -21.423141
v -15.027021 14.415894 -21.467915
v -8.335025 16.248528 -21.558020
v -5.016621 6.702545 -20.670443
v -3.658876 6.093213 -21.282225
v -11.095386 10.231350 -21.173008
v -11.588744 10.872292 -21.496618
v -6.752053 11.821680 -21.367870
v -15.213459 13.165469 -21.041010
v 1.321395 13.283790 -21.525875
v -8.953608 14.436982 -21.223463
v -0.459396 15.511317 -20.775517
v -2.198496 15.341434 -21.749306
v 0.906889 15.450696 -20.863846
v -1.873791 16.005369 -21.144201
v 7.244297 23.760315 -21.747997
v 8.193068 24.838356 -21.104284
v 7.124991 25.076635 -21.594307
v -10.242453 9.089900 -20.510466
v -9.481799 8.903270 -20.778927
v -10.263608 11.186822 -20.506632
v -12.735593 12.416375 -21.223894
v -10.897301 12.123392 -21.062721
v 1.454499 14.183524 -21.627106
v -12.294555 17.300196 -20.593294
v -8.494773 18.022736 -20.576334
v 5.932453 24.727127 -21.453527
v -7.396647 9.412088 -20.234093
v -10.659774 9.978992 -20.233524
v 0.553578 11.990537 -20.094124
v -13.993259 13.196515 -20.160923
v -12.473495 13.251766 -20.200653
v 1.707655 12.702368 -20.551020
v -3.803816 15.378699 -20.549179
v -7.491038 16.120586 -19.974369
v -13.222827 16.617340 -20.386614
v -7.899948 17.582457 -20.651403
v -11.004658 17.361214 -20.081928
v -9.608026 18.329975 -19.693594
v -6.878774 18.874788 -20.980150
v -0.886344 19.406086 -21.118494
v -0.400917 20.441713 -21.471649
v 1.445487 20.648354 -20.318333
v 0.590996 21.586781 -20.579800
v 6.158070 23.296080 -21.216400
v 7.228349 22.852890 -20.874949
v -2.148771 23.435280 -20.847456
v 8.051076 23.094463 -20.283268
v 6.242223 26.087492 -19.907372
v 4.683161 3.252300 -20.779064
v -3.187912 6.996505 -20.716532
v -4.342353 8.506083 -19.847044
v -5.029608 8.925085 -20.587524
v -2.420872 9.103954 -19.722399
v -0.054535 10.965899 -19.859016
v -7.916261 13.149191 -19.518389
v 2.220268 14.487925 -20.147470
v -12.865954 14.350028 -20.048588
v -3.151290 16.259428 -20.295502
v -0.445640 18.696238 -20.380562
v 0.860455 19.226034 -20.698927
v -6.997532 21.357533 -20.517771
v -1.279446 22.053009 -20.279280
v -3.295975 23.983454 -20.663977
v 5.691024 23.048286 -20.228106
v 5.087848 23.995798 -20.222967
v 5.091300 25.670416 -19.595875
v 8.546690 24.254070 -20.016399
v 8.164000 25.103998 -20.583002
v 7.341727 25.875217 -20.145691
v 5.344494 2.361566 -20.325626
v 3.875576 2.147523 -19.866182
v 4.004853 4.171451 -20.297989
v 6.337455 3.900699 -20.187353
v 5.441226 4.712977 -20.073122
v -2.991514 8.246598 -20.528402
v -5.773206 9.918952 -19.896303
v -1.321213 10.318580 -19.671705
v -5.966185 11.966165 -19.256544
v -6.846362 12.734355 -19.621946
v -8.488765 14.193296 -19.787907
v -4.834102 15.655623 -20.333857
v -4.746500 16.713533 -20.773029
v -5.620764 19.611389 -20.142591
v -8.044831 19.311993 -20.689621
v -8.493655 20.915955 -20.889818
v -2.289789 20.518009 -19.828871
v -1.758138 21.695969 -20.328432
v -3.314159 22.687454 -20.896498
v -1.409779 24.248823 -19.971300
v 8.164000 25.167997 -20.388002
v 8.184000 25.167997 -20.283003
v 3.080746 3.155999 -19.321075
v 7.955871 4.954052 -19.520723
v 6.683330 5.742740 -19.970591
v -10.179127 12.426051 -19.365404
v -3.661107 13.654059 -19.227175
v -13.789534 13.257957 -19.638571
v -6.536117 16.171497 -19.667543
v -2.935000 16.430998 -19.983002
v -1.470813 16.368734 -19.281734
v -5.918710 17.614798 -20.304029
v -4.174489 18.358858 -19.803434
v -11.710715 18.410534 -18.835299
v -4.555249 19.619154 -20.131807
v -8.099019 22.238190 -19.707132
v -0.142498 22.223549 -19.281284
v -7.182159 22.213978 -19.168346
v -0.432965 23.034128 -18.977715
v -4.164096 23.783691 -19.956869
v 6.594848 22.682884 -19.484873
v -2.159997 24.849342 -19.738880
v 4.904731 1.765084 -18.901375
v 6.649765 2.530473 -19.062248
v 7.939879 4.001093 -19.519901
v -9.021016 8.040125 -19.271530
v -10.664662 8.749873 -19.076462
v -6.051950 9.865724 -18.814631
v 1.666711 12.750748 -19.079754
v -0.289546 15.590713 -18.912117
v -2.935000 16.467999 -19.839003
v -2.362540 16.569042 -18.942854
v -2.935000 16.512999 -19.684002
v -12.987942 17.835783 -19.022284
v 0.660739 18.497036 -19.334923
v -1.823052 19.127981 -19.472826
v 1.415757 19.196848 -19.339331
v -3.547450 20.259476 -19.760927
v -9.759169 20.780897 -19.868595
v -9.710582 21.828701 -18.661386
v -3.498633 21.451464 -19.751318
v 4.265000 23.546999 -19.684002
v 4.251000 23.667997 -19.684002
v 3.940085 24.166294 -19.231182
v 8.159743 24.736725 -18.907543
v 7.027141 26.339432 -18.502073
v 3.469486 4.297309 -19.175489
v 4.240633 4.970208 -18.581608
v 5.738691 6.459465 -18.835268
v -8.101000 8.667998 -19.384001
v -4.806522 9.257209 -18.759327
v -10.987597 10.052858 -18.918564
v 0.759112 12.288770 -18.827810
v -13.907038 12.894322 -18.863508
v -10.784844 13.327653 -18.661325
v 1.888451 13.190092 -18.485117
v -6.777530 15.175153 -19.018106
v 1.456440 14.966788 -19.126989
v 6.302874 15.291383 -19.531876
v -13.523662 16.775942 -19.003918
v -3.069920 16.925016 -19.164680
v -10.846803 20.178698 -19.462097
v 1.681555 20.539310 -18.060345
v -4.988288 21.396513 -18.763542
v 1.225101 21.233656 -18.469181
v -5.958416 21.371988 -19.029026
v 4.615066 22.504709 -19.546913
v 7.414578 23.707371 -17.777807
v 4.265000 23.367998 -19.665003
v 0.094290 24.803606 -19.646967
v -3.428598 24.682196 -18.792562
v -1.125628 26.318895 -19.528496
v 7.565000 25.724998 -19.384003
v 7.808731 6.272628 -18.417379
v -8.036000 8.632998 -19.083000
v -8.036000 8.667998 -19.195999
v -10.116945 11.739774 -18.358219
v -6.279309 14.010475 -18.981056
v -12.441297 13.220239 -18.590382
v -13.267348 14.073848 -18.881693
v 5.371252 14.337430 -19.319050
v 5.107242 16.162558 -18.909138
v 6.368009 16.232908 -18.951740
v -2.634457 18.079506 -18.669460
v -11.083688 18.987276 -18.978832
v 0.230044 22.354933 -17.976057
v 5.585449 21.946178 -18.787197
v -4.290625 22.144939 -19.141644
v -4.126377 23.602673 -18.323620
v 0.685100 25.702488 -18.930611
v 7.565000 25.767998 -19.239002
v 7.604000 25.767998 -19.083002
v 6.079518 26.373344 -18.437914
v -0.871649 27.492981 -19.017715
v 4.266423 2.075091 -18.160101
v -7.764797 8.811810 -18.218361
v -2.067541 9.058292 -18.127197
v 4.228453 10.310081 -18.892733
v -0.399837 11.062357 -17.657389
v -10.641832 10.966807 -17.808371
v -5.393419 13.269284 -18.551531
v -4.574208 12.357104 -18.968159
v -4.497355 14.036457 -18.678629
v 4.376285 15.223630 -18.744333
v 0.186482 14.715349 -18.440067
v 1.209305 17.828672 -18.639563
v -10.563674 21.604481 -18.904932
v 0.364000 21.815998 -18.783003
v -8.583128 22.120543 -18.000834
v 4.149463 22.076893 -18.128794
v 3.422946 23.251635 -18.453688
v 4.296574 25.228016 -18.396038
v 1.348209 26.718506 -19.012646
v 1.256705 28.025187 -18.434237
v 4.528416 6.011240 -18.600639
v -9.365426 8.157332 -17.555847
v -4.560362 8.620275 -18.739439
v -10.197536 8.302418 -17.808228
v 3.190629 9.226705 -18.590073
v 5.098966 10.090197 -18.142830
v 0.528589 11.674838 -18.111404
v 2.196985 12.443736 -18.207804
v 6.350584 13.469441 -18.534740
v 7.252206 14.359594 -18.422779
v -13.364606 16.629841 -17.661631
v -0.697133 16.571762 -18.287399
v -1.406292 17.270706 -18.692183
v 0.022498 17.251209 -18.120510
v -0.954325 18.214722 -18.882605
v 2.643520 18.376299 -17.508537
v -11.391903 19.314232 -17.953514
v -11.462970 20.756477 -18.342140
v 0.364000 21.867998 -18.590002
v 0.408000 21.867998 -18.483002
v 0.531091 23.361515 -17.632910
v 1.015856 24.586250 -17.810724
v -2.780152 26.166149 -18.079582
v -2.835746 27.780443 -18.101337
v 3.876804 3.320927 -17.654287
v 8.349992 3.994880 -18.152153
v 7.172266 7.043990 -17.378939
v 3.874968 8.123130 -17.667645
v 4.441545 8.307615 -17.989956
v -10.651296 8.924731 -17.518257
v -1.327570 9.663922 -17.747871
v 2.975765 10.222277 -18.694210
v -14.061377 11.766167 -18.089508
v 7.625032 12.691447 -18.273197
v -14.798738 13.700352 -18.324766
v 8.428415 13.865200 -17.650408
v -13.494969 15.186499 -18.057547
v 4.492440 16.489599 -17.541044
v 6.685405 16.597599 -17.562368
v 5.832244 16.942663 -17.779482
v 1.624519 21.556860 -17.840677
v -10.717659 21.956446 -17.305655
v -6.140388 21.114237 -17.457798
v -4.541439 21.869762 -17.093483
v 2.051631 27.292671 -17.666847
v -0.210600 28.275082 -17.746496
v 6.111807 1.529904 -17.551456
v 4.270575 5.117020 -17.697392
v 3.644695 6.365361 -17.381138
v -5.157711 7.909328 -18.071468
v 5.018913 8.548734 -17.792717
v -3.118595 7.930033 -17.168766
v -8.079656 8.979644 -17.226423
v -6.760990 8.686878 -17.691479
v 1.689090 10.729817 -17.435555
v 2.994201 11.575744 -18.122938
v 5.317005 11.414252 -17.517223
v 3.507857 13.246181 -17.478956
v 7.708098 11.944953 -17.243931
v -15.404674 12.670983 -17.597486
v -11.923829 12.028412 -17.172344
v -11.427671 12.690846 -17.446568
v 1.415632 13.641326 -18.333948
v 2.217230 13.332526 -17.553160
v -0.473471 15.106772 -17.482534
v 7.755446 15.483075 -17.512419
v 4.146848 15.820680 -17.327372
v 1.884594 17.686993 -17.339960
v -11.031487 18.599562 -17.332388
v 6.349305 22.151653 -17.636478
v -3.985829 24.631996 -17.263992
v 7.750353 25.316414 -17.995636
v 5.509502 25.747545 -17.391180
v -1.938979 28.650379 -18.040352
v 4.717237 1.706478 -16.807339
v 8.644341 3.560515 -17.592937
v 8.992051 6.080372 -17.435503
v -4.604306 7.267510 -17.372520
v 2.253019 9.139012 -17.057505
v -14.277245 11.480242 -17.042299
v 4.383935 12.324179 -17.253716
v 8.531528 12.937002 -17.264494
v -0.214799 13.482294 -17.819523
v 0.839029 12.905877 -16.699192
v 4.279913 13.900719 -17.724293
v -11.460793 17.696207 -17.182688
v -11.125412 21.210876 -16.589048
v 5.259540 21.946415 -16.871231
v 7.333717 23.058815 -16.848389
v 1.844274 24.460323 -17.351107
v 3.340639 25.395817 -17.491322
v -3.235297 26.628458 -16.316347
v 1.195228 28.167229 -17.059015
v 10.275344 2.068630 -17.542965
v 8.207239 2.353612 -16.557550
v 11.428381 2.733215 -16.990835
v 10.786068 5.506289 -16.988808
v 10.002642 6.423941 -16.913513
v 6.819706 7.831748 -16.248423
v -10.912835 7.031695 -16.551308
v -2.159509 8.521226 -16.290159
v 5.486381 9.876425 -16.382624
v 6.018519 11.988912 -17.601397
v -15.582145 13.622214 -17.054491
v -0.617497 14.193625 -16.757582
v 0.320455 17.283829 -16.592201
v 4.598851 17.773060 -17.209671
v 2.727221 18.966978 -17.454599
v 2.538798 21.846846 -17.699945
v 6.725336 21.753693 -17.060400
v -9.516907 22.987154 -16.679405
v -4.179877 23.052259 -16.206400
v 2.360420 25.787504 -17.518255
v -2.484076 28.231180 -16.567902
v -1.417632 28.621222 -16.484751
v 11.678632 1.509919 -16.815077
v 9.328110 1.233665 -16.878679
v 7.249356 2.166180 -16.391178
v 9.316400 2.781674 -17.266588
v 10.702473 4.059624 -16.668602
v 4.869843 4.581621 -16.157047
v 3.758249 6.874086 -15.815702
v -5.901606 7.204198 -16.880581
v 3.621212 8.286241 -16.648937
v 5.517205 8.646613 -16.675301
v -0.448037 8.826169 -16.465254
v 0.825144 9.819023 -16.499737
v 0.693252 10.842069 -16.988865
v 5.598296 10.818856 -16.203812
v -15.868917 13.194595 -16.346745
v 0.065000 13.167999 -17.074001
v -14.424631 15.194349 -16.371893
v -13.518072 16.754852 -16.239561
v -0.139826 16.603436 -16.667105
v -11.440281 17.950945 -16.207998
v 1.154394 17.630802 -16.253798
v 6.796724 18.362864 -16.683743
v 2.956775 20.075628 -16.539951
v 3.615824 21.001835 -16.566303
v -6.806279 21.698324 -16.849245
v 2.943048 25.299419 -16.039059
v 2.082818 25.864321 -16.286879
v 11.431180 -0.204699 -17.003393
v 12.645366 0.158465 -16.740271
v 4.263289 3.115953 -15.522593
v 8.182737 6.654189 -15.558864
v -9.479316 6.871045 -16.316160
v -4.699911 6.983276 -16.294422
v -8.228086 8.423094 -16.171049
v -11.273941 10.863873 -15.934333
v 6.541625 11.533466 -16.370928
v -15.124536 12.640450 -15.629059
v 0.065000 13.167999 -16.948002
v 0.150000 13.167999 -16.684002
v -15.807000 13.467999 -16.684002
v 2.833325 13.943495 -16.226156
v -15.836000 13.600999 -16.684002
v -15.884000 13.767999 -16.684002
v -15.640388 14.281633 -16.633654
v 8.053293 15.062840 -15.633079
v 3.964000 15.083999 -16.684002
v 3.964000 15.267999 -16.756002
v 8.715906 21.182159 -16.139809
v -5.207079 22.260803 -15.898972
v 6.741916 23.760990 -16.046391
v 6.450155 24.735079 -16.706142
v 1.711932 26.558966 -16.005346
v -0.208926 27.963875 -16.532619
v 10.790759 -0.978850 -16.043005
v 5.214779 1.471203 -15.903712
v 11.092828 4.007879 -16.035130
v 10.236707 6.802199 -15.857463
v -12.878148 11.703243 -15.824636
v 0.353889 13.800171 -15.265992
v 9.092391 13.972202 -15.585299
v 3.990168 14.336696 -16.741888
v 3.964000 14.967999 -16.649002
v -10.526196 19.239122 -15.920773
v 6.662636 20.406668 -16.350988
v 4.963092 21.179457 -15.895220
v -10.771000 22.167997 -16.384003
v -9.488150 23.234169 -15.696667
v -7.032794 22.596830 -16.401043
v -4.978964 25.561409 -16.236258
v 4.252076 25.682325 -15.655067
v 10.470229 0.389913 -16.766966
v 11.083291 5.631613 -15.605103
v 7.534692 7.335562 -15.199174
v 2.172581 8.667445 -15.084187
v -10.543032 9.991808 -16.516933
v 7.533195 8.958308 -15.564735
v 8.423322 11.679118 -14.636702
v 9.202092 12.784573 -15.708538
v -17.722628 13.755589 -15.978387
v -17.172541 14.550986 -16.403271
v 3.345588 15.000542 -16.097324
v -15.067849 15.545737 -15.191653
v -0.151346 14.651883 -15.524667
v -16.603344 15.576902 -15.980740
v 2.508999 17.204309 -16.727896
v 7.741635 16.614025 -15.718411
v 0.035000 16.767998 -16.083002
v 8.051971 19.509026 -15.805416
v 4.809582 19.901684 -15.813985
v 8.785028 22.221739 -15.530800
v -10.735000 22.135998 -16.083002
v -10.735000 22.167997 -16.191002
v -8.960807 23.614571 -15.929395
v 1.208684 25.335014 -16.224495
v 6.345972 24.954079 -15.602805
v 0.090138 25.623877 -16.261290
v 0.897243 26.999331 -16.067083
v 12.219194 -1.131121 -16.023113
v 13.138024 0.446582 -16.094969
v 9.151346 0.682991 -14.716292
v 12.401035 2.263674 -15.214105
v 4.378125 1.785047 -15.721537
v 8.569347 1.062371 -15.516278
v 4.741329 4.413567 -15.180930
v -7.201532 8.457614 -16.036316
v -2.826917 8.963812 -14.549198
v 0.419946 9.458008 -14.955097
v 1.604232 9.402976 -15.178180
v 6.808914 10.774449 -15.457386
v 2.829534 14.042861 -15.323598
v -17.499788 15.564359 -15.550459
v -14.073470 15.893435 -15.304891
v 0.022683 16.411417 -14.859560
v -13.431464 17.841646 -15.487532
v 0.065000 16.697998 -15.783001
v 0.065000 16.767998 -15.951001
v 2.191151 16.789392 -14.832602
v 7.970709 18.090712 -15.550989
v 9.309811 20.440811 -15.332016
v -5.617017 23.853813 -15.553505
v 7.493996 23.704342 -14.923206
v -7.192856 23.827328 -15.610647
v -8.366124 25.018972 -15.950886
v 0.109301 24.561169 -15.613503
v -0.603967 26.170834 -15.587100
v -2.607070 26.416855 -15.176357
v -1.654019 27.175982 -15.403079
v 1.687636 -10.332697 -15.436460
v 1.155531 -9.478296 -15.691341
v 10.333723 -0.496003 -15.042452
v 10.003322 6.249216 -14.035365
v -8.645026 7.503109 -14.729621
v -4.735000 7.403999 -15.483001
v -4.544000 7.467999 -15.483001
v -4.435000 7.467999 -15.539001
v -14.077470 8.898428 -15.490415
v -12.191503 7.982689 -15.571299
v -5.925958 7.657638 -14.926128
v -1.122470 8.904599 -14.694399
v -12.273134 10.919687 -15.124595
v -12.819163 12.014470 -14.806428
v -14.390995 12.915398 -14.829089
v -16.867048 12.732452 -14.993137
v -15.584865 12.817557 -14.200713
v 1.050386 17.151447 -14.725374
v -11.168001 18.691685 -14.736744
v -6.097224 19.193514 -15.729112
v -10.729212 20.305811 -14.624345
v -9.661331 22.956358 -14.834749
v -6.248524 25.471214 -14.899013
v 1.241204 24.418228 -15.447812
v 2.008446 25.242859 -15.244334
v -8.646430 25.848450 -15.374434
v 4.933196 25.404661 -15.004258
v -0.057691 -10.151056 -15.281373
v 2.734194 -8.608595 -14.626727
v 0.193577 -8.841888 -15.233044
v 11.724393 -1.098791 -14.692164
v 12.975255 -0.260108 -14.929976
v 12.450936 2.193199 -13.975593
v 3.711066 1.465137 -14.922668
v 10.334413 4.450273 -13.747356
v 8.310339 6.260112 -14.508502
v -10.049105 6.448664 -14.484947
v -12.043103 7.467061 -15.180909
v -12.772040 9.531894 -14.949578
v 2.168074 14.244638 -14.598914
v 2.842605 15.265887 -14.949756
v -15.998636 16.120419 -14.657904
v -12.274638 18.759613 -14.246177
v -6.832395 18.293804 -15.141047
v -4.815937 20.625481 -14.620397
v 8.706000 19.767998 -15.184002
v -6.235000 20.041998 -15.184002
v -6.123000 20.067999 -15.184002
v -5.935000 20.067999 -15.215002
v -10.544930 21.994917 -14.835293
v 9.555195 21.535559 -14.423527
v 9.022000 22.167997 -15.184002
v 8.338072 22.900129 -14.052453
v -9.704112 25.046097 -15.277905
v -0.708931 25.178621 -15.076919
v -5.545578 25.293722 -15.340607
v -4.345543 26.358103 -15.027800
v 2.273827 26.405409 -15.169881
v 0.789407 -10.962363 -15.183303
v -0.184610 -10.836056 -14.466949
v 6.600989 0.187085 -13.464602
v 7.513995 0.744195 -14.005047
v 10.956242 3.142166 -13.668314
v 10.409319 5.815507 -14.024946
v 3.321016 7.062907 -15.016418
v -14.085407 7.119831 -15.454735
v -15.065343 8.125899 -14.989858
v -5.625597 8.206166 -14.374401
v -3.886178 8.661652 -14.946378
v -0.284323 9.148971 -13.861625
v 7.793808 9.820224 -14.206977
v -12.593522 11.148769 -13.977902
v 9.144660 12.951644 -14.496928
v 8.137438 14.707391 -14.429045
v 0.773648 15.573154 -14.377094
v 7.870878 15.470301 -13.803730
v -4.190044 19.119822 -14.626247
v -7.255906 19.632757 -14.770198
v 8.765000 19.705997 -14.884002
v 8.765000 19.767998 -15.057002
v -6.235000 20.311998 -14.884002
v -6.097000 20.367998 -14.884002
v -5.935000 20.367998 -14.949002
v 9.065000 22.167997 -15.059002
v -10.276305 22.830593 -14.104756
v 9.065000 22.226997 -14.884002
v -0.094350 24.484652 -14.337281
v 1.805219 24.809305 -14.284295
v 8.256746 25.388441 -14.266345
v 5.574100 25.535494 -14.603707
v 6.186000 25.467999 -14.884002
v 6.364000 25.467999 -14.929002
v 7.164970 25.976042 -14.642280
v 3.934942 26.776812 -14.821444
v 2.903000 26.667997 -14.884002
v 3.065000 26.667997 -14.922002
v -1.666224 26.988441 -14.491803
v 2.101174 -10.834901 -14.533674
v -0.651633 -9.440408 -14.174650
v 3.267989 -9.216488 -14.515503
v 0.861624 -8.055517 -14.520042
v 12.537314 0.460619 -14.000802
v 2.632717 3.299270 -14.226455
v 3.898090 4.853918 -14.231614
v 7.318773 7.361292 -14.168646
v -10.848951 7.024483 -14.067638
v -4.823116 9.626082 -14.164147
v -18.160458 13.455643 -14.705132
v 1.631788 15.788090 -14.285299
v -6.548593 17.401417 -14.014769
v -5.430387 18.054550 -15.320823
v -14.364310 17.339087 -14.155557
v 9.090203 20.118130 -14.046194
v -6.031022 20.901617 -14.181081
v 8.049015 23.649027 -13.842091
v -10.318828 24.249891 -13.984043
v 6.065000 25.467999 -14.846002
v -9.038578 25.971529 -14.334476
v -3.267183 26.402756 -14.287071
v -0.836000 26.310999 -14.583002
v 2.765000 26.667997 -14.836002
v 2.963977 27.361990 -13.946210
v 0.593396 -11.313600 -13.631023
v 3.645938 -10.065118 -13.646626
v 1.847239 -6.912146 -14.214362
v 11.716784 -0.250455 -13.801573
v 2.788325 7.702497 -13.593787
v -11.783755 7.185911 -13.942986
v -14.988916 9.023858 -14.376173
v -2.251549 8.819094 -14.135592
v -14.134592 9.876876 -13.420862
v -16.996489 11.499338 -13.746617
v -18.260756 11.982540 -14.027045
v 8.561275 16.391430 -13.031327
v -7.427857 18.263994 -14.053763
v -4.031034 18.788933 -13.878540
v -11.255582 22.418028 -14.030516
v -0.352980 26.091051 -13.712590
v 4.965113 26.715061 -13.541580
v -0.836000 26.367998 -14.437002
v -0.792000 26.367998 -14.283002
v -0.426400 -10.144690 -13.308587
v 0.031784 -8.305084 -13.354355
v 4.025068 -3.286363 -13.994601
v 4.536496 -2.085411 -14.500371
v 3.664000 -2.293001 -13.983000
v 3.599000 -2.132001 -13.983000
v 4.878290 -0.217559 -14.210567
v 6.151341 -0.639820 -13.358557
v 10.693486 0.139931 -12.481605
v 9.380326 1.481552 -12.581741
v -8.633375 6.613284 -14.002434
v -14.813684 6.611067 -14.213573
v 8.269710 6.572198 -13.451226
v -6.546113 7.162368 -14.069285
v -7.602940 7.923488 -14.284804
v -15.351167 7.635921 -13.630020
v 9.544768 10.536978 -13.311378
v -18.268764 14.954618 -13.771056
v -17.594025 15.800576 -14.071347
v -5.064598 17.487421 -13.516883
v 8.240842 18.430668 -13.700308
v -7.301954 20.080145 -12.791474
v -5.160779 20.920311 -13.556365
v -12.937138 22.957491 -14.043661
v -11.320600 24.070648 -13.742792
v -9.717427 25.216825 -13.138375
v -5.408728 25.430363 -14.254045
v -3.990001 25.707510 -14.009726
v 1.611570 25.856546 -13.590379
v -7.251488 26.219675 -13.557096
v 7.528574 26.350187 -13.471273
v 2.204128 -10.939692 -12.835159
v 3.935148 -8.418800 -13.043364
v 3.954296 -6.121385 -12.715245
v 1.863860 -5.940750 -13.135421
v 4.011484 -4.857937 -13.104893
v 5.748869 -4.128371 -12.990697
v 3.152041 -3.728946 -13.366615
v 5.677199 -2.076046 -14.167067
v 3.408000 -2.432001 -13.684000
v 3.664000 -2.432001 -13.932000
v 3.364000 -2.285001 -13.684000
v 3.319000 -2.132001 -13.684000
v 6.353984 -2.097043 -13.263581
v 3.619488 0.328890 -13.846605
v 12.833354 2.301515 -13.079611
v 2.104044 3.563481 -13.361193
v -10.098094 4.991717 -13.897548
v -8.329100 5.326972 -13.449514
v -6.825502 5.601253 -13.646625
v -12.722875 6.251046 -13.399358
v -5.856613 8.065507 -13.381429
v -16.203548 11.617223 -12.755266
v -18.815681 12.930323 -12.897668
v 9.210453 14.144092 -13.477149
v -15.608480 17.203018 -13.916412
v -12.641096 24.652458 -13.495559
v 8.287253 24.982208 -12.525971
v 0.443508 25.572208 -13.277196
v -2.749915 27.185680 -13.123660
v 6.251406 27.114792 -13.035802
v 0.548749 -6.865349 -13.609287
v 3.115000 -2.432001 -13.384000
v 3.065000 -2.286001 -13.384000
v 3.007000 -2.132001 -13.384000
v 2.631450 -0.947139 -13.629624
v 2.919218 4.709422 -12.690337
v -9.713902 4.200511 -12.859475
v -7.148933 5.049424 -12.964989
v -14.483205 5.437095 -13.419801
v -11.036000 5.859999 -13.384000
v -11.084000 5.967999 -13.384000
v -5.182343 6.162999 -12.297725
v -0.849959 6.863877 -13.519110
v -1.100689 8.100486 -13.604903
v -1.965120 8.081567 -13.372792
v 7.885012 9.120939 -13.025623
v -5.307343 9.082224 -12.547815
v -2.586823 8.993864 -12.989102
v -13.417553 10.125325 -13.579585
v 9.732971 11.975040 -13.100240
v -15.479370 18.248310 -13.224219
v -5.918918 17.485281 -12.882767
v -4.605239 18.243269 -12.849388
v -14.636000 18.191998 -13.384001
v -14.452000 18.267998 -13.384001
v -14.336000 18.267998 -13.412001
v -13.045199 18.657064 -13.545996
v -7.275435 18.915850 -12.305931
v -6.351916 20.197954 -12.122581
v -5.196952 24.287903 -12.931520
v -0.903824 27.243776 -12.812106
v 3.406890 27.108744 -12.952136
v 0.872595 -10.529445 -12.629029
v 2.973599 1.191757 -13.027930
v 12.736675 1.194481 -12.532299
v 0.697507 4.064031 -13.213428
v -10.756989 4.554240 -12.531802
v -15.758770 5.813501 -13.228845
v -11.692554 5.943554 -12.866071
v -11.036000 5.667999 -13.310000
v 11.719841 5.354875 -12.325722
v 10.982607 6.847852 -12.859395
v -2.132088 6.363642 -12.915224
v -15.941310 7.359471 -12.564224
v 8.173135 7.557660 -13.011344
v 0.412952 8.360632 -13.130518
v -4.282311 9.661692 -12.825121
v -17.881170 11.782496 -12.518588
v -14.416117 12.664936 -13.735905
v 10.022948 16.005188 -12.421637
v -18.063749 15.752355 -12.315692
v -14.405872 19.191156 -12.520874
v 7.913167 18.752031 -12.358574
v -4.435000 19.621998 -13.083002
v -4.435000 19.767998 -13.120002
v -11.218112 21.687408 -13.596198
v 8.714391 21.022396 -12.669430
v -12.164884 21.122452 -13.186594
v -13.933803 23.312983 -13.297622
v -11.352090 25.031103 -12.459714
v -3.816698 24.635569 -12.513478
v 8.067137 25.817469 -12.555212
v -6.793891 25.706547 -12.589780
v 1.845706 26.196465 -12.679790
v 4.578302 26.742115 -12.715256
v 3.223024 -10.328821 -12.479151
v 0.726048 -9.230664 -12.029666
v 0.086136 -7.450725 -12.303110
v 4.582262 -7.938351 -12.242716
v 0.819384 -6.246745 -12.167926
v 3.307311 -4.767900 -12.950363
v 2.310699 -3.712115 -12.143392
v 1.822000 -1.232001 -12.783000
v 1.864000 -1.092001 -12.783000
v 1.899000 -0.932001 -12.783000
v 6.394266 -0.189865 -11.898865
v 8.426237 1.508062 -12.141990
v 1.579156 2.669010 -13.078460
v 11.097922 3.569961 -12.604567
v 0.000908 5.518563 -12.288489
v -14.086743 5.100703 -12.338367
v -12.624409 6.113980 -12.162445
v 0.767757 7.652391 -12.475200
v 8.589951 8.892672 -12.424724
v -14.307000 10.467999 -12.783001
v -14.336000 10.632999 -12.783001
v -14.336000 10.767999 -12.810001
v 10.275572 13.386441 -11.472211
v 10.486652 14.745014 -12.523020
v -5.636000 17.628998 -12.783001
v -5.481000 17.667997 -12.783001
v -5.336000 17.667997 -12.848001
v 7.698560 17.439489 -12.105769
v -4.435000 19.467999 -13.057002
v -4.521677 20.211853 -13.158419
v 7.366264 22.351515 -12.205728
v 7.221614 23.449745 -12.192928
v -13.035724 24.930767 -12.205758
v 1.042842 26.282249 -12.151731
v 7.565000 26.315998 -12.783002
v 4.992765 -5.007699 -11.750624
v 1.724189 -1.569845 -12.742354
v 6.635748 -1.703229 -11.680496
v 7.953142 0.707638 -11.458625
v 2.062062 1.279615 -12.533587
v 0.188131 1.681031 -12.966696
v 14.162237 3.090677 -12.449129
v -0.317482 4.454707 -12.227106
v 1.644021 5.494887 -12.147799
v 3.505192 5.628128 -13.061193
v -5.477207 5.434989 -11.375601
v -16.010864 6.174523 -11.961221
v -4.276667 7.260361 -11.638928
v 10.267560 7.929291 -12.176654
v -14.499656 9.729906 -11.968992
v 10.775768 10.418203 -13.034511
v 11.508289 10.288511 -12.160955
v -14.636000 10.599999 -12.483001
v -14.636000 10.767999 -12.540001
v -15.687643 11.236580 -12.133607
v 11.282595 11.609884 -12.177786
v 10.556630 12.615816 -11.302479
v -17.742105 14.053581 -11.863012
v -5.581286 18.936749 -11.891579
v -4.997000 19.468000 -12.483002
v -5.036000 19.580999 -12.483002
v -5.036000 19.768000 -12.553002
v -13.100000 21.340117 -12.613738
v -13.871449 23.897556 -11.517657
v -5.543653 23.682402 -12.323405
v 3.475613 25.943165 -11.992693
v 7.565000 26.368000 -12.618002
v 7.621000 26.368000 -12.483002
v -2.461786 27.215414 -11.927789
v 5.490946 26.984146 -11.689679
v 2.164000 -10.567001 -12.183999
v 2.356000 -10.532001 -12.183999
v 2.464000 -10.532001 -12.212999
v 1.898440 -10.154912 -11.713523
v 3.018907 -9.202364 -11.499949
v 1.324314 -4.276794 -11.726542
v 5.730660 -3.469700 -10.336709
v -0.324075 -2.571178 -11.929163
v 0.429309 -2.028440 -12.673153
v 9.942261 -0.143003 -11.449998
v 11.595471 0.939441 -11.321939
v -0.845390 2.351563 -12.525625
v 14.675882 1.626894 -11.474873
v 13.584536 4.545486 -11.597136
v -15.158717 5.564372 -11.398232
v -0.780428 5.521338 -12.175610
v 11.860079 6.246827 -11.881690
v 0.879762 6.139553 -11.968122
v 1.689755 8.026160 -12.645677
v -3.059782 7.280025 -11.759988
v -15.599000 7.767999 -12.184001
v 10.276579 8.983378 -12.187628
v -14.636000 10.467999 -12.415001
v -17.239618 17.150930 -12.079104
v 8.283419 16.578594 -11.631980
v -17.694427 18.235125 -11.320852
v -15.225344 19.513088 -11.301224
v -14.061231 22.797493 -11.576255
v 0.477801 24.009556 -12.281727
v 1.799988 24.933739 -12.467388
v 2.653821 24.333269 -11.970868
v 0.131388 27.708927 -11.514093
v 7.171476 26.882156 -12.212632
v 0.846097 -7.980509 -10.849391
v 4.628110 -6.542284 -11.504904
v 6.349000 -2.132001 -11.884000
v -0.562000 -0.812457 -11.326401
v 1.174298 -0.258329 -12.051448
v -8.320804 4.541299 -11.730175
v -6.718571 5.018338 -11.545167
v -11.040424 5.884725 -10.987785
v -13.355149 5.937569 -11.127528
v -15.655040 7.186987 -11.392877
v -15.536000 7.714999 -11.884001
v -15.536000 7.767999 -12.010001
v -14.510619 7.853707 -11.094538
v -16.309790 12.200913 -11.672584
v -17.980408 12.843223 -11.828639
v -17.497784 15.165964 -11.331963
v 8.939054 21.169596 -10.754923
v 0.392734 22.789320 -12.126421
v -0.586028 23.220016 -11.827972
v 1.588993 22.792343 -11.417672
v 1.616737 24.036818 -11.745475
v -0.340089 24.494097 -11.662453
v -6.935411 24.063156 -11.647532
v -7.949350 23.949337 -11.440588
v 0.759002 24.869606 -11.671827
v -10.487570 25.847498 -11.519834
v 7.928804 26.988317 -10.969832
v 5.637842 -4.395357 -10.772661
v 1.011888 -3.581393 -11.751518
v 6.364000 -2.154001 -11.583000
v 6.364000 -2.132001 -11.737000
v 14.464000 3.496999 -11.583000
v -9.887822 4.801674 -11.105652
v 13.617945 6.060488 -11.271759
v -0.973929 5.609418 -11.032469
v -1.769298 5.916026 -10.567566
v 13.137494 6.668152 -10.803267
v -3.643944 8.242908 -11.656289
v 11.014046 8.403876 -10.271111
v -13.847894 8.734187 -10.908095
v -16.023615 13.458226 -11.649340
v 10.580317 15.211051 -11.162663
v -17.000532 16.098269 -11.127892
v -16.765324 18.858595 -11.867613
v -18.081678 20.117477 -11.917810
v -15.586320 20.592762 -10.645782
v 8.361712 22.206671 -10.332432
v -4.782694 23.455404 -11.652946
v -4.061968 24.270674 -11.136628
v -11.884597 24.969250 -11.633039
v -8.507501 25.240562 -12.179382
v -3.516260 25.926161 -11.643335
v 8.681941 25.296928 -11.136189
v -9.393125 25.533346 -10.957670
v -1.021985 27.904070 -11.157205
v 4.184546 -7.961545 -10.320354
v 5.517752 -5.748691 -10.547101
v 0.878427 -5.527633 -10.456110
v 6.713568 -2.592438 -10.098436
v 9.239937 -1.840627 -11.426386
v 7.573658 -1.782405 -11.161611
v 7.615901 -0.435716 -11.145446
v 8.968863 0.414186 -11.096850
v -1.006750 1.077989 -11.695680
v 13.347191 0.641946 -9.795608
v -0.623297 4.528841 -10.649090
v 14.464000 3.567999 -11.444000
v 14.511000 3.567999 -11.283000
v -4.099010 7.302917 -10.886374
v 11.251004 7.080269 -10.354429
v 12.143764 9.665499 -10.610961
v -15.409466 10.752622 -10.529690
v 12.466717 10.809339 -10.525521
v -6.094721 14.948985 -11.149747
v 7.752573 18.395163 -10.531953
v -18.755461 19.035574 -11.170266
v -17.379585 21.312628 -11.343749
v -17.156691 22.509411 -11.384112
v 0.279787 22.043200 -11.045249
v -6.715995 23.747255 -10.983416
v 2.146379 23.809822 -10.657339
v 7.693101 23.627459 -10.527582
v 0.773135 26.662708 -10.626289
v 2.525693 -8.300197 -10.248974
v 9.171952 -2.835594 -10.787873
v 10.856936 -0.358858 -11.091921
v -1.742036 0.270612 -11.175414
v 15.364655 2.191670 -11.150105
v -4.434590 2.371498 -11.308280
v -5.368254 4.462940 -10.854475
v -14.925976 13.134302 -10.151020
v -16.013159 14.771912 -10.793819
v -7.010120 15.724405 -11.474474
v -6.028635 16.560862 -11.385312
v 9.440012 15.895516 -10.248350
v -7.873892 17.124596 -10.599411
v 9.022675 19.809387 -11.057841
v -19.226074 19.842880 -10.596978
v -18.533688 21.258652 -10.572218
v -13.639368 21.118332 -11.443808
v -15.092444 22.331839 -10.731089
v -1.112586 23.246475 -10.798415
v -13.357089 23.398281 -10.342604
v -12.543438 23.676567 -9.707693
v 4.056574 24.566610 -10.514963
v -0.155978 25.794609 -9.227344
v -11.710000 24.868000 -10.983002
v -3.769871 25.985603 -10.052401
v 4.661861 -7.422393 -9.652515
v 0.917444 -4.217419 -10.030337
v 11.569921 -1.588364 -10.377474
v 11.929043 0.122443 -10.016289
v 16.008572 0.796530 -10.314933
v -5.271810 1.177884 -10.032571
v -5.841683 2.547284 -11.145317
v -3.435788 1.801681 -10.215069
v -3.447131 3.563874 -10.518579
v -6.189893 4.126361 -10.701581
v 14.340769 4.160610 -9.804202
v -9.564327 4.613701 -9.934260
v 14.166299 5.664435 -9.709119
v -12.757858 5.917914 -10.137547
v -14.161433 6.622428 -10.493450
v -13.903257 8.103543 -9.878853
v -14.101078 10.126552 -10.637500
v 11.981882 11.835152 -10.279974
v -15.362507 11.589878 -10.000215
v -8.153992 16.026386 -10.310214
v -16.706602 17.385181 -9.966646
v -6.005765 17.702803 -10.593737
v 7.930332 17.327457 -9.876669
v -18.913919 18.781019 -9.945215
v 1.340601 22.264454 -10.442512
v -18.333258 22.829315 -10.594292
v -16.714268 23.767340 -10.492253
v -4.743167 23.880529 -10.321187
v 8.365528 25.155336 -9.745645
v -11.636000 24.809000 -10.684002
v -11.636000 24.868000 -10.847002
v -10.835828 25.245584 -9.722226
v -2.394406 26.527231 -9.676905
v 6.277399 27.089191 -10.517817
v -1.286129 27.551195 -9.641034
v 3.327152 -7.679729 -9.346732
v 0.655412 -6.491304 -9.587981
v 11.238408 -2.276745 -9.793350
v -2.133610 -0.594949 -9.997202
v 14.204244 0.782261 -10.842231
v 16.332428 2.165463 -10.167687
v -4.881899 5.362167 -9.985394
v -6.932948 4.184601 -9.607442
v -2.552510 6.646050 -10.094265
v 9.470037 13.332142 -10.169076
v 9.325557 13.983081 -9.558866
v -15.421783 15.934523 -9.976780
v -4.418951 16.160891 -9.799105
v -7.220258 18.111988 -9.384690
v -17.612785 18.103859 -10.195695
v 0.655490 21.883608 -10.297853
v -15.357527 23.257063 -10.205025
v -8.419420 24.174459 -10.022538
v -6.402987 24.036510 -10.129414
v 4.056442 23.959225 -9.732939
v -0.246473 27.350357 -9.480780
v 0.996531 -8.384132 -9.404693
v 6.959633 -5.722107 -9.921789
v -2.373982 1.181932 -10.208424
v -6.198449 1.834931 -9.965122
v -1.501840 3.055235 -10.516160
v -2.011956 4.751269 -10.014295
v -8.571030 4.590971 -9.153774
v -3.810947 6.548536 -9.709431
v -12.655903 10.071076 -9.621308
v 11.561768 9.268221 -9.186753
v 10.082590 12.489752 -9.736901
v -7.414111 14.731531 -10.603438
v -4.311298 15.484516 -9.314104
v 0.099841 17.681721 -10.310259
v 7.006363 19.166344 -9.127579
v -18.697950 22.766068 -9.546880
v 7.859335 23.432760 -9.535274
v -0.979381 23.734844 -9.400152
v -17.835762 23.946182 -9.475806
v -14.585214 23.678913 -10.190223
v -17.079535 25.254135 -9.842030
v -16.056623 25.037701 -10.257656
v -10.396976 25.316761 -9.579591
v 6.279758 26.407393 -9.536253
v 7.129988 -4.089461 -9.336197
v 9.820471 -2.887683 -9.672140
v -2.649494 0.349909 -8.809543
v 14.937189 -0.055381 -9.282910
v -3.332395 1.380078 -9.150264
v 15.810191 3.426271 -9.305917
v -3.215353 5.579065 -9.359489
v -10.307686 6.202573 -8.932916
v -11.658192 6.405254 -9.317707
v 11.479374 7.198718 -9.115321
v 11.125734 8.036405 -9.155090
v -13.363299 11.305103 -9.599065
v -13.312876 13.822289 -9.245919
v -5.348160 14.367867 -8.369328
v 9.586929 14.433458 -8.849651
v 0.216790 15.742216 -9.644238
v 1.367840 16.996777 -10.157407
v -0.815846 16.788925 -9.908692
v -14.837725 16.902899 -9.893718
v -16.392803 18.634321 -8.990812
v 2.794801 21.104769 -9.882311
v 3.884612 21.634655 -9.504649
v -7.883551 24.638775 -8.982196
v -15.187887 25.287203 -9.503405
v 4.849734 24.942871 -9.171764
v 2.080760 -8.570858 -9.212032
v 7.456873 -6.437004 -8.695667
v 7.761503 -3.165703 -9.438355
v -0.797011 -2.936360 -9.516447
v -0.873437 -2.047279 -10.170969
v -2.492122 -1.939747 -9.722118
v 12.443574 0.020149 -8.883536
v 15.448897 0.186803 -8.843991
v 10.168873 1.676000 -9.468339
v 14.694463 5.602532 -9.203258
v -12.792982 6.821165 -8.938599
v 13.097681 5.835374 -8.433274
v 12.160149 10.904943 -8.935009
v 10.716992 12.331814 -8.797832
v -14.888972 14.571997 -9.043773
v -8.036304 16.169304 -8.706904
v 1.032157 15.358489 -8.913925
v 9.530746 16.198824 -8.577499
v -8.073127 17.133497 -8.578987
v 2.710843 17.662823 -8.687080
v -1.123379 17.853884 -9.686439
v 7.577926 17.224817 -8.722257
v 8.983231 16.769310 -8.914700
v 6.887641 17.976871 -8.921617
v -15.118686 18.486498 -9.244379
v -18.039600 18.891607 -8.803463
v 8.654044 20.543743 -9.253220
v -18.779463 21.226425 -8.871529
v 1.647924 20.207209 -8.925062
v 8.425779 22.323969 -8.567732
v 2.767787 23.051266 -9.240485
v 8.756230 22.734629 -8.706010
v -9.377234 24.635544 -9.013711
v -6.536000 24.797001 -9.483002
v -6.396000 24.868000 -9.483002
v -6.235000 24.868000 -9.540002
v -16.471916 25.915995 -8.927000
v -4.286042 26.484215 -9.446461
v 6.461617 -9.222056 -9.416500
v 0.425302 -7.789275 -9.731486
v 6.290809 -7.172216 -9.086906
v -0.761381 -7.396341 -9.120187
v 4.091900 -8.129819 -8.505714
v 7.505349 -5.620606 -8.463709
v -1.443811 -4.990295 -8.782517
v 9.237108 -2.519465 -7.918012
v 12.118326 -1.489049 -8.589808
v 9.661736 0.629671 -9.326091
v 8.949742 1.484123 -9.623314
v 16.219320 1.278821 -9.016368
v -4.288615 1.761623 -8.236325
v 9.789098 2.704075 -9.125559
v 16.091702 3.148514 -8.831221
v 16.305849 5.499652 -9.271695
v 1.021477 5.866920 -8.373451
v -0.491588 6.821209 -9.476838
v 0.807741 7.130425 -9.180539
v 12.450441 6.754315 -8.627258
v -13.185383 7.820961 -8.828328
v -12.896775 11.124553 -8.741196
v -12.379725 12.345740 -8.484701
v 9.914249 13.102781 -8.641851
v -6.269687 14.039045 -8.598381
v -12.607393 14.781224 -9.353663
v -13.859424 16.446312 -9.291842
v -1.268925 16.627926 -8.756890
v 2.140906 16.474428 -8.712583
v 2.356729 18.486481 -8.838414
v -0.752720 18.877285 -8.465090
v 0.174855 19.103626 -9.034792
v 1.514208 19.417799 -8.535152
v -18.763872 19.959061 -8.865520
v 3.325758 20.253565 -9.410690
v -0.215977 22.669592 -8.745593
v 3.693524 22.537271 -8.786162
v -12.493423 24.146910 -8.734805
v -4.639307 25.245832 -9.476272
v -0.122572 25.388422 -8.612703
v 8.532197 24.973824 -9.175467
v -3.017222 26.802923 -8.757754
v 5.328494 -9.600924 -9.011059
v -0.281106 -9.917045 -8.585076
v 4.946117 -8.327996 -9.376719
v 7.439392 -7.549618 -8.523119
v 11.597025 -8.997627 -8.844937
v 11.589742 -7.353393 -8.941445
v -0.092265 -5.267358 -9.549855
v 7.294576 -3.593054 -8.722008
v -1.735000 -3.445001 -8.884000
v -1.776000 -3.332001 -8.884000
v -3.342874 -1.800243 -8.923518
v 8.274269 0.823409 -9.084101
v 10.920988 0.737978 -8.374613
v -6.186042 2.168545 -8.611382
v 11.074920 1.837687 -8.323032
v -6.671916 2.789057 -9.229392
v -7.970959 4.217525 -8.852752
v 17.323269 4.534945 -8.272242
v -0.764185 8.526271 -8.669246
v -11.792516 15.517706 -8.605506
v -7.176485 14.718489 -7.921926
v -12.777373 16.001331 -8.752948
v 0.030626 15.593827 -8.231163
v -4.661507 16.902969 -8.773325
v -0.075654 21.055183 -8.976102
v -0.075132 21.635704 -8.296404
v 3.922000 22.167999 -8.884002
v -13.820993 24.151741 -8.351426
v 3.538314 23.916706 -8.170839
v 9.838822 23.793976 -8.401278
v -15.791825 25.769297 -8.250292
v 6.007687 26.122938 -8.734800
v 6.951955 26.167593 -8.991891
v -5.431272 27.607964 -8.405640
v -1.523435 -8.966172 -8.453236
v 1.107417 -9.142868 -8.437288
v 7.856605 -8.643140 -8.612992
v 9.925723 -8.573480 -8.681342
v 10.240818 -7.223777 -8.611226
v 8.656789 -7.491622 -8.856599
v 12.770298 -7.505952 -8.229126
v 9.176308 -6.624389 -8.488290
v -1.791522 -6.406354 -8.666447
v -2.187296 -3.143877 -8.513441
v -1.735000 -3.632001 -8.823000
v 15.062153 -3.375913 -8.603206
v 14.455549 -2.293476 -8.887025
v 10.784328 -2.150869 -7.977146
v 15.740471 -2.065196 -8.732018
v 11.503320 -1.579327 -7.555593
v 15.053240 -0.847521 -8.722629
v 15.006087 0.187627 -7.862699
v -3.512488 1.262673 -7.806468
v 7.886065 2.439552 -8.794447
v 17.056814 5.954652 -7.896520
v -8.806717 6.666254 -8.002975
v -0.630792 5.624402 -8.939256
v 15.821750 6.556094 -7.955503
v -11.212400 14.263670 -8.142873
v 2.133000 16.468000 -8.583001
v -13.058040 17.442795 -7.832304
v 7.818053 19.618490 -8.080107
v 4.087805 20.562252 -8.290679
v 4.201147 21.875847 -7.738041
v 3.964000 22.167999 -8.745002
v -17.546106 23.131617 -7.613448
v 3.964000 22.224001 -8.583002
v -14.618165 24.850815 -8.139699
v 10.091311 24.563902 -7.937090
v -8.695778 25.185646 -8.095979
v -11.781525 26.321342 -8.276181
v -10.455015 26.518665 -7.988001
v -6.350222 26.826916 -8.811124
v -2.960466 28.781214 -7.765442
v 7.425468 -12.612598 -8.598190
v 5.450943 -12.380447 -8.494479
v 12.731092 -9.038332 -7.473238
v -1.708483 -7.786341 -7.805761
v 8.116618 -6.234213 -8.134136
v 11.824502 -6.220246 -7.388749
v 16.542509 -2.537645 -7.954491
v 13.211823 -1.832165 -8.242103
v 15.546299 -0.657478 -8.194633
v -3.150852 -0.588302 -7.390756
v 10.725283 2.666910 -7.273309
v -7.831406 2.976752 -8.090126
v 8.904638 3.281036 -7.777326
v -8.276606 5.686452 -7.389305
v -11.789318 6.366227 -7.852859
v -1.948361 6.848042 -8.392623
v 1.235896 7.261527 -7.506581
v -1.910390 7.866432 -8.051334
v 0.236040 8.549176 -7.840786
v -12.747271 9.108724 -7.507569
v 12.308143 10.846523 -7.919268
v -12.558000 11.967999 -8.283001
v 1.901786 15.856392 -7.323402
v 2.164000 16.468000 -8.458001
v 2.221000 16.468000 -8.283001
v 7.414995 18.264399 -7.669730
v -17.131748 18.610886 -7.509103
v -14.622414 19.378130 -8.044608
v 2.633741 19.922844 -7.803862
v 7.365165 20.630875 -7.505834
v 0.397890 24.149805 -7.525171
v -17.530472 25.069647 -8.207115
v 9.329358 25.527468 -7.734029
v 0.387823 27.551331 -7.844471
v -3.889546 27.737135 -8.114122
v -0.785401 28.578642 -8.355592
v 7.583576 -13.997135 -8.065296
v 8.519819 -12.966972 -7.899149
v 5.540776 -10.732421 -8.141658
v 6.842927 -10.755886 -7.972572
v 8.312099 -11.329192 -7.599292
v -1.157194 -9.927399 -7.512918
v -1.679015 -9.110312 -6.990946
v 3.081141 -8.484166 -7.623496
v -2.183923 -6.400805 -7.631596
v -2.535435 -3.080839 -7.261244
v 13.852322 -0.348573 -8.280759
v 7.186789 0.501889 -7.104593
v 10.302883 -0.071600 -6.679338
v 7.608629 2.537956 -7.907668
v -7.052573 2.259067 -7.635282
v 7.700222 4.314815 -7.802915
v -0.748757 5.543021 -7.518758
v 0.425417 5.622584 -7.381456
v 13.003584 6.939511 -7.167047
v -9.424062 7.050497 -7.519738
v -12.708379 7.404705 -7.532418
v -1.187539 8.549901 -7.363672
v 11.959027 9.219527 -7.503458
v -13.393955 10.391140 -6.963336
v -12.536000 11.915999 -7.983001
v -12.536000 11.967999 -8.158001
v 10.924691 15.270529 -7.745299
v 9.198729 17.285505 -7.607135
v -12.980091 18.293516 -7.182060
v -1.680938 17.885553 -7.096463
v 2.688793 18.378841 -7.786514
v -18.379051 19.707064 -7.269720
v -1.624382 19.271183 -6.817038
v 1.906018 19.109228 -7.501155
v -8.510622 20.916540 -8.090814
v -17.220364 21.658499 -7.269156
v 0.918948 22.874126 -7.442140
v 2.794749 23.110378 -8.275103
v -12.887747 25.929625 -6.945032
v 3.909245 26.141092 -7.634384
v 8.070663 25.890884 -7.147698
v -8.181052 26.427883 -6.814956
v 6.847707 26.777279 -7.483194
v -7.315821 28.094629 -7.617314
v 6.537044 -14.285881 -7.324306
v 5.180130 -13.402932 -8.041156
v 4.340311 -12.475746 -7.758012
v 0.725819 -10.195874 -6.854318
v 1.995256 -9.194593 -6.970903
v 11.522037 -9.591795 -7.525650
v 9.654475 -6.111802 -7.137716
v -2.115688 -5.262342 -7.042382
v 6.654711 -5.523627 -6.803426
v 6.486920 -4.427658 -6.792771
v 7.171653 -3.119299 -7.618810
v 15.492496 -3.907772 -7.412577
v 13.460026 -3.349850 -7.454162
v 16.264999 -1.294001 -7.684000
v 15.462101 2.654690 -7.155890
v 7.118418 3.603551 -7.835955
v -8.102106 3.534504 -6.806117
v 13.909740 6.061317 -7.116823
v -12.876758 11.677135 -6.980264
v 11.957844 11.821467 -7.302828
v 11.322826 12.852937 -7.290873
v -5.667141 15.393454 -7.284735
v -6.788439 15.616081 -7.388608
v -11.496466 14.798504 -6.701388
v -6.850638 17.523836 -8.239023
v -1.214946 17.213337 -7.789032
v 1.953135 19.941837 -7.247359
v -7.408833 20.552021 -7.568892
v -17.733986 20.739784 -6.798136
v -8.639870 22.161045 -7.841931
v -9.492390 23.340111 -7.730164
v -8.316755 23.584990 -7.558039
v 9.848036 23.288586 -6.991893
v -16.550968 25.096930 -7.466241
v 1.098666 25.019220 -7.186507
v -9.166421 25.903931 -7.243361
v 5.686719 27.014711 -6.832424
v -4.516418 28.041679 -6.848786
v -1.150400 28.785673 -7.200577
v 4.411034 -13.280373 -6.864137
v 9.324076 -12.324520 -5.875160
v 4.143542 -11.434809 -6.779980
v 9.014640 -9.675757 -7.859829
v 12.917814 -7.999313 -7.015790
v 7.636499 -6.346141 -6.794688
v 12.587965 -1.879998 -7.136601
v 16.906481 -2.215353 -6.743154
v 1.555565 -1.851000 -7.374302
v 2.759512 -1.018443 -7.445883
v 16.264999 -1.232001 -7.535000
v 16.264999 -1.183001 -7.384000
v 15.622000 -0.632001 -7.384000
v 15.845565 -0.641025 -6.706198
v 9.410291 -0.362474 -7.322007
v 11.152721 1.574689 -6.444899
v 15.296706 1.567380 -5.876415
v 7.265000 1.869999 -7.384000
v 7.235000 2.068000 -7.384000
v -4.935788 2.405357 -6.941720
v 16.915581 3.803168 -7.095318
v 8.813363 4.519889 -6.987184
v -1.671130 6.522160 -6.990881
v 15.642130 6.140641 -6.366489
v -10.824070 6.918838 -6.801573
v 12.722873 8.199787 -6.853148
v -11.973000 12.267999 -7.384001
v 12.237078 12.252404 -6.719059
v 0.065000 16.115999 -7.384001
v 2.798213 16.977446 -7.320054
v 9.783712 18.512886 -6.928755
v 8.156991 19.168896 -7.471989
v -1.701292 20.407696 -7.207041
v -9.327853 19.639145 -6.688520
v -8.141272 19.869877 -7.451796
v -9.559439 20.532276 -7.489900
v 0.558250 21.737572 -6.752646
v -10.218935 23.227129 -6.995188
v 1.907381 23.044348 -7.405106
v 2.666277 24.461117 -7.385924
v 1.222653 27.839607 -7.182621
v -6.066139 28.739700 -6.404142
v 0.102681 28.458773 -7.003800
v 8.572038 -14.104677 -6.291476
v 9.331515 -11.311175 -5.970279
v 9.887053 -9.965741 -6.924681
v -1.298831 -7.502348 -6.384699
v 12.176958 -6.227492 -6.660694
v 10.338039 -5.517017 -6.674206
v 11.591886 -5.095789 -7.182469
v 12.926196 -4.003780 -6.903605
v 7.081625 -3.714261 -5.988315
v 13.999994 -3.795215 -6.781806
v 9.230678 -2.588865 -6.937353
v 15.664000 -0.632001 -7.186000
v 15.688000 -0.632001 -7.083000
v 1.859414 0.410258 -7.642095
v 0.209867 0.726694 -6.400898
v 3.135049 0.631793 -6.434619
v 1.773010 1.412074 -6.825448
v 7.265000 1.767999 -7.366000
v 9.540942 3.534209 -6.108733
v 17.050869 5.159277 -6.166961
v 8.011022 4.997794 -6.533074
v -11.672105 7.594723 -6.522997
v -11.935000 12.228999 -7.083001
v -11.935000 12.267999 -7.267001
v 11.942523 15.865861 -6.847199
v 0.065000 16.167999 -7.192001
v 0.096000 16.167999 -7.083002
v -0.544200 17.005125 -5.870505
v -17.365999 19.564554 -6.680390
v -10.604074 21.377550 -6.483531
v -6.905483 21.209425 -6.692039
v -0.861290 21.298971 -6.273697
v 8.645200 22.670525 -6.355539
v -16.727396 23.125477 -6.973637
v -7.370565 23.289892 -6.737755
v -14.852122 24.617586 -7.530239
v -9.545522 25.120749 -6.013327
v -13.826474 24.871435 -7.285190
v -11.071459 26.545780 -6.552149
v 1.204407 26.263594 -6.475046
v 2.626216 28.215096 -7.322618
v 1.152000 28.468000 -7.083003
v 1.265000 28.468000 -7.098002
v 2.370921 29.399725 -7.246541
v -2.331301 29.108215 -6.741626
v 7.908950 -14.560348 -6.262001
v 3.158576 -10.528786 -6.600326
v 0.059006 -9.967686 -6.170752
v 4.032286 -8.988895 -7.229107
v -2.153919 -6.612778 -5.932445
v 10.976460 -3.211632 -6.976526
v 12.085118 -2.701684 -6.595409
v 1.652436 -2.239368 -6.309708
v 3.147268 -1.555787 -6.495298
v -2.632339 -1.472030 -6.043366
v 0.754083 -0.409281 -7.429383
v 7.455184 -0.050262 -5.819595
v 9.390428 -0.133397 -6.171894
v 6.509065 1.662942 -6.279963
v -5.051576 1.670704 -5.717626
v 5.717443 3.244889 -6.499697
v -8.779592 4.467461 -5.926607
v -0.217000 6.832483 -6.298950
v -8.885643 6.454396 -6.270777
v -1.397055 7.521059 -6.517476
v 9.073701 11.838062 -7.079839
v -11.355341 12.768796 -6.659376
v 12.923265 13.528314 -6.850653
v -12.751319 16.259338 -7.293766
v -7.742369 15.453882 -6.612639
v -8.229682 16.520063 -7.027876
v 1.034060 15.762065 -6.548845
v -9.119563 17.157263 -6.611601
v 10.362630 16.980991 -5.846368
v -14.861099 19.338684 -6.349771
v -15.822997 19.564194 -6.965381
v -7.949572 19.621336 -6.326180
v 1.027157 19.674782 -5.604299
v 1.443755 20.820154 -6.356936
v -15.571958 21.209419 -7.049504
v -1.564254 20.380676 -6.175519
v 3.327088 21.350124 -6.980382
v 7.744122 21.063431 -6.447877
v -6.030851 22.221699 -6.629424
v 1.887598 25.464985 -6.288751
v 3.059565 25.658009 -6.355517
v 3.281860 27.042969 -6.761448
v 5.115057 27.766207 -6.609186
v -7.482091 28.290052 -6.512874
v 3.917029 28.996675 -6.503176
v 0.964000 28.468000 -7.052002
v -2.630071 28.859015 -6.029905
v 0.776975 28.785152 -6.512533
v 6.760912 -14.539580 -5.592218
v 5.240774 -13.753372 -5.845142
v 1.560915 -11.574052 -6.132114
v 11.785781 -9.249820 -6.180920
v -2.036000 -6.589001 -6.482999
v -3.138913 -4.219428 -6.478475
v 15.691327 -3.560908 -5.199800
v 17.366852 -0.573925 -5.667237
v -0.066353 -1.006923 -5.947927
v 16.087521 2.483134 -5.820949
v 5.470487 2.707325 -5.307995
v 17.450054 3.807858 -5.756885
v -11.871555 9.836318 -5.206885
v 11.638221 9.377287 -6.739792
v 8.960072 10.091865 -6.689680
v 11.376855 11.297285 -6.295005
v 9.705472 12.880470 -6.263510
v -11.823317 13.294818 -5.501391
v 12.680049 15.713667 -5.688101
v -9.347118 15.231735 -6.607414
v 2.096537 16.452501 -6.151555
v 1.922626 17.844519 -6.128829
v -13.286311 18.082565 -5.772715
v 9.812792 19.056770 -5.777522
v -15.512194 20.102003 -6.608428
v 7.873604 19.972334 -6.178204
v -14.566319 21.609705 -5.969264
v 1.700070 21.808622 -6.401739
v -6.205428 23.283762 -6.297039
v -13.430454 25.477819 -5.650284
v -8.760328 25.700653 -6.594788
v 6.890758 26.223391 -6.114264
v 9.422088 -13.074028 -5.126929
v 4.234596 -12.068684 -6.023357
v 3.299539 -11.510283 -5.672182
v -0.505997 -8.540582 -5.807856
v -2.048000 -6.632000 -6.184000
v -2.036000 -6.632000 -6.283999
v 7.967479 -5.663497 -5.599677
v 17.859720 -1.489447 -5.535393
v 15.871998 0.074278 -5.783069
v -4.435000 1.342000 -6.184000
v -4.435000 1.468000 -6.245000
v -6.311048 2.180079 -6.291173
v 5.925917 5.203043 -5.514893
v 8.504322 4.755037 -5.530891
v 14.521901 6.031743 -5.139072
v 13.246091 6.439308 -5.810133
v -0.169159 8.047186 -6.546146
v 12.675583 7.431468 -5.475482
v 9.965675 9.655909 -6.334432
v 8.195448 9.866465 -5.961731
v 7.968678 11.710090 -6.205157
v 11.362797 11.961616 -5.691556
v 13.586858 12.823875 -5.821603
v -13.356105 15.802037 -6.146111
v -10.071797 15.704557 -5.916540
v -7.181463 16.470257 -5.630282
v -15.672668 23.007166 -6.694639
v 9.674052 24.037474 -6.312486
v -8.109277 24.958780 -6.268949
v 9.551586 25.153267 -6.609226
v -9.624357 25.636765 -6.041125
v 2.328563 26.579729 -6.143007
v -0.070165 27.849463 -5.911503
v 5.309536 28.913528 -5.903236
v 1.409247 29.927135 -5.702299
v 9.678501 -10.107510 -5.414255
v -0.863899 -7.222059 -5.493816
v 11.810644 -7.281806 -4.861138
v 12.718106 -5.872116 -5.317417
v -3.553090 -3.450683 -5.728728
v 17.376724 -2.761178 -5.193460
v -6.360011 -1.558453 -6.005193
v -4.435000 1.168000 -6.112000
v 5.154200 4.274649 -5.101835
v -12.948039 10.739245 -5.603688
v -12.113213 12.005649 -5.233556
v 12.691284 12.060596 -4.617180
v 8.175155 13.213820 -5.149190
v 1.018598 17.076370 -5.614046
v -9.777711 17.221552 -5.423266
v -8.045090 17.583391 -5.655544
v -0.272085 19.042603 -5.401133
v -9.989606 21.130571 -4.550182
v -5.706946 21.371027 -5.200367
v -13.928246 23.609156 -5.881184
v 8.097260 24.510376 -5.757671
v -6.454643 24.971128 -5.346255
v -11.887847 27.177891 -4.999817
v -10.547500 26.806065 -5.082913
v -7.279625 27.450397 -5.511590
v 2.690353 30.132387 -6.021377
v 8.363220 -15.781075 -5.399720
v 9.609794 -15.040642 -5.590726
v 5.308219 -12.089235 -4.877842
v 0.775856 -11.638686 -5.190014
v 11.924504 -9.200198 -5.177333
v -2.730708 -6.570724 -5.500575
v 9.545560 -3.495630 -5.905571
v 7.758332 -4.062789 -5.591935
v 14.376283 -4.048046 -4.755644
v -6.889306 -2.648201 -5.582827
v 1.248713 -1.388076 -4.364228
v 2.446980 -1.504091 -4.715748
v -4.334737 -0.039003 -5.873404
v 0.709174 0.927506 -5.238039
v 2.446034 1.258721 -5.823417
v -8.434300 3.601393 -4.821301
v -10.199366 6.426947 -5.492959
v 15.396413 5.231439 -4.218132
v -11.071177 8.420513 -4.589901
v 15.173907 12.727645 -5.172654
v 14.142849 14.867071 -5.614792
v -4.525602 14.499347 -5.533030
v -8.632058 14.683747 -5.384286
v -7.716597 15.356291 -4.672534
v 12.062131 15.994099 -4.680254
v -14.661017 20.379061 -5.109514
v -8.208782 20.234047 -4.973767
v 7.183788 21.440422 -5.276734
v -10.737857 21.913555 -5.106427
v -5.324275 22.263689 -5.462661
v -10.880352 23.508802 -4.609760
v -6.035453 24.769817 -5.248390
v 5.928179 26.822121 -5.669824
v -6.306185 26.783611 -4.847375
v -3.530316 27.200003 -5.077014
v -4.568406 27.318502 -5.706072
v -1.408348 27.630535 -5.377852
v 5.899238 28.239758 -4.590495
v 0.890060 28.212620 -4.708730
v 5.684130 -12.914132 -4.131685
v -0.662158 -7.873018 -4.534282
v -4.122746 -6.129542 -5.389350
v 12.046368 -6.529397 -4.473004
v -3.375250 -5.201921 -5.584207
v -4.996732 -2.711091 -5.100544
v -4.994292 -0.703036 -5.384460
v 0.027284 -0.237025 -5.001498
v -6.616162 -0.208742 -5.502038
v 8.049476 1.040855 -4.497467
v -6.346250 1.270902 -5.563511
v 15.038960 1.111393 -4.654130
v 10.202322 1.504653 -5.458162
v 10.416171 2.461468 -5.550220
v 15.340137 2.491217 -4.281240
v 12.408400 7.568930 -5.050813
v 9.712483 9.299994 -5.709234
v 8.070299 9.881603 -4.371181
v 14.257481 11.853846 -4.958160
v 10.577801 13.070501 -3.790108
v -5.284335 13.293413 -5.597392
v -6.490178 13.048062 -4.510859
v 9.659954 13.550922 -4.759351
v -13.506053 14.577852 -5.061571
v -9.701167 15.594803 -4.696996
v 13.907365 15.873448 -4.493217
v -0.306974 17.885777 -5.141648
v 0.921411 18.202721 -5.192662
v -12.733988 18.883259 -4.596513
v -14.031938 20.044411 -4.646902
v -0.100556 20.267086 -5.192658
v 8.543355 19.240301 -4.746821
v -6.792555 20.980135 -4.667308
v -13.182223 21.727877 -5.067682
v -4.117564 21.792408 -5.439069
v -12.703518 23.834877 -4.402160
v 6.370859 24.685797 -5.326097
v -9.870987 25.067083 -4.403042
v -13.045917 26.067953 -4.323598
v -5.722997 27.344589 -4.930288
v -2.494883 26.795309 -4.698125
v 3.542260 29.720024 -4.704331
v 9.179963 -16.022682 -4.513433
v 5.234229 -14.345121 -4.999191
v 5.679595 -14.895077 -5.203752
v 10.248138 -14.383215 -4.423911
v 8.866840 -10.710999 -4.431586
v 2.623149 -11.780207 -4.621628
v 0.128955 -10.912732 -4.172284
v 11.286063 -9.414077 -4.254759
v -3.813613 -7.264637 -4.847089
v -1.568643 -6.923971 -4.621675
v 13.791040 -5.524368 -4.621812
v -4.466510 -4.579151 -4.490948
v -7.099517 -3.092407 -4.657746
v -5.302917 -3.243973 -4.441285
v -7.934182 -2.317435 -4.000191
v -3.661937 -1.405691 -5.153768
v -7.588232 -1.404019 -5.544016
v -8.064306 -1.309654 -4.366713
v 3.036145 -0.349374 -4.901586
v -7.492895 -0.129887 -4.506442
v 16.075291 -0.249472 -3.932022
v -7.180295 2.088553 -4.781630
v 7.219581 1.965325 -4.768742
v 16.791153 3.150292 -4.405711
v 17.211775 4.071486 -4.367251
v -10.067745 4.288111 -5.120329
v 11.355716 7.208678 -4.377867
v 9.690471 8.616828 -3.692703
v 7.650887 12.572334 -4.224148
v -4.514585 12.998116 -5.137210
v -3.621070 13.584553 -4.283364
v 15.244532 13.901696 -4.689076
v -3.454129 14.678106 -4.013561
v -4.591606 15.522469 -4.808679
v 9.988380 16.417789 -4.319035
v -8.118555 17.021717 -4.483654
v -12.458442 18.346621 -3.748098
v 7.261302 20.508801 -4.607236
v -3.414487 21.066799 -4.766165
v -3.138010 22.007038 -4.573743
v 7.698032 22.628050 -5.193835
v -4.869923 23.446541 -4.563910
v 6.507298 23.474813 -4.807421
v 5.219792 29.006794 -4.708203
v 4.149045 -16.046509 -4.468222
v 4.833242 -11.565110 -3.977439
v 9.670579 -9.638637 -4.221386
v -4.912045 -6.074486 -4.292592
v 16.814697 -2.772657 -4.279450
v 17.316397 -1.539180 -4.025011
v 1.774103 -0.015703 -4.162658
v 8.927031 1.796163 -4.369027
v 6.451212 2.874210 -3.768363
v -10.621260 5.047180 -3.775833
v 6.371124 4.932677 -4.117785
v 16.826077 4.781498 -4.035950
v 14.476102 7.555521 -3.496962
v -5.207073 12.517825 -4.104969
v 8.697233 13.486423 -4.095169
v -6.833489 13.883290 -3.950281
v -6.112758 14.663790 -5.395641
v -13.721602 15.752646 -4.198920
v -5.628248 15.627689 -4.079859
v -9.052314 16.501991 -4.169395
v -4.435885 20.779764 -5.151404
v -12.062852 22.715794 -4.354464
v 5.270430 26.031733 -4.645368
v 0.582618 27.758829 -3.786744
v 1.683796 29.242744 -4.318590
v 4.203023 -18.016647 -4.741815
v 2.964032 -16.553143 -4.381020
v 5.291676 -16.878839 -4.703666
v 7.398358 -16.015127 -4.603894
v 3.795394 -15.474984 -3.739650
v 11.151845 -8.724121 -3.425866
v -2.944233 -7.664942 -3.650900
v 8.327258 2.678252 -4.547177
v 5.705822 3.475413 -3.917115
v -9.825388 3.962407 -3.646107
v -10.073479 6.592014 -3.680927
v 10.517746 7.490205 -4.367515
v -13.328730 10.850964 -4.809425
v -13.319658 12.697468 -3.939937
v 13.549805 11.666677 -3.974725
v 14.916025 11.849567 -3.802832
v 15.592412 13.535779 -3.884057
v -13.045488 13.617825 -4.199851
v -6.344292 15.170256 -3.644980
v 9.309619 17.980375 -4.273683
v -12.079505 20.796127 -4.921146
v -11.040865 21.408802 -4.782876
v 5.124076 21.998335 -4.526614
v -3.743764 22.906096 -4.582759
v 6.226835 23.873188 -4.136645
v 4.985582 26.201838 -3.262136
v -4.560355 27.495119 -3.144035
v 3.018331 -18.618137 -4.297873
v 4.992671 -18.528858 -3.906644
v 9.604398 -15.424018 -3.658991
v 8.417209 -12.147772 -3.559083
v -4.446611 -7.101238 -3.972700
v 13.468266 -6.015913 -3.191811
v 14.090317 -5.300079 -3.347170
v 15.473140 -2.203180 -3.496685
v -6.447145 -3.001324 -3.212027
v 7.860063 3.678208 -3.860674
v 8.478217 8.886225 -3.521454
v -14.116133 9.924486 -3.787897
v -14.740327 11.627439 -3.810786
v 7.930346 11.347110 -3.508120
v 11.130112 15.119344 -3.560899
v 13.253884 15.615359 -3.273635
v 7.682242 20.135851 -3.227961
v -8.221270 19.758005 -3.792803
v -3.934820 19.966192 -3.288977
v 5.614984 20.757036 -4.280602
v -10.707979 24.827047 -3.633773
v -6.348601 25.149233 -3.516783
v -10.975794 26.222044 -3.632004
v 1.582769 -20.356869 -3.480058
v 2.376596 -19.764938 -4.256100
v 1.033499 -18.683655 -3.827571
v 2.100622 -17.522532 -3.542843
v 6.060835 -17.766630 -3.076309
v 8.310514 -15.718602 -3.105809
v 4.849718 -13.803948 -3.076330
v 0.993386 -11.290946 -3.864970
v 0.099460 -9.294426 -4.412452
v 9.874485 -10.171212 -2.948487
v 10.820589 -7.576648 -3.504756
v -4.611628 -4.360292 -3.138200
v -7.460601 -0.812035 -3.001960
v -7.468731 0.780286 -3.631766
v 15.664439 1.322274 -3.264857
v 15.031057 5.855559 -3.035102
v -10.582108 8.098547 -3.235189
v 11.243854 7.616387 -3.146940
v 13.057821 8.074978 -3.654877
v -12.831871 9.433405 -3.442136
v 7.801588 9.684764 -2.919448
v 12.206087 13.478692 -3.071760
v -4.406802 15.291014 -3.006465
v 9.916483 15.769863 -3.079000
v -6.396382 20.358168 -3.505436
v -4.900004 19.775686 -3.603467
v -10.657384 20.385107 -3.406585
v -3.149773 21.439968 -2.077698
v -4.895864 23.428131 -3.043028
v -12.057347 25.083990 -3.395182
v -6.025256 26.902031 -3.135434
v -3.211683 26.840742 -3.271500
v -1.365125 26.819210 -3.617699
v 4.894018 27.351854 -3.515666
v 4.450613 -19.408003 -2.814495
v 3.436301 -11.627538 -3.400380
v 8.512108 -11.462936 -2.674470
v -0.548483 -11.419030 -3.202448
v -0.773000 -10.832000 -3.482999
v -0.836000 -10.700000 -3.482999
v -0.908000 -10.532000 -3.482999
v 11.596448 -9.273176 -3.271732
v 11.706772 -5.941962 -2.639555
v 13.877777 -3.841795 -2.633614
v 17.813019 2.788166 -2.693003
v 6.806534 4.022379 -3.580626
v 17.798872 4.153560 -3.390527
v -8.164861 3.800741 -3.191592
v -11.950729 8.548440 -2.924789
v -15.022573 10.894615 -2.846661
v 13.741666 12.140818 -2.821087
v -5.654635 13.012530 -3.080309
v -13.090387 13.560007 -3.073674
v 14.899621 13.910210 -3.072049
v -13.766000 16.698792 -3.214839
v 9.932938 17.108400 -2.356020
v 8.459073 18.782337 -2.925164
v -11.266526 19.152985 -3.204805
v 5.838716 20.250340 -3.231755
v 6.065426 24.852268 -2.925823
v 3.640073 29.331472 -3.465945
v 1.778097 29.303049 -2.986528
v 2.570063 -20.660988 -2.455814
v 0.651665 -19.539625 -2.670365
v 1.006879 -18.112263 -2.408626
v 2.979548 -16.041098 -2.778231
v 2.341906 -11.006058 -2.162231
v -2.242236 -9.888247 -2.777921
v 11.099321 -9.904564 -3.362574
v -2.120011 -8.511448 -3.138574
v -4.478301 -6.434834 -2.669037
v 2.452655 -5.795182 -2.905541
v 15.781172 -0.666105 -3.148101
v 15.882392 0.599137 -2.322370
v -6.946038 2.182980 -3.219979
v -9.059846 6.536326 -2.722754
v 10.224430 8.881948 -2.812100
v -14.329736 12.604681 -2.140387
v 11.192271 13.361620 -2.764803
v -7.838137 19.524462 -1.595362
v 4.340000 21.268000 -3.184002
v 4.772548 21.332451 -3.499736
v 4.265000 21.438000 -3.184002
v 4.265000 21.568001 -3.214002
v -3.370991 22.662622 -2.807690
v 5.993847 23.644894 -2.799488
v -5.777915 25.011654 -2.349914
v 0.942537 26.391415 -2.526473
v 3.475407 28.756136 -1.981340
v 1.375720 -20.326696 -1.970610
v 4.520186 -19.724924 -1.625249
v 6.443209 -17.632914 -2.007452
v 2.372185 -17.047363 -1.608060
v 7.095906 -16.270956 -1.880850
v 9.374153 -13.977451 -2.914775
v 4.638373 -14.718759 -1.695530
v 9.330364 -13.612713 -2.359964
v -1.369738 -10.900921 -2.499141
v 12.709275 -9.480277 -2.057269
v 1.465986 -6.764405 -2.690597
v 0.725198 -6.195415 -3.081697
v -4.145850 -5.302005 -2.139116
v 0.092661 -4.498854 -3.102158
v 1.009313 -3.968539 -3.475692
v 1.774322 -3.456449 -2.955537
v -0.381741 -3.192864 -2.147127
v 14.934178 -2.610446 -2.530304
v -6.815175 -2.198954 -2.591176
v 15.185537 -0.753382 -2.029561
v -9.080943 5.254859 -2.234167
v 17.178757 5.514740 -2.703127
v 15.302244 8.351847 -2.914488
v 13.107747 8.945778 -2.832352
v 8.754404 8.867759 -2.428015
v -12.644445 9.753598 -2.029562
v -6.204917 9.617286 -3.103142
v -14.313878 9.830064 -2.599684
v -5.869396 10.997176 -2.598015
v 9.966668 12.201634 -1.643272
v -5.790265 14.246846 -2.673620
v -13.777025 16.112783 -1.897803
v -12.123339 18.346729 -2.351328
v -9.693924 19.571039 -3.031519
v -5.013433 19.588860 -2.182443
v -6.356071 20.159348 -2.190146
v 4.048159 20.603416 -2.380829
v 3.652789 21.877851 -2.800359
v 8.366303 -15.288439 -1.484892
v 4.499693 -12.810536 -2.553178
v 0.306097 -11.877215 -2.155262
v 2.772218 -6.291901 -2.142787
v -0.833135 -4.112851 -1.839040
v -6.092117 -3.671033 -1.820347
v 0.522784 -2.668815 -1.917875
v -6.324867 -0.123756 -1.979742
v -6.142553 2.081343 -2.026044
v 16.463860 1.579559 -2.255195
v -7.599377 3.583524 -1.367439
v 17.281137 7.019233 -2.253664
v 16.305353 7.485905 -2.330697
v 11.693804 9.055974 -2.199773
v -7.136000 9.386000 -2.583001
v -7.199000 9.568000 -2.583001
v -6.941642 10.403740 -2.761364
v -4.195262 10.387201 -1.880067
v 8.357348 12.338600 -3.091304
v 14.583977 13.084811 -2.515291
v -4.193759 13.629952 -2.858503
v 12.662181 14.394567 -2.746171
v 10.529484 15.472301 -2.150116
v -10.681448 18.293320 -1.937554
v -9.118619 19.084341 -2.091382
v 5.621931 19.391670 -2.132991
v 6.414137 19.314119 -2.100764
v -4.082636 19.833143 -1.996695
v 4.761526 22.578474 -3.035289
v -0.269298 26.041855 -2.891844
v -1.726159 26.020372 -1.860882
v 4.462619 27.331600 -1.750343
v 5.218975 -18.286705 -1.598627
v 4.602046 -12.986159 -1.472543
v 9.855191 -12.304240 -1.541783
v 11.854274 -10.970020 -2.735808
v -2.665240 -11.191073 -1.177962
v 11.196715 -6.966326 -1.674174
v 11.530550 -4.934150 -2.260933
v 2.938939 -4.093001 -1.616902
v 12.664000 -4.880000 -2.283000
v 12.794000 -4.832000 -2.283000
v 12.964000 -4.832000 -2.319999
v 13.230184 -4.120593 -1.820377
v 18.496626 3.713212 -1.809667
v -7.451339 7.518651 -2.267482
v -8.872179 8.224961 -1.727310
v -6.645880 8.365243 -2.726660
v -4.991836 8.229656 -1.844715
v 8.003007 8.331052 -2.405739
v 6.024790 9.011317 -2.300294
v -4.214954 9.222324 -2.091750
v 15.484657 9.170234 -1.712539
v -7.136000 9.268000 -2.542001
v 13.354806 9.420313 -1.794908
v 7.453779 11.435122 -2.184351
v -13.695715 14.671129 -2.398028
v 9.579168 17.831934 -1.937988
v 7.012366 18.306049 -1.450997
v 3.490814 22.233669 -1.961558
v -5.303848 23.342670 -1.341115
v -4.141277 26.405262 -2.129722
v 2.018540 28.735741 -1.914569
v 1.123846 -18.846910 -1.539329
v -0.626666 -11.435637 -1.496262
v 10.167055 -11.660443 -1.759072
v 12.660442 -10.438503 -0.944983
v -3.178869 -8.999962 -1.165642
v 12.065000 -8.768000 -1.982999
v 11.907828 -8.397220 -1.410194
v 0.149905 -6.589583 -1.446979
v 10.878142 -5.397197 -1.826266
v -4.470098 -4.697696 -1.703729
v 15.190406 -1.860827 -0.684902
v 17.999533 1.405943 -1.747703
v 18.255816 6.517051 -1.173208
v -8.855102 7.265350 -1.495201
v -5.968179 7.302691 -2.290191
v 6.284107 8.055091 -1.650579
v 9.293701 9.147837 -1.902466
v -11.241985 9.564092 -1.478726
v -9.995818 9.237346 -1.918653
v -13.784408 10.548681 -1.568864
v -7.877235 10.863534 -2.010756
v 5.492700 10.699980 -1.425804
v -8.946653 11.610286 -1.925000
v -6.506710 11.713676 -0.707554
v -10.354276 12.261201 -2.313481
v 8.527853 12.215609 -1.845212
v 10.741585 13.234589 -1.197477
v 11.396024 14.306187 -1.650855
v -3.394545 22.436253 -1.661615
v 5.142496 24.433607 -1.441463
v 4.593248 25.370852 -1.037691
v -5.150678 25.984808 -1.917447
v 3.190567 -19.497383 -0.834260
v 3.468901 -12.005949 -1.476875
v 10.556304 -11.606333 -1.200834
v 12.052964 -11.358847 -1.685729
v 12.065000 -8.732000 -1.841999
v 12.065000 -8.689000 -1.683999
v -4.248664 -6.885161 -1.766648
v 2.309617 -6.521049 -0.509532
v 10.646832 -5.876605 -0.898165
v 14.878221 -3.017823 -1.011229
v -6.409093 -2.286703 -1.122659
v -5.859102 -0.113676 -1.421486
v 18.780127 2.152469 -1.020829
v 18.332798 4.754004 -1.036065
v -5.066905 7.632510 -0.875662
v -8.212954 8.161782 -1.585412
v -10.562921 10.728087 -1.760939
v -9.402906 13.112392 -1.604438
v -11.043092 17.024990 -1.155165
v 10.670242 17.142515 -1.219051
v -10.069202 18.403328 -1.183828
v -4.126298 18.531387 -1.658998
v -6.869685 19.285742 -1.043845
v 3.535463 21.361786 -1.601873
v -2.955474 21.530947 -1.646034
v 3.639775 23.777348 -1.063380
v -5.402715 25.136406 -0.799166
v 1.051565 26.359158 -0.861437
v 0.792772 -10.504398 -0.537082
v 2.097813 -10.124465 -0.874627
v 1.427435 -7.129219 -1.073558
v 11.353859 -4.513688 -0.832120
v -6.094308 -3.926815 -0.960102
v -0.469998 -3.305953 -0.960687
v 14.812000 -0.332000 -1.384000
v 14.765000 -0.139000 -1.384000
v 14.765000 -0.032000 -1.416000
v 14.332150 1.013193 -0.830625
v 15.985560 1.093281 -1.431435
v -9.128752 5.399418 -1.492297
v -6.371550 6.650485 -1.310431
v 17.732000 7.168000 -1.384001
v 16.456753 7.992680 -1.014235
v 8.499172 7.780497 0.002741
v -4.125007 9.002853 -0.785532
v 11.728968 9.713643 -0.570810
v 10.393930 10.054766 -1.360723
v -11.376325 11.921587 -1.652190
v -5.002480 10.955106 -0.661401
v 5.876101 11.441586 -0.652788
v 8.550104 11.373369 -0.976902
v -8.229374 12.048944 -0.633074
v -14.706851 13.147163 -0.429154
v -10.517679 13.230252 -0.840596
v -14.321649 15.930977 -1.310449
v 11.430195 15.974813 0.220690
v 10.007621 17.941229 -1.177313
v 6.180723 19.206059 -1.136527
v 4.820422 20.398672 -0.552793
v -2.106822 21.967308 -1.831461
v 3.091603 22.337591 -0.896951
v -2.249053 22.990715 -1.702575
v -2.283984 25.147470 -0.788597
v -3.873693 25.864752 -0.571794
v 2.383581 -18.163712 -0.653414
v 6.473843 -16.853355 -0.836688
v 4.921597 -16.448303 -0.463575
v 8.925001 -15.466963 -0.807978
v 5.600175 -15.155005 -0.369193
v 9.573837 -14.286865 -0.629623
v 3.065000 -10.904000 -1.082999
v 12.103504 -9.032452 -0.325454
v -6.391120 -8.150364 -0.975187
v 12.010114 -7.457812 -0.332101
v -4.980996 -6.543438 -1.549773
v -4.978866 -5.671430 -1.061349
v -0.194286 -5.055866 -0.037187
v 3.056096 -4.137664 -0.160935
v 1.807446 -2.785776 -0.548971
v 17.949511 1.101807 -0.401455
v -6.051244 1.749647 -0.489310
v -9.507947 6.503474 -0.314805
v 17.764999 7.168000 -1.248001
v 17.764999 7.207000 -1.083001
v 7.534414 7.325758 -0.010267
v 17.450895 7.376634 -0.015356
v 8.901934 10.117292 -0.924891
v 13.623893 9.041331 -0.497829
v -13.623324 11.869966 -1.107419
v 7.187263 12.041153 -1.090101
v -11.400310 12.695411 -0.923677
v -15.092886 14.080172 -1.217192
v -15.536000 14.868000 -1.083001
v -15.559000 14.968000 -1.083001
v -10.129351 17.440594 -0.448764
v -5.476622 18.138702 -1.261043
v -2.887227 19.114887 -0.445407
v -2.732453 20.525150 -0.695480
v 0.361568 22.506414 -0.770083
v -2.281122 23.986710 -0.738590
v 5.457833 24.530262 -0.375964
v 1.694899 28.442190 -0.588438
v 4.593911 27.633501 -0.179096
v 2.926122 29.042505 -0.059798
v 3.806350 28.896114 -0.714754
v 3.723356 -18.449249 -0.326144
v -1.905303 -17.091389 -0.813700
v 3.681534 -16.748146 -1.107814
v 4.590649 -17.335136 -0.796644
v -3.606036 -13.743706 -0.185501
v -2.469907 -12.832209 -0.908524
v -1.339321 -11.686240 -0.903795
v 3.273007 -10.911966 -0.378858
v 11.560594 -10.899239 -0.333484
v -0.312174 -10.569289 -0.673785
v 3.065000 -10.832000 -0.954999
v 3.065000 -10.759000 -0.782999
v -4.710727 -7.924873 -0.970185
v 11.721000 -7.232000 -0.782999
v 11.261744 -6.517489 0.035620
v -7.492224 -6.224796 -1.074839
v -6.490744 -4.620089 -0.585139
v 14.124714 -0.392709 -0.430675
v 18.367861 4.951734 -0.067338
v -8.238210 7.548813 -0.858262
v 15.096648 8.769870 -0.261988
v 8.644556 8.746323 0.898260
v 10.344711 11.604502 -1.142120
v 11.008699 12.430730 0.241416
v -15.536000 14.668000 -1.046001
v 11.891211 14.390669 -0.097800
v -15.608625 16.079500 -0.737359
v -11.403730 16.507051 -0.270126
v 8.392979 18.456659 -0.102950
v 9.664000 18.225000 -0.783001
v 9.803000 18.268000 -0.783001
v 9.964000 18.268000 -0.849001
v 10.938499 19.304255 -0.205529
v -9.447900 19.647223 -0.531360
v 6.077078 20.133381 -0.307303
v -0.244291 21.258278 -1.327007
v -3.785076 23.515770 -0.285855
v -0.613907 23.923622 0.030378
v -2.080624 -18.413898 -0.831107
v -0.816870 -16.894094 -0.158397
v 10.381318 -16.740431 -0.496158
v 11.122277 -15.365290 -0.123003
v 5.624944 -13.865075 0.384029
v 9.654473 -14.026780 -0.127216
v -4.303538 -12.381951 -0.488489
v 9.750983 -11.840611 -0.844805
v -1.152781 -11.055831 0.110813
v 9.524344 -10.728221 -0.511294
v -8.331436 -7.114332 -0.480107
v 11.765000 -7.232000 -0.621999
v 11.765000 -7.185000 -0.482999
v 0.815017 -6.478238 -0.225312
v -8.637797 -5.340944 -0.067213
v 11.243361 -5.489931 0.316670
v -7.360262 -5.111500 -0.628898
v 1.067998 -3.309687 0.637504
v 13.897467 -2.508882 0.492755
v -4.804158 -2.910306 0.374378
v -4.510803 -1.047301 0.565659
v 17.085135 1.111238 0.005341
v -7.602130 3.045742 0.097898
v -6.241720 7.546156 0.525212
v -7.013718 7.195101 0.257024
v 5.960782 10.446683 0.681394
v -14.301325 13.336594 0.998760
v -9.451715 13.054512 -0.206684
v -16.227619 14.975017 -0.499678
v -14.177958 16.511740 0.238115
v 11.761630 17.734186 -0.774791
v -4.412543 17.756577 -0.355053
v 7.089546 18.822990 0.017665
v -7.554731 19.537861 0.024458
v -1.023281 19.896143 -0.282306
v 0.505554 21.082752 0.464592
v 3.548626 22.640640 0.081841
v -4.332966 24.555984 0.089717
v -0.490168 24.676712 0.009713
v 0.101853 25.581253 -0.486757
v 1.500641 27.158253 0.228033
v 1.807000 28.468000 -0.483002
v -3.427878 -17.930332 0.182577
v -2.895895 -17.417990 -0.530669
v -2.193094 -15.793837 0.630397
v 5.497928 -16.387846 0.363921
v -1.299459 -12.557738 0.154795
v 8.757357 -11.629084 0.113703
v 11.155783 -9.849356 0.166735
v -4.136000 -10.058000 -0.183999
v -4.177000 -9.932000 -0.183999
v -5.062657 -9.062924 0.403958
v 2.395000 -6.332000 -0.184000
v 3.298812 -5.639120 0.727394
v 12.948025 -4.037369 -0.310346
v -6.198609 -4.646070 1.333627
v 2.668549 -3.432081 0.373120
v 15.811442 1.838145 0.217142
v 18.231964 2.300563 0.428518
v -8.855427 3.710523 -0.463772
v 17.769482 3.679064 0.494233
v -10.171217 4.165043 0.306411
v -9.516490 5.060133 -0.299670
v -9.548698 5.695913 0.477323
v -8.512695 7.215713 0.406765
v 6.194948 8.047398 0.418895
v 15.675083 7.596355 0.070981
v 7.711779 11.739594 -0.107126
v -8.695411 12.100676 0.074594
v -12.526852 12.829238 0.421977
v -16.028584 14.216922 0.699397
v -5.379546 17.712597 0.519804
v 12.178585 18.515898 -0.048713
v -1.706705 18.614283 -0.090023
v -8.240850 20.089918 0.955471
v -0.235000 20.396999 -0.184002
v 1.864000 28.468000 -0.324002
v 1.926000 28.468000 -0.184002
v -0.373696 -20.286411 0.591097
v 7.161603 -16.864109 -0.091439
v 5.135749 -15.660746 0.698375
v 9.097000 -13.232000 0.116001
v 9.065000 -13.088000 0.116001
v 9.065000 -12.932000 0.088001
v -4.716885 -11.178367 0.512662
v 4.203871 -11.051077 0.482234
v 8.780586 -10.069109 1.379616
v -0.212999 -10.405001 0.584434
v 2.769152 -10.846776 0.653926
v -4.136000 -10.232000 -0.131999
v 9.638059 -9.675194 0.583539
v -7.017590 -8.275772 0.664968
v -8.655486 -7.384415 0.700548
v 1.184887 -6.631869 1.171087
v 2.464000 -6.385000 0.116000
v 2.464000 -6.332000 -0.041000
v 13.864000 -0.932000 0.099000
v 13.864000 -0.820000 0.116000
v 13.899000 -0.632000 0.116000
v 13.965308 0.052260 0.413501
v -5.292125 0.719518 0.481153
v 14.930489 1.690986 0.549337
v 15.405932 2.934946 -0.055043
v 17.806999 6.268000 0.116000
v 17.764999 6.440000 0.116000
v 17.764999 6.568000 0.071000
v 14.018827 8.217001 0.207712
v 12.321785 9.298207 0.702404
v -4.535601 9.851439 0.231083
v -4.796522 11.337342 0.322240
v 11.661535 10.916924 0.669129
v -13.482000 12.568000 0.115999
v -13.338000 12.568000 0.115999
v -13.136000 12.568000 0.093999
v 11.648141 14.058084 0.866509
v -15.882702 16.008818 0.743188
v -12.701929 16.814053 0.926147
v 6.778010 20.299778 0.257169
v -0.235000 20.337000 0.115998
v -0.235000 20.368000 -0.051002
v 4.191000 21.268000 0.115998
v 4.422285 21.904032 1.245659
v 6.886752 24.178576 0.619466
v 6.638630 25.495979 0.376261
v 5.367828 27.094437 0.384222
v 2.131006 28.360064 0.251905
v 7.786134 -23.907793 0.277420
v -2.075142 -20.588469 0.263199
v -0.587302 -18.292318 -0.190490
v -2.056573 -19.307245 -0.270859
v -0.035740 -18.355877 1.038108
v 11.276262 -16.533096 0.274160
v 10.997361 -14.691201 0.982388
v 8.396214 -13.028576 0.835806
v 11.776816 -8.252394 0.821106
v 0.161331 -5.837144 1.178989
v 12.858036 -3.905398 1.374442
v 2.116429 -3.380418 1.049932
v 13.461389 -1.207315 0.384369
v 16.987247 2.203223 0.729651
v 14.503000 2.668000 0.417000
v -8.820866 2.680380 0.746320
v 14.464000 2.761000 0.417000
v 14.395000 2.968000 0.417000
v 16.859468 3.474683 0.617736
v -10.041115 3.321416 0.958271
v 15.050715 3.879703 0.130375
v 18.065001 4.914000 0.417000
v 18.042000 5.068000 0.417000
v -5.696827 8.911744 0.791734
v -8.942400 11.125313 1.187597
v -7.526448 11.781482 0.945077
v -6.076342 11.870855 1.968157
v -10.553596 12.446377 0.750838
v -11.417856 16.756628 0.953184
v 12.241649 17.436762 0.999564
v -6.527256 17.903938 1.692998
v -3.411050 18.474100 0.394882
v 11.934655 18.875546 1.074373
v -1.056366 18.394938 1.090370
v 9.679259 19.573469 0.675454
v 8.542136 20.579329 0.280935
v 7.965051 21.313076 0.466049
v 4.265000 21.268000 0.302998
v 4.265000 21.316000 0.416998
v 0.757430 22.101982 1.061655
v -0.184259 23.308519 1.423022
v 4.669575 23.003576 1.116003
v 0.691110 26.277655 0.990396
v 7.019446 26.972950 0.619534
v 4.655008 27.561388 0.683723
v 6.987235 -25.220360 0.632317
v 7.963967 -24.901499 0.413493
v 4.836547 -23.368937 0.540294
v 7.078736 -23.046379 0.668202
v -3.058869 -20.543961 1.689236
v -3.366766 -18.791321 1.648542
v 9.296534 -17.766657 0.878866
v -2.609620 -15.874040 0.715512
v -0.865587 -16.455803 1.211846
v 11.523923 -15.909132 1.183238
v -2.510768 -15.228022 0.600098
v -4.334396 -14.136120 1.238732
v 8.464381 -13.639666 1.959929
v -4.483789 -12.674016 1.209941
v 5.184592 -12.739654 1.245679
v -0.935824 -11.509357 1.207036
v 1.283976 -10.643396 0.368231
v -5.179888 -10.269673 1.887565
v 10.479726 -9.201045 1.588306
v -8.855430 -6.131150 1.197403
v 2.622641 -6.304579 1.405019
v -8.032381 -4.745295 1.159981
v 0.382637 -4.660450 1.575353
v 3.184247 -4.592010 1.323855
v -6.169855 3.402588 2.269148
v -7.429503 3.060128 1.119056
v 13.790006 2.853102 1.626993
v 14.320398 4.295094 1.128742
v 16.119444 4.772413 1.360135
v -10.325336 4.658390 1.243416
v 18.065001 4.768000 0.439000
v 17.596071 5.422306 0.674572
v -8.277841 6.069255 1.669054
v 16.107651 6.355042 0.904740
v 14.079100 7.241964 0.578451
v 7.304005 8.169578 1.375515
v -4.615975 10.826137 1.456391
v -10.418135 17.585123 0.952476
v -9.910519 19.572166 1.419612
v -0.051158 24.441469 1.846119
v 2.930764 27.331306 1.295936
v 6.311983 27.873522 1.196187
v 8.290435 -25.979784 1.345906
v 4.644609 -24.668800 1.030596
v 6.030460 -24.726736 0.885959
v 6.920174 -21.681248 1.389579
v -1.689801 -21.261707 1.029457
v -0.614150 -21.008329 1.819810
v 8.826452 -19.811567 0.597075
v 7.741442 -17.811058 0.887952
v 10.735111 -17.472645 1.985677
v -3.069368 -16.953447 1.613182
v 4.130074 -11.923946 1.980823
v 8.590557 -12.362306 2.578628
v -5.925196 -8.792732 1.703447
v -8.200753 -7.367334 1.646450
v 11.168505 -5.503437 1.530500
v -5.133886 -3.592922 1.813185
v 14.206758 0.777407 1.877501
v -5.636000 2.324000 1.017000
v -8.900458 2.901954 1.962795
v -5.898770 6.894309 1.447936
v 13.208425 7.106592 2.088204
v 12.617618 8.221519 1.542353
v -4.833258 9.569831 1.369856
v 7.837091 10.162186 0.855018
v 9.436719 13.088724 0.963432
v 10.681499 16.096260 1.679673
v -7.199568 19.327017 2.102008
v 9.021236 21.465115 1.588753
v 7.695709 26.135939 1.743942
v 10.427665 -26.539766 1.469690
v 9.289330 -23.635525 1.307210
v 3.752031 -23.422102 1.624668
v 10.661663 -23.061123 1.304641
v 5.185377 -21.978260 1.456596
v 5.515722 -20.748669 1.346789
v 6.844749 -20.298641 1.336557
v 7.751446 -19.376644 0.628287
v 10.395125 -19.717094 1.953547
v 6.947000 -19.832001 1.316002
v 6.964000 -19.683001 1.316001
v -3.231431 -14.958590 2.398762
v -5.039888 -11.600440 1.750937
v 1.695605 -11.714818 1.402107
v 0.185497 -11.094646 1.376682
v 10.875731 -8.418306 1.572265
v -6.292000 -8.432000 1.316001
v 10.690733 -6.766253 1.034017
v 12.005000 -4.832000 1.316000
v 12.793802 -0.691724 1.139308
v -5.649658 0.296797 2.100799
v -5.636000 2.368000 1.115000
v -5.582000 2.368000 1.316000
v 15.514350 6.349663 1.685300
v 7.180737 9.542973 1.177664
v 12.194881 9.870428 2.739691
v -9.699317 11.239175 1.739539
v 10.304238 11.874691 1.453868
v 8.702508 11.896680 1.388815
v 10.688540 12.887270 1.022846
v 10.321012 14.063243 1.594673
v 9.204000 13.768000 1.315999
v 9.364000 13.811000 1.315999
v -15.320500 14.968766 1.643527
v -0.333110 19.862398 1.492533
v 0.900029 20.477577 2.273204
v 1.172082 21.396635 1.826561
v 6.451044 21.678881 1.570589
v 7.664638 27.216721 2.203056
v 1.558176 26.401138 1.953101
v 8.802777 -28.229477 1.548856
v 9.844953 -28.053883 1.300835
v 11.077300 -28.018805 2.076596
v 12.810248 -27.088501 1.343420
v 13.778157 -27.095427 1.847177
v 8.701413 -26.654926 1.355884
v 9.559483 -25.345648 1.865995
v 11.515474 -25.650007 1.291030
v 5.943904 -25.663141 2.525540
v 8.613335 -22.118248 2.070241
v 8.442317 -21.012911 1.647103
v 12.326739 -20.314634 1.312716
v 13.371857 -19.872530 1.892300
v 6.964000 -19.532000 1.330001
v 9.912700 -18.175953 1.878536
v 0.175595 -18.279621 2.197480
v -1.523977 -14.720271 1.618154
v 3.299130 -11.511308 2.651030
v -6.235000 -8.432000 1.467001
v -6.235000 -8.373000 1.616001
v 10.127433 -5.753465 2.368791
v 0.861088 -5.663415 1.990428
v -7.841291 -5.589228 2.169828
v 12.065000 -4.882000 1.616000
v 12.065000 -4.832000 1.459000
v 12.964000 -2.298000 1.616000
v 12.883000 -2.132000 1.616000
v 11.943524 -1.266169 1.959463
v -5.193571 2.168608 2.086889
v -7.229559 3.953671 2.240787
v -9.606003 5.278321 1.940223
v -6.908566 12.203144 2.384441
v -10.774861 12.742719 1.838078
v 7.836790 12.101073 2.263269
v 8.310116 13.764198 1.546061
v -13.397478 13.904660 1.730131
v 9.065000 13.768000 1.350999
v 10.341740 14.586297 2.152697
v -14.167268 15.819344 1.619349
v 11.308283 17.098570 2.273886
v -5.509882 17.723492 2.540924
v -10.044379 17.656927 2.688124
v -3.074152 18.427782 1.878204
v 10.879015 18.942520 1.881481
v 7.251302 22.089264 1.567428
v 6.650277 23.133554 1.506084
v 4.967219 -28.146343 1.828747
v 12.645465 -28.400881 2.070264
v 13.216957 -25.760651 2.025062
v 11.269636 -24.375542 1.706064
v 12.456344 -23.607414 2.498477
v 11.286484 -21.804420 2.133161
v 13.264558 -20.951860 2.126661
v -0.052639 -19.188599 2.703691
v 6.733034 -17.924944 1.970835
v 11.298438 -18.524998 2.407890
v 13.012071 -18.886309 2.480885
v 10.622190 -15.126534 2.359682
v -4.488910 -12.185860 2.442784
v -1.434905 -12.602767 3.011569
v 5.105148 -13.172832 2.877291
v -5.880587 -9.548312 2.679441
v -6.151125 -7.817259 2.367004
v 10.796616 -8.764032 2.439123
v 9.651421 -6.911811 2.678136
v -7.288724 -6.972148 2.205184
v 2.637710 -5.717910 2.022611
v 12.446985 -4.805176 2.397437
v 2.130680 -4.625257 2.164996
v 12.652249 -2.920858 2.189153
v 12.964000 -2.432000 1.660000
v -5.202008 -0.879959 2.089369
v -9.572650 4.223529 2.470181
v 14.248915 3.814030 2.347382
v -5.404935 8.233352 2.221399
v 12.853218 8.378737 2.516941
v -3.729079 10.018869 2.337853
v -1.133334 16.683332 1.720938
v -0.361648 16.173479 2.436269
v 0.031798 17.159788 1.966203
v -1.990862 17.964022 1.601169
v 11.286537 17.722090 2.340758
v -4.175418 18.359058 2.518168
v 11.464000 18.114000 1.916999
v 11.393000 18.268000 1.916999
v -9.572248 19.190411 2.302719
v -7.784750 19.522772 2.504478
v 7.480948 25.189535 2.799937
v 5.571872 28.057154 2.430275
v 6.707053 27.881346 2.666924
v 5.098257 -29.396290 1.998321
v 9.620219 -28.839558 2.639684
v 7.812045 -28.061125 2.498954
v 12.400865 -22.200706 2.663024
v 4.573941 -21.900311 2.186904
v 10.355421 -21.017853 2.361952
v -1.791818 -20.950228 2.584382
v 5.104576 -19.566170 2.206092
v -0.188478 -15.346759 2.568609
v 5.114499 -14.205503 2.678307
v -1.359507 -13.977426 2.507632
v 9.659890 -11.258679 3.555586
v 0.583368 -11.568583 3.403236
v -5.555244 -1.924443 2.553528
v 12.232262 0.421764 2.624657
v 15.303000 4.468000 2.217000
v 15.873963 5.133695 2.082612
v -6.384796 5.995405 1.655517
v -6.009212 4.677512 2.597187
v -4.830261 5.901049 2.022062
v -4.039320 8.887887 2.738159
v -8.161595 11.358087 2.998458
v -4.076890 11.052544 2.308418
v 8.862975 11.342523 2.740067
v 11.189640 11.036200 1.942090
v -10.025608 11.963122 2.646376
v -12.929298 14.631319 2.474122
v 8.226110 14.098403 2.545591
v 0.780527 17.785145 2.901101
v 11.464000 17.968000 1.988999
v -6.298739 18.410601 3.023201
v 0.899862 22.787903 2.665241
v 2.468290 27.349802 2.986915
v 3.591265 -29.559238 2.992469
v 4.140018 -28.616192 1.948437
v 6.816807 -28.362703 2.689737
v 13.836571 -27.992908 2.721578
v 5.596723 -26.925697 2.683989
v 14.258600 -26.615446 3.005293
v 4.805896 -25.507221 2.399056
v -3.113586 -18.154428 3.174079
v 5.378862 -17.450439 2.239456
v -4.517585 -10.613676 3.965516
v -6.206480 -6.022721 2.267314
v -4.322220 -4.569156 2.705370
v 11.296981 -5.354515 3.634695
v -4.894514 -0.546976 3.197369
v 13.021298 1.819990 2.715691
v 13.079174 2.803641 2.397769
v -5.993493 3.646628 2.957963
v -8.780392 4.420339 2.714022
v 15.364000 4.413000 2.517000
v 15.364000 4.468000 2.343000
v -4.474910 5.726994 2.993119
v -4.158021 7.666943 3.198620
v -9.672093 13.369499 2.964803
v -12.855836 16.137848 2.236035
v -11.005961 16.535564 1.823689
v 1.015634 16.919386 3.972272
v 1.458708 19.747932 2.924028
v 7.550767 21.943836 2.623667
v 1.373958 24.984638 2.438301
v 5.405022 -30.024874 2.823400
v 10.885561 -28.250174 3.593649
v 2.746354 -26.894491 2.949915
v 7.182446 -26.727909 2.794548
v 4.247493 -25.057074 2.734713
v 13.414535 -25.179155 3.325489
v 3.974824 -23.993259 3.755026
v 13.329303 -21.473318 3.757950
v 4.440532 -20.289755 3.604589
v 13.737911 -20.029770 3.382649
v -2.148297 -19.715305 3.155211
v -0.998499 -19.643513 3.188079
v 1.085174 -18.354755 2.961254
v 0.562788 -16.955454 3.262727
v -3.457637 -16.452486 3.279751
v -3.194602 -16.321207 4.892712
v 9.225367 -13.452565 3.250047
v -5.268497 -2.569354 3.595632
v 14.612768 4.136277 3.948781
v 15.646084 4.787958 3.992582
v 15.905874 5.755572 4.044590
v 10.879198 10.061012 4.302103
v -8.873343 11.704160 3.421411
v 8.001499 12.936352 3.552273
v -11.412150 14.866066 2.637018
v 11.125550 15.999195 3.434960
v -1.753272 16.153955 3.097105
v -2.788628 17.081837 3.298692
v -4.691158 18.915220 3.204218
v 10.370488 19.083286 3.191673
v -6.371798 19.525208 2.974000
v 9.563829 19.876534 2.529202
v 0.583868 21.547441 3.601286
v 2.175338 24.012236 3.241277
v 1.945636 26.182098 3.602950
v 8.033738 -28.622236 3.185836
v 12.577139 -29.120838 4.234403
v 4.023222 -25.919838 2.921140
v -1.435000 -19.905001 3.116001
v -1.256000 -19.832001 3.116001
v -1.136000 -19.832001 3.085001
v 2.129816 -18.370958 2.808736
v 3.698001 -19.160147 3.433933
v 3.219528 -17.447668 3.077473
v 10.862494 -16.469084 3.673023
v 4.588516 -16.263567 2.297015
v 1.060378 -14.667910 2.789665
v 10.225289 -14.287338 3.533969
v -4.863510 -12.482239 4.298048
v 10.446871 -10.246402 3.525351
v -5.819394 -8.629219 3.535120
v -4.168395 -7.032216 3.478030
v 12.641963 -3.623312 3.594459
v -5.001675 1.461042 3.281438
v 12.579064 2.018973 3.950822
v 13.042330 3.567340 3.045300
v 15.209220 6.945092 3.383865
v -3.788110 8.461892 4.076416
v -4.577878 11.409201 3.526858
v 9.845168 11.306251 3.725686
v -6.314512 11.469088 3.404411
v -9.897504 15.739556 3.165022
v 11.370222 17.396561 4.166406
v -4.616689 18.046684 3.729693
v -8.386134 18.470112 3.144156
v 2.659757 18.412273 3.188042
v 2.730556 19.447292 3.268301
v -6.977421 19.890844 3.179985
v -5.115935 20.538092 3.211138
v 8.799153 21.036718 2.760930
v 6.753011 19.483978 4.055059
v 7.033546 25.912199 3.676983
v 4.721754 -22.558155 4.032149
v 2.066771 -19.532143 3.619649
v 0.099788 -18.658367 4.055490
v 0.676036 -18.975969 3.662478
v 12.652949 -18.654179 3.900161
v 2.630217 -16.262255 3.610980
v 2.516576 -15.424105 3.698207
v 2.554166 -14.275207 4.245732
v -0.063241 -13.330026 3.861451
v 1.122041 -13.146672 3.772950
v 1.356460 -11.829948 3.241983
v -5.018253 -9.536814 4.460485
v 10.222525 -6.751656 3.882267
v -4.314766 -5.798069 3.241282
v -4.002104 -4.031149 3.759060
v 11.848042 -0.932249 3.428886
v -4.804042 -1.443416 4.023050
v 12.198324 -0.398152 3.936192
v 11.897489 0.818345 3.538464
v -5.796644 3.059168 4.083776
v 13.581983 4.011179 3.971338
v 13.170280 10.047071 4.015931
v -8.656904 14.627244 3.612901
v -8.928054 16.467402 4.398071
v 2.291629 17.550436 3.771092
v 0.946179 22.215883 4.584144
v 7.491220 23.230389 3.342711
v 2.656479 24.811537 3.960052
v 4.393341 27.135971 2.969902
v 5.863020 27.270828 3.508141
v 4.319519 -30.185005 3.933381
v 2.290183 -28.140701 3.605874
v 13.753770 -27.203764 5.479012
v 2.305835 -26.030926 4.877027
v 13.511154 -22.431767 4.451014
v -2.174736 -18.896555 4.263240
v -2.569360 -17.378025 4.427552
v 12.204160 -17.030954 4.407442
v 3.970994 -13.984319 4.222435
v -3.759396 -13.921260 4.677949
v -0.133108 -11.916112 3.632134
v 10.262336 -11.364207 4.164471
v 11.123493 -8.267581 4.179799
v -4.526186 -2.996953 4.415420
v -3.618683 1.297858 4.085302
v 13.290750 3.149492 4.834252
v -5.307251 4.615728 4.471687
v -4.119123 6.871799 4.030766
v 14.304513 8.335256 4.067926
v 13.565000 9.516000 3.716999
v -7.294609 10.342298 3.884316
v -8.911596 12.278495 4.058406
v -1.317247 16.112801 4.482315
v 8.804407 19.657686 3.262341
v -4.236404 20.287640 4.152594
v -6.954096 21.112890 4.557180
v -5.944709 21.310888 3.741867
v 6.643910 21.853251 3.330087
v 7.742731 24.887976 4.252803
v 7.128331 -29.785740 3.912914
v 8.385050 -28.568806 4.054087
v 14.120370 -28.062941 4.435579
v 10.344961 -15.710028 4.695807
v 10.842396 -13.015872 3.955365
v 3.014369 -13.450856 4.394603
v -4.693176 -8.978527 4.739143
v -3.573372 -8.473717 4.648726
v -3.706230 -6.662107 4.214088
v -4.221889 -5.711282 4.704210
v -3.236486 -0.430919 3.968672
v -2.632595 0.065025 4.827436
v -5.266563 2.573285 4.893431
v 13.565000 9.568000 3.820999
v 13.630000 9.568000 4.016999
v 9.799270 12.245374 4.423139
v -8.512832 17.661896 4.354920
v -3.402222 17.362976 5.194874
v 7.538331 16.931000 4.106024
v 8.297757 18.170424 4.085275
v 3.681885 18.745607 5.485157
v 10.361986 18.341852 4.442710
v 3.363898 20.332493 5.371959
v 1.137425 20.699463 4.255423
v 6.137416 19.830233 5.343942
v 5.997746 22.638727 4.984305
v 2.626055 24.160389 4.407599
v 4.361232 25.192345 3.863575
v 3.055910 26.604824 4.014060
v 6.169875 26.108034 3.941168
v 6.495982 -29.924147 4.979825
v 3.216243 -28.759993 5.146839
v 10.521447 -28.044453 4.683844
v 13.150068 -23.730730 4.429152
v -1.107612 -18.039078 5.015303
v 4.384710 -12.529853 3.567465
v 10.211253 -9.767976 5.075912
v -3.171243 -7.806674 4.693608
v 12.165587 -7.126395 4.661877
v 11.329004 -5.943254 4.233596
v 13.472028 -3.574460 4.852595
v 13.588984 -1.268233 4.756638
v 12.528215 0.747345 5.198071
v 13.492061 2.188511 4.989760
v -5.740714 6.365463 5.793897
v 15.681814 7.918802 4.818135
v -4.435000 9.990000 4.315999
v -4.500000 10.168000 4.315999
v -8.817532 10.889269 4.857379
v 10.006824 11.223650 5.295518
v -8.277883 14.730449 4.684891
v 0.242646 16.941105 6.208983
v 6.176041 17.305719 4.235243
v 6.188678 18.289928 4.024351
v -4.102252 19.971867 5.380610
v 1.630405 23.163361 5.317265
v 7.512890 23.638523 4.742260
v 4.447795 23.835695 4.695590
v 5.122168 -29.529167 5.226554
v 13.323997 -28.640879 5.227824
v 8.784812 -29.045191 5.892748
v 11.841324 -28.694769 5.276509
v 2.143268 -27.430050 5.146735
v 12.602362 -17.433088 5.277490
v 10.818992 -14.724277 5.570899
v 11.889156 -12.638749 5.332077
v 10.164964 -10.840349 5.268867
v -3.232858 -6.629134 5.202063
v 12.081586 -4.848090 5.315568
v 13.558004 -0.201617 5.395030
v 14.539086 3.501778 5.035289
v -4.435000 9.868000 4.355999
v -5.588822 10.139835 5.085597
v 10.110315 14.151613 4.168126
v 2.551798 17.929461 5.756470
v -3.729384 17.957567 5.979955
v -7.514344 19.000803 3.770642
v -5.190742 21.522472 4.894551
v 6.173961 25.241838 5.165334
v 7.752054 -28.810478 5.689045
v 12.754804 -25.756880 5.014247
v 2.147780 -24.377981 4.876432
v 3.867096 -22.659040 4.861606
v 9.565238 -23.133730 4.775615
v 11.964566 -19.974676 5.850164
v 2.350946 -19.988174 4.985908
v 0.768586 -18.574911 5.492006
v 12.445145 -8.028106 5.550311
v -4.479936 -3.556407 4.885037
v -3.246824 -2.688275 5.237417
v 17.232096 6.082181 5.415246
v -7.789599 9.914616 5.500207
v 12.635027 10.058780 5.675400
v 11.441392 13.039994 5.826414
v 10.430496 14.998032 5.823991
v -8.678977 15.967196 5.241894
v -0.763596 15.922473 5.664510
v 7.632644 16.086615 5.655936
v 8.536888 16.407564 5.098396
v -8.326053 17.139986 5.854256
v 2.832765 23.412155 5.919987
v 5.234801 23.713015 5.198602
v 5.158345 -27.993124 6.001036
v -0.931681 -24.985598 4.880161
v 0.820507 -24.383312 4.729372
v 8.434981 -23.774920 5.072878
v 9.871658 -24.619638 5.931322
v 1.664075 -23.035933 5.556247
v 10.595690 -23.725489 5.579692
v 10.323168 -22.141977 5.852645
v 8.991488 -21.758419 5.605022
v 12.650428 -21.290390 5.921035
v 3.683719 -20.198339 5.012467
v -1.650905 -16.851192 5.799386
v 11.154000 -16.232000 5.217001
v 10.768939 -15.596713 6.002792
v 12.109055 -13.706787 6.145005
v -4.157182 -14.081429 5.565094
v 12.134894 -5.529763 5.529553
v -5.388951 -4.699275 5.668348
v -2.525763 -1.369997 5.771592
v 15.450918 1.277485 5.099682
v -5.363483 5.266754 5.724510
v 17.171312 8.359560 5.437932
v 10.868312 10.463569 5.637712
v -9.254877 13.247056 5.588362
v 10.361212 15.937507 4.990034
v -1.940509 15.943657 5.294537
v 9.777500 17.656956 5.164717
v -8.316568 18.554901 5.628329
v -7.390104 19.326380 6.230594
v 2.749490 20.921579 5.693428
v 2.522622 21.876009 6.343688
v 11.216631 -28.698765 5.882981
v 1.499932 -27.128078 5.739748
v -1.562454 -25.417816 5.432603
v 11.347584 -26.357061 5.380143
v 12.295697 -23.781094 5.648811
v 13.231864 -22.705206 6.109553
v 8.363029 -22.379526 5.148047
v 2.497402 -20.870876 5.452798
v 12.224165 -18.683872 6.239529
v 11.164000 -16.232000 5.379002
v 11.164000 -16.223000 5.517002
v -5.866069 -13.364298 5.423332
v -6.265852 -12.192437 5.794260
v 11.199412 -11.292872 5.980851
v -5.589239 -11.017118 5.901232
v -5.532846 -9.639348 6.092979
v 14.007186 0.705295 5.485015
v -3.970399 2.043275 5.887455
v 16.131430 1.910052 5.727065
v 15.500482 3.614986 5.603371
v -5.273022 7.550917 5.178420
v -6.956381 7.750367 5.094954
v 17.669884 7.424621 5.927874
v -7.117308 9.511078 5.180174
v -4.981782 9.089315 5.370111
v 16.648817 9.203502 6.074339
v 14.584026 8.632386 5.910478
v -8.863119 14.445086 6.159815
v -1.824827 14.264448 5.395620
v 9.125300 14.907970 6.291676
v 5.782635 16.910702 6.067933
v -6.682508 19.985493 6.633953
v 6.902046 24.379631 5.373188
v 7.091193 -28.565786 6.146399
v 9.553203 -29.794600 6.497498
v 3.946984 -27.693724 6.147768
v 1.197131 -27.273794 5.971766
v -0.771194 -27.160639 5.500961
v 2.762406 -26.626617 6.128219
v -2.303814 -24.242151 6.317986
v 8.581511 -24.551727 6.149416
v 7.620375 -23.437675 6.092034
v -0.553036 -23.391500 5.745663
v 0.664000 -23.159000 5.816002
v 0.803000 -23.132000 5.816002
v 0.964000 -23.132000 5.764002
v -2.706528 -15.373935 6.023051
v -4.173762 -8.449216 6.176780
v -3.132240 -7.502979 6.013551
v 12.640307 -7.396749 6.333128
v 13.028769 -3.598450 6.607927
v -4.765098 -3.471718 6.556233
v -3.399796 -3.018969 6.708574
v 13.765070 -1.283199 5.990782
v 9.791174 -0.389394 5.752408
v 14.286345 0.122463 6.051409
v 2.034756 1.807716 5.545045
v 2.198492 2.685300 5.889374
v -7.290603 6.836220 6.076305
v -8.048388 7.597791 6.045165
v 11.288561 11.091299 6.283813
v -8.624044 11.468326 6.493083
v -3.711416 16.994879 5.749344
v 5.141029 18.105196 5.495244
v 3.241879 18.004620 5.747447
v -3.526944 19.386284 6.219860
v -5.074180 20.685310 6.075931
v 3.776599 20.921539 5.785400
v 5.291320 21.337763 5.547642
v -1.596199 -27.571064 6.334479
v -0.158400 -28.050013 6.252572
v 11.629015 -27.391651 6.188588
v 10.389220 -26.256821 6.526010
v 10.862364 -22.819191 6.317736
v 0.972108 -22.328468 6.485909
v -1.009826 -22.024860 6.048449
v -0.035053 -18.459780 6.464413
v 11.699762 -16.968662 6.376716
v -1.125124 -16.090446 6.733270
v -3.606587 -14.011387 6.911354
v -5.594397 -13.864678 6.509994
v 12.128550 -12.439517 6.499360
v 10.869347 -9.767326 6.287321
v -4.680443 -6.023330 6.300526
v 9.447239 -1.984949 6.239600
v 10.491138 -1.226426 5.925478
v 8.724751 -1.141464 6.013932
v 8.482185 0.049322 6.390915
v 11.385541 -0.459844 6.558918
v 2.344983 0.524747 6.030321
v 15.810363 0.635835 6.523801
v 1.163762 0.630637 6.097749
v 3.400718 1.351961 6.345428
v -4.765178 3.807235 6.759671
v 16.340551 3.954032 7.009824
v -8.050196 8.675725 6.435589
v 14.389979 8.748889 6.984680
v -9.228703 12.691954 6.778341
v 12.155299 14.626171 6.543271
v -2.076751 13.603450 6.394109
v -0.722870 14.205280 5.927086
v -4.231498 14.992228 5.895380
v -3.193215 14.631695 6.050575
v -9.295238 15.755510 6.511668
v 4.552048 16.739227 6.635099
v 5.369888 20.025650 6.137164
v 4.930089 22.444324 5.706697
v 11.808416 -28.027395 6.210719
v -2.008832 -22.276478 6.475462
v 8.032779 -22.399958 7.059278
v -1.519137 -20.674738 7.140083
v -0.853827 -17.454901 7.065364
v -2.727063 -6.305498 6.973495
v -5.294178 -4.831304 6.908594
v 11.814069 -5.002114 6.215153
v -2.411984 -1.777048 7.111553
v 8.655546 -1.864426 6.963439
v 11.611154 0.691231 6.197319
v -3.025318 1.041422 7.012073
v 9.286045 0.844674 6.850850
v 10.141306 1.715356 6.696113
v 0.666927 2.403795 6.435616
v -3.026283 3.356442 7.168401
v 16.207489 2.159830 6.933182
v 1.514425 3.223167 7.017122
v 17.626757 8.403884 6.953867
v 13.244892 9.301939 7.498187
v -7.646343 10.307179 6.937131
v 12.515973 13.679704 6.817195
v 0.168554 14.861054 7.542602
v -5.675251 15.702694 6.926774
v 8.044562 15.810599 6.792640
v -9.088238 16.324139 7.360459
v -4.955855 17.141836 6.729836
v -7.921023 17.471189 6.830952
v -4.005509 20.159111 6.938768
v -5.405026 20.282938 7.440116
v 10.592177 -29.636980 7.342013
v 6.337721 -27.512093 6.824094
v 1.914815 -26.371090 7.104081
v 9.751662 -24.439089 7.486674
v 12.779290 -23.798687 7.226915
v 13.954960 -23.431040 7.173589
v 11.586359 -22.902302 7.389189
v 1.141936 -21.505192 7.295078
v 9.910147 -21.969393 7.240981
v 12.688200 -19.366522 7.398492
v 11.666387 -18.218567 7.270811
v -2.750131 -14.914876 7.342968
v 11.328847 -14.700546 7.258955
v -5.302709 -11.081768 7.028754
v 11.969257 -8.174673 7.102345
v -2.515776 -8.440258 7.004271
v -4.441422 -5.633525 7.396599
v 3.266323 0.469511 7.458112
v 0.368445 1.361574 6.965491
v 18.107401 4.979444 7.053964
v 18.327545 6.183250 7.761065
v 17.711084 7.218394 7.398455
v 11.913524 10.705949 7.897933
v 12.904802 12.908283 7.789946
v -8.754769 14.134554 7.461874
v -0.302149 14.052070 7.620263
v -3.013952 14.132649 7.078921
v -3.618861 18.817118 7.267480
v 11.409570 -28.526680 7.599648
v 0.667140 -27.981880 7.416805
v -2.004249 -26.947771 7.587332
v 4.415170 -27.518372 7.663533
v 2.958788 -26.475195 7.035119
v 8.074075 -23.970903 7.073570
v -2.636000 -22.375999 7.017002
v -2.636000 -22.232000 6.975002
v -3.338249 -21.579960 7.624518
v 13.842788 -20.801874 7.156010
v 1.984676 -19.735844 6.412477
v -0.031339 -19.601933 7.452808
v 12.038499 -16.509493 7.938622
v -5.306467 -13.093482 7.618927
v -5.944312 -12.362832 7.183944
v -4.855786 -9.409415 7.478280
v 11.089652 -10.122596 7.863355
v 6.982037 -10.497592 7.048254
v 6.220837 -9.284693 6.697295
v 7.961398 -9.315212 7.247193
v 12.289432 -6.349167 6.824172
v 11.161292 -3.217072 7.331252
v 8.148342 -1.025579 7.199745
v 12.892385 -0.503199 7.266205
v 1.755839 0.169485 7.777711
v 15.080416 0.580557 7.702769
v 3.499266 2.442881 7.221759
v 11.565194 1.738882 6.938704
v -5.574295 4.968756 8.250555
v -7.445482 6.791237 7.843510
v -8.097516 8.689948 7.970062
v 12.273511 11.932400 8.400172
v -4.972760 14.127144 6.804681
v 11.429521 15.339231 7.644374
v 0.385123 15.619214 7.955284
v 1.843172 17.354462 7.189438
v 5.661011 16.590952 7.605300
v 3.444780 16.868002 7.723202
v -6.047290 17.823835 7.346659
v -4.651616 18.309860 7.976098
v -0.691104 -28.132309 7.581996
v 6.594250 -27.171247 7.474689
v 5.918000 -27.332001 7.316002
v 6.065000 -27.332001 7.274002
v 10.298050 -26.354862 7.855446
v 10.660045 -22.740213 7.285635
v 14.646346 -22.690454 7.490476
v -2.636000 -22.532000 7.070002
v 14.328198 -19.406748 7.910856
v 11.953363 -18.553522 8.030380
v -1.343995 -15.504001 7.508265
v -3.090713 -13.246544 7.547616
v -2.308029 -9.419469 7.882088
v 5.599231 -8.482565 7.341543
v 7.689733 -7.780069 7.887791
v 6.065000 -8.176999 7.316000
v 6.164000 -8.131999 7.316000
v 6.364000 -8.131999 7.253000
v 11.653033 -7.103495 7.741891
v 10.584365 -4.463241 6.567606
v 10.077242 -4.223182 7.534930
v -1.808186 -2.176469 7.721245
v 13.065434 -1.836896 6.863761
v 10.950727 -1.909166 7.001796
v -3.143128 -0.352193 8.121917
v 13.602571 0.071377 7.666587
v 0.739737 0.883687 7.901274
v 9.607615 1.684197 7.792724
v -1.912265 2.603540 7.476855
v 0.775943 2.502466 7.952497
v 15.704214 3.284649 7.784092
v -7.923917 7.672766 7.843225
v 15.974257 9.158443 7.660977
v -9.729188 11.609602 8.348515
v -1.240334 13.643135 7.988492
v 12.525785 14.424847 8.208395
v 9.672679 15.267648 7.865807
v 7.251755 16.683083 7.406927
v -6.586241 17.125885 7.220176
v 9.212639 -29.366358 8.236427
v 7.803707 -28.357395 7.873603
v 5.765000 -27.332001 7.352002
v -1.981513 -26.450983 8.095521
v -3.149469 -25.497156 8.006355
v -3.310017 -24.012060 8.400450
v 9.219984 -22.843355 8.022770
v 14.541565 -21.384674 8.090588
v -2.755780 -20.675222 7.692084
v 0.809527 -20.493200 7.524856
v -1.426952 -19.762943 8.508504
v 14.890214 -20.243217 8.208352
v -0.748058 -15.429896 7.994962
v 10.952082 -14.620669 8.903261
v 11.523248 -11.525907 8.051365
v 5.743522 -10.750948 7.764371
v 4.774829 -9.364161 8.392722
v -1.545352 -8.457028 8.356230
v 6.089441 -7.446216 8.373047
v -1.696733 -6.331592 8.599743
v 10.394103 -6.254843 7.734060
v -2.115266 -5.646220 7.914960
v -3.167121 -4.708146 7.984890
v 9.863116 -5.443490 8.663651
v -4.505422 -4.150244 7.541045
v 10.355294 -2.307064 7.482193
v 13.073034 0.248741 7.886361
v -2.795069 0.987097 8.080409
v 15.671446 1.638381 7.986510
v 10.602805 2.157346 8.759722
v 2.627226 2.792556 8.068574
v 16.325254 4.155101 8.051129
v -4.300745 3.865244 8.044696
v 13.393008 13.506857 7.759552
v -5.832147 14.258354 8.258992
v -6.480000 15.868001 7.615999
v -8.255670 16.451536 8.032189
v -6.536000 16.033001 7.615999
v -6.536000 16.167999 7.556999
v -0.285443 -27.594990 8.559980
v 4.965770 -26.581488 8.436177
v 6.677165 -25.954515 7.773127
v 3.279232 -25.644255 8.189741
v 5.030296 -24.746893 7.961920
v 6.777713 -24.679632 7.529723
v 9.600775 -24.727180 8.633637
v 7.963123 -23.557024 8.463017
v 10.035498 -23.568705 7.912710
v 12.240933 -15.966373 8.697719
v -0.914342 -14.376323 8.364371
v -2.195559 -13.724312 8.381339
v 11.257206 -12.986216 8.607611
v -3.719324 -12.059813 7.984228
v -3.162038 -10.183607 8.263680
v 7.149110 -11.397942 8.649273
v 11.938085 -8.732294 8.229469
v -1.658508 -2.959143 8.459540
v 10.672834 -3.462847 8.305637
v 8.423530 -0.695693 8.228367
v 15.725818 1.903065 9.001987
v -1.877824 3.439736 8.020691
v 17.400946 4.412340 8.174107
v 17.792711 4.957520 8.608880
v -5.805782 6.198456 7.339447
v 14.764389 10.554207 8.682418
v -8.871059 10.345868 8.743559
v -9.960098 12.748369 8.389601
v 14.522655 12.694858 7.661970
v 15.268160 14.056092 8.194830
v -4.558783 13.700639 8.462185
v -2.098719 14.387164 8.965238
v 1.689908 15.328976 8.019718
v 3.018392 16.568495 8.083049
v 7.828970 17.243549 8.852371
v -5.883854 19.134314 7.842418
v -4.702251 19.757166 7.941599
v 9.365452 -28.116360 8.792447
v 10.944697 -27.276161 8.311271
v 5.416416 -24.036530 8.099618
v 13.952435 -24.300562 8.536070
v 11.839143 -23.611301 9.197693
v -2.988062 -23.275103 8.701780
v 14.919418 -22.957289 8.815894
v 8.739017 -10.208450 8.683743
v 9.298269 -9.946923 8.901727
v 11.425931 -7.606846 9.119031
v 10.422021 -2.668376 8.219150
v -1.501970 1.290202 9.361788
v 16.629744 8.437326 8.048815
v 15.651802 12.633422 8.235785
v -8.684763 14.366594 8.209074
v 13.092594 14.299741 8.606388
v 10.677761 14.817975 8.976947
v 2.562554 15.428853 8.202183
v 8.870495 16.613264 8.314071
v 6.213898 16.791170 9.158312
v 4.825834 17.442797 9.255045
v 10.442236 -28.773586 8.600806
v 9.365556 -26.911640 8.606358
v -1.036520 -26.150803 8.875690
v -2.435363 -25.822931 9.415131
v 1.886350 -25.698511 9.374400
v 8.898609 -24.956007 8.915333
v 10.666920 -23.394098 9.080402
v -2.987360 -21.873455 9.526096
v 14.889451 -21.152481 10.059679
v -1.309804 -17.866116 8.476546
v 13.197878 -17.984756 8.862027
v -2.959099 -12.429880 8.762793
v 5.444000 -10.531999 8.517001
v 11.231471 -9.367158 8.950667
v -2.718478 -4.593430 8.687998
v -1.221068 -1.330377 9.547095
v 8.298081 -0.449384 9.487614
v 13.042109 0.352039 9.130067
v 14.984131 0.199963 8.874313
v 9.451022 2.104472 9.199655
v 1.715701 1.251118 8.680679
v 2.789040 1.807475 8.644657
v 12.155609 1.690190 9.010212
v 16.287897 3.669168 8.953902
v -2.950446 4.356647 8.811770
v -4.830829 4.670212 8.779452
v 17.760000 4.768001 8.517000
v -8.285127 6.259219 8.632449
v 16.487368 9.147492 10.147810
v 16.273115 9.826836 9.288756
v 14.987491 11.312233 8.646049
v -9.227486 13.930075 8.976533
v -1.136000 14.006001 8.516999
v -0.931000 14.068001 8.516999
v -0.836000 14.068001 8.475999
v -6.993789 14.702888 8.171142
v -2.774193 14.045681 9.231024
v 14.450386 14.724788 8.963811
v 1.738922 14.745317 8.905660
v 9.576555 15.634847 9.481970
v -7.152906 15.945374 8.190987
v 8.278255 -25.918379 8.878771
v 0.913646 -26.235413 8.683547
v -2.985919 -24.792130 9.596919
v 3.526942 -23.322588 8.958386
v 9.042540 -24.315617 9.390466
v 6.033754 -23.262457 9.271711
v 4.770166 -22.598503 9.684812
v -2.922517 -20.977598 9.408598
v 14.590519 -19.480883 9.275661
v 13.478900 -18.451258 9.435285
v -0.602657 -16.301796 9.154012
v 13.458247 -16.511312 9.468150
v 10.738464 -10.739153 8.440796
v 5.464000 -10.531999 8.703001
v 5.478000 -10.531999 8.816001
v 4.877348 -9.918648 9.797755
v 8.885474 -7.922523 9.592566
v 5.464000 -8.083999 8.816001
v -0.602046 -6.532249 9.738845
v -2.229831 -0.299019 9.625801
v -2.369994 0.297717 9.565567
v -11.446021 3.110709 8.756329
v -9.215376 4.320921 8.446356
v -2.001218 3.629881 9.610987
v -11.038659 4.438113 8.261921
v -8.047091 4.239461 8.463532
v -7.055199 5.097328 8.628018
v 17.764999 4.732000 8.816000
v 17.764999 4.768001 8.675000
v -9.757313 5.520968 9.180428
v -5.650735 4.670527 9.442118
v -8.762697 7.833358 9.355469
v 16.723417 12.697146 10.270291
v -6.811843 13.705537 8.949961
v -0.481097 14.446839 8.689243
v 11.815346 13.555367 9.428107
v 2.933003 15.432012 9.642342
v 1.902345 -24.805199 10.387563
v 14.549135 -25.419500 9.162983
v 6.856000 -23.132000 9.116002
v 6.964000 -23.132000 9.072001
v -0.335985 -14.842460 9.532326
v -2.745239 -12.801731 10.168876
v 6.439316 -11.423810 8.836687
v 8.037614 -12.942286 9.217407
v 8.810323 -11.483231 9.335975
v 10.278692 -8.908202 9.721198
v 5.464000 -8.191999 9.116001
v 5.464000 -8.131999 8.955001
v 7.722596 -7.697330 9.555788
v -2.244267 -5.714764 10.057564
v 10.896234 -4.085542 9.692584
v 10.639194 -2.504182 9.839363
v 9.110391 -1.755420 9.640908
v 14.234800 0.265284 9.610128
v -1.352338 2.488707 9.813198
v -10.161318 3.055142 8.405249
v 9.747609 3.417752 9.168610
v -8.216187 3.205174 9.747005
v -6.363068 3.929412 10.036375
v -3.454722 5.497232 9.173354
v 17.209871 5.850678 9.399008
v 16.409630 6.496785 9.492410
v -8.912162 6.700239 9.877148
v -8.703920 9.515317 9.946063
v 16.085947 11.054770 9.955150
v -11.337251 12.702701 9.256740
v -3.685199 12.812863 9.345714
v -10.769288 14.109318 9.535227
v -2.355011 14.605980 9.741736
v 1.071363 14.976366 9.533590
v -0.192803 15.737591 8.853837
v 1.164313 -24.997810 10.352094
v -0.145344 -24.865074 9.505013
v 10.859878 -24.074842 9.845508
v -2.019010 -23.296453 9.926081
v 6.664000 -23.132000 9.174002
v 16.146265 -22.719765 9.761717
v 7.589150 -22.461243 9.718304
v -1.753265 -19.175020 10.049572
v -1.407378 -17.722969 10.342635
v -1.097770 -14.067478 10.313934
v 9.652379 -13.591063 9.278661
v 6.095120 -12.974237 9.571618
v 10.638371 -12.123252 9.104763
v -2.871623 -10.114774 10.090326
v 5.684077 -8.110714 9.988916
v -0.448730 -7.191052 9.303434
v 9.509430 -7.284978 9.603733
v 9.904655 -6.165392 8.702299
v -2.696566 -4.115671 10.336490
v 8.915489 1.307938 10.229388
v 16.513205 2.363120 9.569695
v -10.834776 2.333116 9.899134
v 12.439427 3.291160 10.304805
v 9.065000 2.827001 9.417000
v 9.028000 2.968001 9.417000
v 17.891256 4.148726 9.106273
v 19.080273 3.717782 10.096859
v -12.104949 3.872167 10.210310
v -11.396228 5.272279 9.351458
v -3.140494 5.975736 10.109145
v -10.225252 10.771144 9.323743
v -5.212574 12.417889 9.478910
v 15.361618 14.577967 9.890059
v -1.472782 16.466560 9.821043
v 8.448317 16.557554 10.129474
v -1.220063 -24.827406 9.946609
v 13.769116 -26.065899 10.329900
v 15.335913 -25.583689 10.272382
v 11.776461 -25.608446 10.271692
v 16.426037 -24.005386 10.026122
v 5.503056 -21.585869 10.219780
v 11.731142 -15.377955 10.148864
v 0.530168 -14.868933 10.458707
v 9.257732 -14.046020 9.955241
v 0.676036 -5.714039 9.865335
v 9.130498 -5.600104 9.780971
v -1.397488 -2.377834 10.803459
v 13.506921 1.417481 10.154582
v 13.155111 2.448610 10.214538
v 17.973114 2.336410 9.580743
v 9.065000 2.668001 9.449000
v 11.141273 4.627603 9.749528
v 16.042492 8.106335 10.549663
v -3.741114 9.136696 9.543080
v 1.965664 15.082151 10.326599
v 3.850060 16.918959 9.860992
v 9.790330 -24.021177 11.125135
v 8.607138 -23.221729 11.287940
v -3.015699 -20.208059 10.608622
v 13.429596 -16.597912 10.528085
v 5.451231 -11.350474 10.181510
v -0.522757 -8.143094 9.863032
v 1.141700 -8.227119 9.693314
v 2.609187 -6.547322 10.018488
v 8.760436 -7.117119 10.464555
v 1.980007 -5.392363 10.530508
v -1.517008 1.788386 10.511854
v 18.986364 2.518401 10.414227
v -9.020662 2.667806 10.253432
v 8.275281 3.542928 10.018270
v 9.278321 5.153979 10.462193
v 12.313902 4.346220 10.489552
v 18.194866 4.972737 10.969920
v -4.626789 5.967017 10.419850
v -9.405794 6.147464 10.374185
v 16.346382 7.048476 10.785975
v -4.423945 7.612916 9.762069
v -8.074773 8.533302 10.968498
v -2.710207 8.909978 10.147975
v -10.207442 10.359291 10.693031
v -11.496475 12.346216 10.731503
v -11.515670 13.276639 10.388126
v -7.207179 12.686801 11.037272
v -7.351452 13.576195 10.206724
v 16.730154 13.956219 11.346172
v 11.245558 13.639023 10.816995
v 12.890000 13.768001 10.016999
v 13.196000 14.068001 10.016999
v -9.738540 14.303995 10.771204
v 14.072173 14.778183 10.249005
v 10.301671 15.349129 10.276588
v -0.595177 -24.426748 10.495204
v 16.634136 -22.892591 10.518567
v 3.965417 -23.025106 10.784473
v -2.994197 -21.528345 10.927607
v 13.261045 -18.817585 9.958740
v 0.411236 -16.209492 9.953588
v 0.855811 -15.591128 10.993270
v 9.150501 -14.227018 11.223566
v -0.307513 -13.890241 11.267409
v 7.651325 -14.207546 10.644404
v 4.430905 -10.322062 10.201021
v -0.063732 -5.397896 11.119913
v 7.495896 -0.197576 10.928227
v 14.897989 1.420296 10.470344
v 18.193180 1.770573 10.870654
v -1.201078 2.454518 11.435282
v -1.792955 5.240160 11.509957
v -10.245772 5.721221 10.965858
v 10.903546 5.539106 10.772347
v 17.924753 6.235620 11.306183
v -3.095250 6.948509 10.868636
v -4.603319 9.407518 9.867273
v -4.235360 11.803308 10.783656
v -10.916870 13.849320 11.080934
v 12.964000 13.717001 10.315999
v 12.964000 13.768001 10.161999
v 13.265000 13.997001 10.315999
v 13.265000 14.068001 10.170999
v 10.524454 14.742350 11.275217
v 6.165989 16.120947 10.415260
v -0.069447 16.670290 10.180021
v 4.062366 16.486837 10.768543
v 12.400474 -26.052711 11.202675
v 11.105622 -25.000366 11.665069
v 2.831712 -23.505966 11.163350
v 4.874110 -21.662163 10.768983
v 12.716320 -20.243773 10.506028
v -1.209456 -19.162107 10.899349
v 5.598649 -13.563943 10.006581
v -1.547077 -12.827069 11.016267
v 4.065148 -12.077561 10.606466
v -2.143635 -10.760163 10.928862
v 3.334392 -10.927692 10.505917
v -0.553493 -9.015502 11.179463
v 3.048046 -8.119592 11.560928
v 5.888980 -7.967174 11.916405
v 7.248439 -7.854530 11.073276
v 3.919258 -7.149242 11.379295
v -1.744328 -5.142688 11.323009
v 9.185033 -6.161679 12.577183
v 9.487931 -4.931120 10.684005
v 7.487421 -1.150399 10.615091
v 7.828338 0.911656 11.193201
v -6.120000 3.915652 11.117799
v -4.289566 6.612043 10.442628
v -7.554091 7.047417 11.448239
v -2.128079 8.084506 11.411340
v -2.479947 10.047932 11.254147
v -4.076993 10.724029 11.072254
v -5.490331 12.222539 11.222119
v 12.787540 13.522279 10.955832
v 16.351120 14.898620 11.014414
v -2.494657 15.536346 11.251013
v 0.849712 16.228935 11.496815
v 3.442265 16.627033 11.178596
v 5.197534 15.560380 10.983438
v 14.375626 -20.628935 10.591739
v -1.991616 -20.008944 11.749418
v 12.780790 -17.515572 11.263561
v 0.209651 -17.097076 11.111293
v 4.236294 -13.620241 11.073701
v 4.999474 -8.417681 11.385950
v 8.350359 -7.434421 11.339813
v 3.236573 -5.352746 11.025800
v 10.464045 -3.593342 10.669045
v -3.230602 0.503919 11.172730
v 7.511375 2.764906 11.141281
v 16.729919 1.946199 11.321901
v -10.855031 3.099806 11.229041
v -8.577271 2.877022 12.553283
v -7.486233 3.895177 11.864932
v -1.419647 4.146047 12.085008
v -11.095907 4.385921 11.364913
v 12.111380 4.743031 11.659596
v -5.659420 6.493546 11.417322
v 16.423731 11.768200 11.704053
v -8.467772 13.583997 10.339992
v 14.035601 15.401582 11.747360
v 14.963550 15.636213 11.219817
v 2.425471 15.509781 11.219383
v -1.333093 16.773886 11.377756
v 14.547276 -25.738964 11.605152
v -0.041482 -25.024673 11.931890
v 0.870709 -25.343204 12.270486
v 2.163543 -24.758856 12.447412
v -0.996272 -22.398808 11.784794
v 16.530046 -23.997759 11.630638
v 3.941439 -22.389339 12.216712
v 16.078377 -21.334200 11.714675
v 11.544426 -19.196522 10.754848
v 0.383391 -19.585394 11.271731
v 10.246522 -18.819504 11.116859
v 0.809114 -18.351490 11.535652
v 6.657089 -15.776245 11.064379
v 5.289751 -15.408213 11.770822
v 0.283866 -14.587521 11.581962
v -0.582552 -11.605921 11.046415
v -0.618254 -9.941468 11.453359
v 2.009882 -9.067529 10.836241
v 9.073050 -4.485301 11.296230
v 9.283192 -2.559647 10.828798
v 8.184743 -2.485633 11.620142
v -3.016391 -0.783695 11.518142
v 19.033691 3.258605 11.645195
v 8.912965 5.138170 12.044417
v -5.977212 9.284560 11.001616
v -7.199322 9.723351 11.145061
v 16.144775 10.092296 11.534369
v -8.354095 9.357887 11.302731
v -10.650921 12.117704 11.608562
v -1.966430 12.786563 11.333470
v -2.102787 13.838945 12.643440
v 13.214677 14.434598 11.823639
v 4.376372 15.891127 12.110641
v 7.404082 16.287273 11.858269
v 7.440412 -21.786264 11.215723
v -2.392233 -21.491554 11.815806
v 11.903169 -20.728329 11.727639
v 11.855415 -16.759968 11.540133
v 5.775373 -15.677328 11.199756
v 10.792681 -15.370467 11.978090
v 0.800299 -12.014050 11.762151
v 2.587163 -9.681355 11.092296
v -0.900925 -4.288854 11.703033
v 1.009926 -5.254465 11.977226
v 2.695264 -4.627794 12.045012
v -0.316538 -2.192154 11.951309
v -0.587043 -1.312040 12.653174
v -2.070670 -1.451134 11.407585
v -2.809462 1.471158 11.952987
v 6.934757 2.489122 12.928461
v 15.279305 1.699779 12.027959
v 18.086966 2.289242 11.918450
v -9.487171 2.482669 12.181277
v 13.690359 2.369622 12.226947
v 12.689523 3.082438 12.149214
v -6.235094 4.796853 12.104081
v -8.428552 5.596791 12.125767
v -1.731117 6.817348 11.562086
v -6.335393 8.146763 10.978631
v 16.419294 6.989049 13.126889
v 15.681933 7.955798 12.402988
v -1.825920 9.207974 12.413766
v -5.460348 10.099277 11.684700
v -6.834883 10.820743 12.059962
v -2.298060 12.259294 11.251566
v -6.802240 11.821944 11.797816
v 9.331971 14.971448 11.742650
v 1.646764 16.560539 11.900304
v 10.045039 -24.724644 12.385135
v -0.462316 -24.108662 12.909988
v 2.927440 -22.912102 12.286481
v 5.581203 -21.486155 11.565988
v 15.332837 -20.810989 12.418948
v 10.219571 -20.117495 12.493217
v 9.673958 -17.728828 12.117845
v 7.910792 -17.580112 11.624264
v 0.454943 -16.476223 11.809779
v 7.346656 -16.776657 11.562899
v 8.234235 -15.777228 12.136179
v 8.543211 -14.807766 11.938460
v 0.560709 -14.070653 12.066379
v 2.038239 -11.324865 11.586109
v 0.980085 -10.193039 11.841264
v 8.725020 -8.269147 12.548306
v 4.163947 -5.974729 11.904173
v 3.613000 -5.431999 11.816000
v 0.136917 -4.546816 12.529325
v 8.078064 -3.596619 11.772347
v 0.181953 -3.015440 12.965367
v 7.863770 0.877541 12.922506
v -3.134383 0.913173 12.488531
v -10.700920 3.345925 12.531178
v -7.870239 4.345179 12.523211
v -10.646283 4.707710 12.748531
v 18.053211 5.982580 12.489828
v -0.471677 8.359718 12.932251
v 15.673156 9.027397 12.611604
v -1.899077 10.520102 11.597101
v -9.736286 13.221845 11.870110
v 12.260445 14.078660 12.026853
v 5.631596 15.442986 11.750727
v 3.654296 17.543285 12.465539
v 13.043850 -25.559687 12.271305
v 11.755676 -25.018295 12.487259
v 9.238984 -23.729954 13.124992
v 8.203032 -23.444103 12.822671
v -0.637967 -21.200775 12.113410
v 13.191981 -20.945589 13.393479
v 1.843802 -19.056593 13.310225
v 5.477286 -18.067900 12.342722
v 4.701611 -14.196253 12.802483
v 3.335720 -13.426388 12.154274
v 3.057794 -12.089508 11.774632
v 7.421953 -8.963637 12.688038
v 3.664000 -5.431999 11.997000
v 3.664000 -5.401999 12.116000
v 8.086977 -1.894825 12.591697
v 11.119431 5.161186 12.565526
v -9.364716 5.114473 13.143162
v -7.031990 6.122825 12.223171
v -0.647636 6.892881 12.546534
v -8.166966 10.237800 12.967384
v -9.451990 9.841527 12.323256
v -5.371639 11.193896 11.920218
v 16.643290 10.760612 13.225591
v -10.414918 11.044005 12.426249
v -1.344457 11.625766 12.663248
v -7.990235 12.668085 12.610440
v 10.673479 15.000051 12.880765
v 6.119378 14.948020 12.596630
v -2.713812 16.713209 12.230607
v -1.876498 17.470610 12.756070
v 2.254989 17.988125 12.318838
v 14.116261 -24.074816 12.481112
v 7.325472 -22.752123 12.593315
v 5.407640 -22.462749 13.424153
v 6.932779 -18.875595 12.544624
v 9.319917 -18.296392 12.393461
v 1.005042 -17.130760 12.918804
v 5.115952 -16.753077 11.957691
v 10.540865 -16.553087 12.456439
v 2.115907 -13.632776 12.416416
v 5.551323 -5.911221 12.643028
v 3.770467 -4.618041 13.488892
v 9.063192 -5.567266 13.471477
v 7.915273 -3.300462 13.259263
v -2.120382 3.409200 12.672089
v 12.793036 4.033274 13.001801
v 18.249044 4.282226 12.050927
v 8.736671 5.465148 13.548203
v -1.017474 4.344434 13.338192
v -1.012661 5.961181 13.082962
v -9.418051 12.047485 13.323961
v -3.211184 15.517669 12.670317
v 8.664919 14.359785 13.194916
v 4.692822 15.306003 12.889221
v 7.335701 15.187353 12.908055
v 12.685944 -24.166130 13.284537
v 14.765000 -23.760998 12.717002
v 14.915000 -23.731998 12.717002
v 15.065000 -23.701998 12.717002
v 7.819549 -19.280920 13.471054
v 0.594353 -16.367432 13.920677
v -0.081509 -15.278320 12.835325
v 1.146891 -13.984467 12.941680
v 1.666682 -3.992745 12.945684
v -2.379842 -0.494578 13.004036
v 15.553735 2.691474 12.742852
v -3.447484 2.758378 12.766898
v 6.966068 3.555472 12.870187
v 13.853565 2.937051 13.086243
v 17.024347 3.339292 12.755207
v -1.745904 12.562371 13.898742
v 11.334036 14.498033 13.591819
v 16.024521 15.248454 12.252662
v 15.078867 15.015954 13.148687
v 0.038847 17.462141 13.250167
v 1.680091 19.016424 12.554189
v 1.206034 -24.200615 13.502190
v 10.779485 -24.614052 13.588256
v 13.829576 -23.069530 13.658725
v 15.613921 -22.604046 13.191161
v 3.060102 -22.808674 13.186067
v 4.220614 -22.949024 13.986983
v 0.713759 -20.828230 12.797638
v 9.664000 -19.653997 13.017002
v 9.629000 -19.531998 13.017002
v 5.225157 -18.667894 13.405649
v 4.617739 -15.415428 13.635383
v 4.147957 -14.388123 13.607758
v 6.230646 -8.036095 13.690457
v 5.551194 -4.755726 14.202571
v -9.619755 3.617928 13.374379
v 15.600347 4.000884 12.922862
v -1.421064 9.870695 13.365387
v -9.139439 10.534358 13.280443
v -2.878320 14.900791 13.666122
v -2.964930 16.323362 13.746877
v 4.117480 17.873817 13.828751
v 0.350202 -22.974682 13.352552
v 2.150679 -22.941488 13.322684
v 7.152297 -22.808748 13.471753
v 2.677814 -22.419413 13.645123
v 2.282001 -20.924095 13.614445
v 9.664000 -19.831999 13.069002
v 2.037018 -17.111118 13.779326
v 8.699311 -7.930787 13.780995
v 8.980297 -4.767922 13.997877
v 1.340794 -2.869457 13.483590
v 0.042908 -2.539600 13.572079
v -3.634651 3.448212 13.933808
v 14.316353 4.594150 13.715861
v 16.045908 5.387062 13.795153
v 17.484657 4.922584 13.267992
v 11.316894 5.555128 13.917893
v -0.220758 7.795339 14.141211
v 8.648543 6.562825 13.396173
v 9.579313 7.880534 13.518745
v 7.318027 8.033205 13.322398
v 8.536830 8.416805 13.103162
v 16.377954 13.931493 12.796990
v 13.390803 13.929832 13.648722
v 13.815496 14.114442 13.312565
v 4.370254 16.310440 13.847440
v -0.356466 17.280380 13.714619
v 0.381245 18.464323 13.699354
v 2.912815 19.626326 13.564451
v 1.457005 19.687330 13.407993
v 9.216772 -23.272789 13.742764
v 9.253689 -20.589106 13.884254
v 9.093238 -18.976545 13.153982
v 2.681253 -18.394688 14.378986
v 0.546493 -14.897203 13.999397
v 1.595837 -14.624878 14.253347
v 7.443196 -8.191101 14.295512
v -2.736086 -0.223276 14.375943
v 8.359424 0.278608 14.425204
v -4.121681 1.722429 13.762550
v 7.277736 2.891732 13.906016
v -2.294914 3.919964 14.383851
v 7.812538 3.973567 14.099755
v 7.034815 6.712777 13.923400
v 9.180210 9.024817 14.013366
v 16.820520 8.906886 14.426259
v 16.133038 11.559789 14.020700
v -7.929040 11.651421 13.247658
v 15.885023 12.731098 13.067044
v -1.673391 14.031805 14.170633
v 5.856681 15.017117 14.235368
v 7.735784 14.892508 14.865786
v -1.921380 16.985508 14.079263
v 11.108026 -23.661711 14.162592
v 12.196532 -22.589348 13.754458
v 5.534033 -22.019234 14.595868
v 8.015545 -22.252726 14.264375
v 13.807914 -22.093733 13.861153
v 11.852659 -21.257366 13.102495
v 3.365705 -19.664078 14.243738
v 6.790644 -19.952913 14.739663
v 3.186849 -16.841007 13.951668
v 4.314062 -16.696280 13.407393
v 8.183910 -4.282792 14.736717
v 2.412212 -3.977254 13.820534
v -0.503359 -2.389937 14.849831
v -1.264445 -1.039328 14.875236
v 15.472949 6.580972 13.909476
v 9.635975 6.709400 14.482873
v 15.976111 8.097322 13.707402
v 17.108597 10.316745 14.621993
v -2.487474 11.160877 14.560272
v 9.840650 14.040129 15.464563
v 10.652760 13.818583 15.171937
v 0.874954 19.233641 14.868053
v 9.133122 -21.994158 14.312396
v 10.495666 -22.236254 13.891154
v 3.269003 -21.894394 14.974741
v 4.125880 -17.806522 14.230479
v 2.638777 -15.624149 14.146062
v 6.783254 -6.292852 14.583613
v 6.396000 -3.031999 14.217000
v 6.364000 -2.932999 14.217000
v 6.305000 -2.731999 14.217000
v 7.025797 -1.140214 13.993671
v 7.470931 -0.850136 13.588974
v 12.704593 5.430203 14.487680
v 11.653024 5.232571 15.220402
v 7.623385 6.118842 14.732961
v 14.356392 6.885760 14.015923
v -1.447301 6.336486 14.415612
v 15.122279 7.457812 14.589610
v 6.758111 8.042323 15.002084
v 9.834527 8.403085 14.727953
v 7.652207 9.153462 14.507856
v -1.984953 10.066591 15.040671
v 14.138734 12.328444 13.662446
v 0.088731 16.635477 14.424713
v 2.226813 19.649641 14.976273
v 6.777954 -22.064283 14.787956
v 3.717622 -20.780245 15.226073
v 4.508867 -19.285311 14.160110
v 7.765360 -6.652287 14.451605
v 3.718915 -4.458236 15.229596
v 1.798634 -2.414973 14.898678
v 6.096890 -0.769290 14.878349
v -4.636829 1.598752 14.784191
v -4.949109 3.953465 15.127028
v 8.376980 2.000122 14.721286
v -4.140300 4.406467 14.880844
v -1.643180 5.193129 14.936708
v 13.499403 7.068980 14.888798
v 8.525128 9.160657 15.167858
v 13.890947 11.740895 14.415188
v -0.991238 12.685794 15.590923
v 11.998803 14.504432 14.466174
v -1.044453 15.820691 15.037315
v 4.901944 15.741679 15.039441
v 0.892092 17.334023 15.194900
v 4.372240 -21.848673 15.208688
v 5.542156 -20.527107 14.707427
v 4.840493 -4.182647 15.586086
v 7.153553 -3.247162 13.883588
v 6.118891 -4.113437 14.832134
v 5.419446 -1.493291 14.965485
v 7.993526 0.328432 15.855359
v -4.399776 -0.018323 15.255385
v -2.307097 4.559439 15.161746
v 9.846015 4.082961 15.611423
v 8.924715 5.115797 14.592272
v -0.009498 9.088482 15.513716
v 15.978553 11.308703 15.530772
v 13.017495 12.390731 15.680028
v -1.007708 15.162064 15.108621
v 12.530334 13.886544 15.391364
v 4.669344 17.443352 15.675206
v 7.286977 -21.051247 15.057353
v 7.880315 -5.350021 15.138612
v -3.692630 -0.704550 16.093985
v -1.714491 -0.375255 15.501869
v -5.108547 2.967951 16.004255
v 12.365465 5.604388 15.443746
v -1.422801 6.624739 15.694412
v 7.425184 7.746706 15.978759
v -0.119898 7.412702 15.921292
v 14.308146 7.656250 16.643026
v 16.755566 9.922556 15.785418
v -2.183767 11.726076 15.500896
v -0.391404 13.639505 15.926095
v 6.205063 13.999865 16.280972
v 3.221132 18.520670 15.335479
v 5.290570 -2.468962 16.045336
v 0.632999 -2.012473 16.088671
v 8.666529 6.886516 15.863317
v 15.340882 7.736245 16.045254
v -1.719439 10.131518 16.236902
v 8.143465 15.082704 16.159412
v 2.118580 18.295671 15.802841
v 2.980859 -2.574640 15.958598
v 5.779557 -0.884942 16.058022
v 8.403183 1.558999 16.478895
v -4.493145 1.847543 16.420279
v 9.548346 2.775394 15.461163
v -3.448922 4.906049 16.550976
v 9.324841 14.699695 16.073448
v 4.478515 -2.801215 16.535181
v -1.426631 0.038936 16.042242
v -4.596642 0.393561 16.391687
v -2.267441 5.470343 16.401520
v 13.437894 6.872756 17.448088
v 9.528463 8.164716 15.552454
v -0.358654 9.158808 16.375183
v 14.647210 11.194104 15.956713
v -1.230848 11.602488 16.231283
v 0.667122 12.237419 15.692135
v 1.691645 11.981394 16.520422
v 13.521028 11.844869 16.596119
v 1.459810 13.592911 16.565948
v 10.195147 12.949138 16.619383
v -0.720927 15.015240 16.768257
v 4.329024 14.468000 16.826359
v 0.119636 16.462564 16.558630
v 1.419134 16.660023 16.490032
v 0.031220 -0.235327 16.587809
v 6.931888 -0.340811 16.721933
v -2.996935 -0.314039 16.845758
v -4.544755 3.393096 16.876732
v -2.256272 7.171205 16.439362
v 15.698605 8.686235 16.466301
v -0.504074 10.013000 16.207170
v 0.025544 11.011104 16.466503
v 11.823490 12.121061 16.193857
v 1.248004 -2.384143 17.397638
v 5.732429 -1.955308 16.889091
v 7.169741 0.390081 17.479399
v -1.499843 1.233852 16.438597
v -4.020709 0.828780 17.229790
v -0.656745 1.355185 16.394691
v -0.275256 2.258400 16.790163
v -1.892015 3.086200 16.644400
v 9.056065 3.000688 17.595785
v 10.177233 4.343453 17.539196
v -1.924296 9.520506 16.490454
v -1.136000 9.268001 16.562000
v -0.836000 9.268001 16.559000
v 0.245754 9.561021 17.027691
v 15.140776 9.863870 16.702393
v 11.688512 11.366829 17.712976
v 2.709040 13.121838 16.286985
v 3.774855 14.214923 16.911020
v 0.536307 14.445935 17.308834
v 3.925137 17.275686 16.808878
v -2.726169 0.780779 17.342554
v -3.451370 2.370519 17.179102
v -1.783486 4.538208 16.913475
v 12.456379 4.681615 16.876528
v -3.248396 5.825049 16.870440
v -0.988003 8.214958 16.981510
v -3.173318 8.801327 16.806929
v 14.792613 9.044225 17.515974
v -0.945755 8.815844 17.265404
v 0.580147 10.858493 17.250643
v 3.833410 12.457348 17.173496
v 5.405604 12.565791 17.423937
v 9.502040 13.642881 17.500448
v 3.554047 14.935002 17.093756
v 1.102000 16.168001 16.916998
v 1.265000 16.168001 16.877998
v 0.486721 -1.147344 17.785526
v 1.142232 0.559528 18.221924
v -3.093066 4.532493 17.049278
v 0.224987 4.654304 18.107149
v 11.716625 4.094706 18.300299
v -4.252351 8.146269 17.338791
v -4.047087 9.098826 17.499090
v -2.247744 9.555845 17.046684
v 14.757958 9.729514 17.640390
v 13.603602 10.944445 17.658621
v 1.800701 11.897355 17.218767
v 4.751473 11.660642 17.185795
v 3.166001 11.804234 17.283070
v 6.877050 12.760677 17.227015
v 7.949275 14.641140 17.073360
v 1.995592 15.445960 16.989550
v 0.251886 15.556709 17.424974
v 2.883116 17.445152 16.983011
v 0.964000 16.168001 16.951998
v 6.886549 -1.671815 17.736431
v 7.003078 2.641201 17.899536
v 0.826943 2.817924 17.878132
v 13.187869 5.102272 17.758102
v -2.977345 5.314744 17.965342
v 13.936828 8.102348 18.191343
v -2.866073 9.875034 18.120447
v 5.900331 12.099774 18.204481
v 8.721594 13.552460 17.903084
v 5.348702 -2.365471 18.366573
v 1.459464 1.553966 18.680061
v 6.683885 1.656757 18.219131
v -1.306802 5.054121 18.037840
v 0.232191 9.622829 18.782131
v 1.091588 11.372436 18.841068
v 5.475749 11.020202 18.236858
v 2.895556 -2.076424 18.446739
v 7.159222 -0.150621 18.521210
v -3.753876 6.000265 18.069670
v -4.429620 7.879323 18.652111
v -1.407525 9.127809 19.175396
v 3.992132 10.882087 17.561348
v 2.399659 11.590302 18.829128
v 7.282371 12.578228 18.413853
v 10.811342 13.274137 18.403368
v 6.760471 -1.427635 19.335373
v 1.286287 -0.945657 18.742640
v 7.897556 3.150857 19.071421
v 12.288762 4.802774 18.980890
v -4.165653 9.208641 18.723684
v 15.167951 10.015865 19.065479
v 13.115244 11.258552 19.431049
v 11.518950 12.232562 19.534830
v 8.428031 12.833580 19.769968
v 4.142348 -1.590956 19.132706
v 1.001503 3.573321 18.709450
v 11.670794 2.871818 19.612368
v -1.485251 5.099598 20.062004
v 0.310270 5.124795 19.551701
v 14.756638 8.649337 19.745419
v -3.037019 9.508734 19.238512
v 5.190694 10.713330 19.268738
v 5.302847 -1.586159 20.241581
v 2.260770 -1.358572 19.940729
v 6.970073 2.168892 19.474380
v 9.485387 3.180124 18.351835
v 10.827477 2.814846 18.888714
v 12.989929 5.815871 18.614641
v -3.411035 6.235103 19.110817
v 12.350000 6.568001 19.017000
v 12.364000 6.767002 19.017000
v 12.464748 7.713415 19.582485
v 3.665440 10.552217 18.685467
v 9.955820 13.627154 19.330570
v 1.485586 -0.337341 20.041739
v 7.813682 -0.550593 20.184727
v 7.691215 0.632937 19.646849
v 1.744297 1.329897 20.011740
v 0.941058 2.882561 20.092934
v 9.869944 2.450959 19.710695
v 12.081547 3.745697 20.225723
v 1.047214 4.097310 19.764637
v 12.065000 5.261002 19.316000
v 12.065000 5.368001 19.295000
v 11.578082 6.126131 19.599741
v 12.364000 6.868001 19.025999
v -3.629063 8.339251 19.753582
v -0.465582 8.924697 20.239838
v 0.762654 9.286862 19.994684
v 2.082275 10.237839 19.910686
v 6.520984 13.023367 19.836016
v 12.065000 5.068001 19.371000
v 3.571550 9.627468 19.603632
v 5.490258 12.297071 20.322393
v 7.947875 0.905743 20.801947
v 8.132418 2.174696 20.046490
v 11.883956 4.342743 20.703756
v -2.629643 7.698020 19.950125
v 13.274976 8.365730 20.556910
v 4.536834 9.633786 19.606504
v 14.823000 9.868002 19.917000
v 14.765000 10.046001 19.917000
v 14.765000 10.168002 19.841999
v 6.750013 -1.139221 21.072117
v 1.363438 2.762545 21.018147
v 10.866812 2.723366 20.875246
v 2.256893 4.397045 21.159443
v -1.997280 6.530268 20.864521
v 1.535120 9.381907 21.090700
v 14.528559 10.843575 19.687029
v 10.442397 12.028769 20.684368
v 3.948090 -0.998793 21.170832
v 8.420774 1.501633 21.014208
v 11.155853 5.751887 20.621204
v -0.490764 6.546462 20.970999
v 13.803589 10.132788 20.920059
v 5.435891 11.029045 21.649807
v 9.029210 11.703005 20.922432
v 6.978926 12.870961 21.096832
v 3.640826 1.833086 21.361990
v 10.064467 1.918998 21.757198
v 2.159292 5.652205 21.348436
v 9.947901 7.064779 20.867422
v 2.359730 9.731097 21.173609
v 4.178721 9.795138 21.922941
v 12.471460 11.557641 21.426931
v 3.223032 -0.106362 21.403864
v 7.409436 6.710524 20.809357
v 10.040593 5.671063 21.044851
v 11.236828 6.625267 21.182535
v 12.813284 7.443498 21.884035
v 1.269919 8.120456 21.890543
v 9.701086 9.254235 21.633615
v 5.092890 -0.419201 21.250587
v 6.821195 -0.519249 21.669113
v 4.230036 0.897340 21.799089
v 7.420699 1.852772 21.629374
v 3.130128 3.268628 21.777424
v 6.455802 6.871716 21.084654
v 0.843158 6.589965 21.660040
v 13.277195 9.634521 22.267225
v 8.786665 8.442103 20.645447
v 6.139991 0.726665 22.029272
v 10.762830 4.078426 21.484016
v 7.439635 4.551941 21.547281
v 9.617157 4.567186 22.169350
v 6.258556 7.946846 21.860132
v 7.142619 9.244575 22.410187
v 2.962950 10.161642 22.470409
v 8.744584 10.619649 22.325760
v 9.325579 11.472578 21.858461
v 11.356748 12.397997 22.307808
v 6.446521 5.200056 22.364914
v 1.438700 6.329647 22.389126
v 5.851053 7.480792 22.395245
v 12.077579 7.470192 22.660484
v 10.652117 8.851085 22.920540
v 2.175537 9.571434 23.378452
v 4.873824 10.997927 22.666162
v 6.953166 11.330888 22.321812
v 9.091357 2.422341 22.776213
v 7.425994 2.527469 22.346287
v 8.065875 3.898209 22.628311
v 2.695958 4.707194 22.400923
v 7.049898 4.086877 22.959835
v 10.911594 7.708226 22.609838
v 8.753328 10.010266 22.238503
v 9.618000 9.568002 22.316000
v 12.056260 11.723380 23.312675
v 4.622239 1.453727 23.103136
v 6.069252 1.644211 23.312145
v 4.256989 2.522104 23.534758
v 10.084034 3.319557 22.724541
v 1.912545 7.661569 23.248543
v 9.664000 9.568002 22.427000
v 9.664000 9.629002 22.615999
v 5.408484 11.002504 23.305813
v 10.035629 11.851202 23.292128
v 6.538613 5.836330 23.663719
v 11.745750 9.050684 23.070690
v 5.678705 10.249293 23.647806
v 12.296903 10.280149 23.431072
v 6.055802 10.691021 22.954948
v 3.077391 11.550233 23.252218
v 3.133041 4.255527 23.922974
v 1.567100 4.870835 24.008268
v 1.191599 6.216012 23.744495
v 5.609937 9.843943 24.627035
v 9.932262 9.996873 23.632360
v 11.072024 10.042859 24.059961
v 4.620427 11.851603 23.955509
v 5.870398 2.737890 23.866737
v 2.166288 7.553990 24.661087
v 2.273143 11.074238 24.305513
v 5.117000 11.368002 23.816000
v 4.133778 3.218222 24.612663
v 1.514335 5.813595 24.771017
v 5.870135 7.032471 24.888172
v 11.461343 11.325922 23.947344
v 5.164000 11.368002 23.989000
v 5.164000 11.403002 24.115999
v 3.592426 12.055000 24.582954
v 6.300926 3.921015 24.822979
v 3.453332 4.686839 24.776480
v 6.199920 6.135427 24.403666
v 2.128994 8.982179 25.305311
v 5.151341 11.464744 24.873487
v 4.663735 3.471285 25.174145
v 6.329034 8.735512 25.432732
v 2.802796 11.082337 25.482063
v 2.247546 5.725570 25.229116
v 4.966395 5.708849 25.123314
v 5.431718 4.467444 25.368252
v 3.244531 6.790764 25.553074
v 4.136891 10.703609 26.002295
v 4.979990 6.481218 25.639313
v 6.072911 7.831516 26.588104
v 6.058015 9.067993 26.467251
v 4.922070 10.218143 25.936394
v 4.943991 7.149262 26.970474
v 3.633755 7.572028 26.991560
v 4.049712 8.421331 27.459583
v 4.780182 9.367796 27.131626
vn 0.4967 -0.4204 -0.7593
vn -0.2574 -0.4672 -0.8459
vn 0.1486 0.3933 -0.9073
vn -0.5547 0.1138 -0.8242
vn 0.5432 0.6876 -0.4818
vn -0.4658 0.7659 -0.4432
vn -0.5804 0.2143 -0.7856
vn 0.9423 0.1110 -0.3158
vn -0.0174 -0.4615 -0.8870
vn 0.2112 -0.6408 -0.7381
vn -0.4447 -0.2252 -0.8669
vn 0.6269 -0.4684 -0.6225
vn -0.0737 0.9948 0.0700
vn -0.5470 -0.2261 -0.8060
vn -0.4472 0.8883 -0.1044
vn 0.5772 0.7993 0.1672
vn -0.4901 -0.8241 -0.2840
vn 0.3574 -0.7191 -0.5959
vn 0.9436 0.0371 -0.3289
vn 0.0392 -0.9869 0.1564
vn 0.6736 -0.6532 -0.3458
vn 0.4493 -0.8461 -0.2867
vn 0.3415 -0.5941 -0.7283
vn -0.3032 -0.3175 -0.8985
vn 0.0037 0.2866 -0.9580
vn 0.6578 0.7520 -0.0427
vn 0.6019 -0.7524 -0.2675
vn 0.6300 -0.7492 -0.2043
vn 0.6245 -0.7765 -0.0844
vn 0.5318 -0.8306 -0.1653
vn 0.7301 -0.6112 -0.3056
vn 0.7119 -0.6610 -0.2373
vn 0.6866 -0.7033 -0.1842
vn 0.6756 -0.7070 -0.2089
vn -0.5984 -0.7025 -0.3852
vn 0.6305 -0.2244 -0.7431
vn -0.2377 -0.5249 -0.8173
vn -0.1476 0.1097 -0.9829
vn -0.0433 0.3912 -0.9193
vn 0.3002 0.8012 -0.5177
vn 0.1263 0.8385 0.5300
vn 0.0662 -0.9978 0.0085
vn -0.1133 -0.9912 0.0689
vn 0.2144 -0.6053 -0.7666
vn -0.1986 -0.7757 -0.5990
vn -0.0244 -0.1150 -0.9931
vn -0.3686 -0.6788 -0.6351
vn -0.6629 0.0789 -0.7446
vn -0.2469 0.2367 -0.9397
vn -0.1913 0.2645 -0.9452
vn -0.0604 0.6139 -0.7871
vn 0.4072 0.7153 -0.5679
vn -0.3528 -0.9023 -0.2479
vn 0.5771 0.1840 -0.7957
vn -0.1689 0.9690 0.1803
vn -0.0909 0.4147 -0.9054
vn -0.4715 0.5675 -0.6750
vn -0.6590 -0.7191 -0.2204
vn -0.9807 -0.0577 -0.1866
vn 0.3865 0.8710 0.3032
vn 0.4717 -0.5253 -0.7082
vn -0.2877 -0.5533 -0.7817
vn -0.0110 -0.9667 0.2558
vn -0.4689 -0.7945 -0.3860
vn 0.6925 -0.2730 -0.6678
vn -0.0618 0.7605 -0.6464
vn 0.8323 0.5458 0.0967
vn -0.7021 0.6270 -0.3375
vn 0.2979 0.6404 -0.7079
vn 0.0282 0.2816 -0.9591
vn -0.1677 0.7377 -0.6539
vn -0.3374 0.7591 -0.5567
vn -0.2525 0.7406 -0.6228
vn -0.4671 0.5256 -0.7110
vn -0.2426 0.5561 -0.7949
vn -0.4560 -0.8889 -0.0440
vn 0.8741 -0.1784 -0.4519
vn -0.2480 -0.9481 0.1991
vn 0.7458 -0.1774 -0.6421
vn 0.2505 0.4813 -0.8400
vn -0.9677 0.2303 0.1023
vn 0.1562 -0.9637 -0.2166
vn 0.2315 -0.9665 0.1113
vn -0.4448 -0.7224 0.5294
vn 0.9259 0.3504 0.1413
vn -0.8184 0.5534 0.1547
vn 0.7193 0.4752 -0.5067
vn 0.2571 0.6664 -0.6999
vn -0.4740 0.5745 -0.6673
vn -0.6790 -0.7331 -0.0387
vn 0.8812 -0.4728 0.0059
vn -0.5952 -0.8001 0.0748
vn 0.3169 0.9095 0.2690
vn 0.0814 0.7952 0.6009
vn 0.1279 0.7533 0.6452
vn 0.0171 0.8019 0.5972
vn 0.0678 0.7623 0.6437
vn 0.0838 0.7212 0.6877
vn 0.4111 0.3425 -0.8448
vn 0.6916 -0.2655 -0.6717
vn -0.5378 0.5761 -0.6156
vn 0.6675 0.7430 -0.0480
vn 0.1434 0.8210 -0.5526
vn -0.6558 -0.6030 0.4542
vn 0.9218 -0.3868 0.0260
vn -0.4282 -0.6704 0.6060
vn -0.6079 -0.6926 0.3884
vn -0.6566 -0.6907 0.3031
vn -0.6576 -0.7256 0.2027
vn -0.7385 -0.5712 0.3582
vn -0.7617 -0.3129 0.5673
vn -0.3459 0.9138 0.2129
vn 0.9774 0.1968 -0.0771
vn -0.8805 0.4633 -0.1005
vn 0.7886 -0.5871 -0.1827
vn -0.6490 0.5654 0.5090
vn -0.2200 0.9721 -0.0809
vn 0.2894 -0.8626 0.4150
vn -0.1032 -0.3887 0.9156
vn -0.2017 -0.3601 0.9108
vn -0.2320 0.9530 -0.1950
vn 0.1879 0.2660 -0.9455
vn -0.1706 0.4959 -0.8515
vn 0.5891 0.2248 -0.7761
vn 0.9296 -0.2897 -0.2279
vn 0.1432 0.5773 -0.8039
vn 0.7568 0.0197 -0.6534
vn -0.4149 -0.5651 0.7132
vn 0.0476 -0.9975 -0.0519
vn -0.2810 -0.1811 0.9424
vn -0.7283 0.1955 0.6568
vn 0.3954 0.8749 -0.2797
vn -0.8071 0.0625 0.5871
vn 0.5728 -0.3371 -0.7472
vn -0.8900 -0.0628 -0.4516
vn 0.2417 0.8534 -0.4619
vn 0.2979 0.8639 -0.4062
vn -0.9267 0.3746 0.0292
vn -0.4247 -0.6062 -0.6725
vn -0.5507 0.2784 -0.7869
vn 0.2568 -0.3043 -0.9173
vn 0.0936 0.5544 -0.8269
vn 0.7806 0.2818 -0.5580
vn 0.5556 -0.4388 0.7062
vn -0.5804 -0.8141 0.0194
vn -0.9104 0.1059 0.3998
vn 0.0231 -0.4943 0.8690
vn -0.5032 -0.4600 0.7315
vn 0.1085 0.8074 -0.5799
vn 0.3331 0.0299 -0.9424
vn -0.2180 0.9566 -0.1934
vn -0.2136 0.4229 -0.8807
vn 0.2187 -0.8793 -0.4231
vn 0.6365 -0.4463 0.6291
vn 0.2312 -0.9709 0.0625
vn -0.9928 -0.0267 0.1168
vn -0.4223 -0.2192 0.8796
vn -0.1037 -0.9160 0.3876
vn 0.7656 -0.5900 -0.2566
vn 0.9524 0.3021 -0.0415
vn -0.4897 -0.1098 -0.8650
vn 0.5903 -0.3613 -0.7218
vn 0.1865 0.7128 -0.6761
vn -0.1608 0.8829 -0.4412
vn -0.4277 0.4147 -0.8032
vn -0.0694 0.1177 -0.9906
vn 0.5670 -0.5028 -0.6525
vn -0.3828 -0.4753 -0.7922
vn 0.8639 0.2251 -0.4506
vn 0.4569 0.6942 -0.5562
vn 0.3327 0.1905 -0.9236
vn -0.3795 -0.2535 -0.8898
vn -0.3464 0.5707 -0.7446
vn 0.7281 -0.6791 -0.0932
vn -0.6513 0.6476 -0.3955
vn -0.1765 0.9072 -0.3818
vn 0.4203 0.8725 -0.2492
vn -0.2774 -0.6973 0.6610
vn -0.6110 -0.3770 0.6960
vn 0.5618 -0.8163 0.1340
vn 0.6862 -0.7002 -0.1972
vn 0.6499 -0.7295 -0.2133
vn 0.4171 0.4795 -0.7721
vn -0.8273 -0.0163 -0.5615
vn -0.9420 0.2496 0.2245
vn 0.2030 -0.0375 -0.9785
vn -0.4198 -0.0976 -0.9023
vn -0.0984 -0.8828 -0.4594
vn -0.3397 0.3207 -0.8842
vn 0.3996 0.5595 -0.7261
vn 0.2736 0.3974 -0.8759
vn -0.2485 -0.1245 -0.9606
vn -0.3659 -0.7432 -0.5602
vn -0.7098 -0.0243 -0.7040
vn 0.7529 0.6179 -0.2267
vn 0.9958 -0.0891 0.0227
vn 0.3172 -0.6477 -0.6927
vn -0.5228 -0.7318 -0.4372
vn -0.1421 -0.0437 -0.9889
vn -0.9872 -0.1294 -0.0934
vn -0.5117 0.5328 -0.6740
vn 0.3534 -0.0809 -0.9320
vn -0.2336 0.5170 -0.8235
vn -0.1902 -0.9350 0.2993
vn 0.6887 -0.7250 -0.0121
vn 0.3568 0.6803 -0.6403
vn 0.4208 0.6167 -0.6653
vn 0.7330 -0.1112 -0.6711
vn -0.3551 -0.5108 -0.7829
vn -0.0796 0.0928 -0.9925
vn 0.0749 -0.1081 -0.9913
vn 0.4340 0.1306 -0.8914
vn 0.3317 0.2612 -0.9065
vn -0.4125 -0.2437 -0.8778
vn -0.1423 0.9106 -0.3880
vn -0.4928 -0.2343 -0.8380
vn 0.3575 0.2259 -0.9062
vn -0.2492 0.6226 -0.7418
vn 0.8125 0.5247 -0.2539
vn 0.8164 0.5612 -0.1361
vn 0.8198 0.5688 -0.0669
vn 0.8075 0.5898 -0.0039
vn 0.1131 0.5701 -0.8138
vn 0.7139 0.1954 -0.6724
vn 0.0908 -0.9789 -0.1830
vn -0.8686 -0.4523 0.2025
vn -0.4924 0.5594 -0.6668
vn -0.8304 -0.5217 -0.1957
vn -0.0762 -0.4926 -0.8669
vn 0.3164 0.8424 -0.4361
vn 0.6111 0.7711 0.1789
vn -0.5872 0.7836 -0.2026
vn 0.1140 0.1089 -0.9875
vn -0.5097 0.3148 -0.8006
vn -0.4473 -0.5745 -0.6855
vn 0.6223 0.7103 -0.3291
vn 0.3574 0.9293 -0.0934
vn 0.3332 -0.9327 -0.1377
vn -0.8798 0.3513 -0.3202
vn 0.9446 0.1466 0.2936
vn -0.0374 -0.9899 -0.1365
vn 0.5935 -0.6874 -0.4187
vn 0.7316 -0.3167 -0.6037
vn -0.8121 0.5833 -0.0164
vn -0.7697 -0.6240 -0.1350
vn -0.0195 -0.9101 -0.4139
vn -0.4826 -0.8663 -0.1286
vn 0.5910 0.6405 0.4904
vn 0.5029 0.8217 -0.2682
vn 0.4210 0.8422 -0.3369
vn 0.4856 0.8206 -0.3013
vn 0.3065 0.8687 -0.3891
vn 0.2078 0.6653 -0.7171
vn 0.5084 0.6359 -0.5806
vn -0.6382 0.7688 0.0394
vn 0.2931 -0.7856 -0.5449
vn 0.8555 -0.2628 -0.4462
vn 0.0404 0.0354 -0.9986
vn -0.6542 0.0752 -0.7525
vn -0.2539 0.8857 -0.3886
vn 0.4704 0.8388 -0.2740
vn -0.7733 -0.3156 -0.5499
vn -0.3997 -0.6389 -0.6572
vn 0.8060 0.0030 -0.5919
vn -0.6815 0.0792 -0.7275
vn -0.8457 0.2188 -0.4867
vn 0.5783 -0.0629 -0.8134
vn -0.1599 0.3430 -0.9256
vn 0.3629 0.9003 0.2403
vn -0.8285 0.5288 -0.1841
vn -0.0946 0.6278 -0.7726
vn 0.5822 -0.7766 -0.2407
vn -0.9966 0.0762 -0.0309
vn -0.6021 -0.6438 -0.4723
vn 0.5923 -0.7723 -0.2297
vn 0.7991 -0.5767 -0.1697
vn 0.6199 -0.7590 -0.1992
vn 0.9316 0.3438 -0.1178
vn -0.7570 0.4500 -0.4738
vn 0.1562 -0.3217 -0.9339
vn -0.8786 0.2450 -0.4100
vn -0.9794 0.1943 -0.0549
vn 0.6318 0.4551 -0.6275
vn -0.0397 -0.6663 -0.7446
vn -0.6966 0.1022 -0.7101
vn 0.2330 -0.1520 -0.9605
vn 0.8391 0.1887 -0.5103
vn -0.4139 0.8002 -0.4340
vn -0.8825 0.0992 -0.4597
vn 0.9060 -0.2549 0.3380
vn -0.6260 -0.1691 -0.7612
vn -0.6369 0.0168 -0.7707
vn -0.6260 -0.0507 -0.7782
vn -0.7177 0.6180 -0.3209
vn 0.8118 0.5676 -0.1374
vn 0.4122 0.7664 -0.4926
vn 0.6703 -0.6703 -0.3184
vn 0.7091 -0.6754 -0.2026
vn 0.7008 -0.7008 -0.1335
vn 0.6406 -0.7633 -0.0834
vn -0.3477 -0.7914 -0.5027
vn 0.5704 -0.7077 -0.4170
vn -0.9332 0.0131 -0.3591
vn 0.1771 -0.9122 -0.3695
vn 0.2802 0.1019 -0.9545
vn -0.3547 -0.3301 -0.8748
vn 0.3173 0.0875 -0.9443
vn -0.2509 -0.4405 -0.8620
vn -0.8144 0.0690 -0.5762
vn -0.3937 0.6020 -0.6947
vn 0.3914 0.6841 -0.6155
vn -0.4550 0.7384 -0.4978
vn 0.7169 0.6122 -0.3336
vn 0.1217 -0.9619 -0.2449
vn -0.9746 0.2237 -0.0056
vn 0.7073 0.6905 -0.1516
vn 0.7255 0.6749 -0.1350
vn 0.7505 0.6505 -0.1168
vn 0.7762 0.6227 -0.0983
vn 0.6159 -0.1977 -0.7626
vn -0.1776 0.9714 0.1574
vn 0.5627 0.0227 -0.8264
vn -0.0675 0.5504 -0.8321
vn -0.6428 -0.7487 0.1619
vn 0.3647 -0.9310 -0.0144
vn -0.3723 -0.4957 -0.7847
vn -0.3665 -0.0549 -0.9288
vn 0.2997 0.1369 -0.9442
vn -0.9666 -0.0413 -0.2529
vn 0.4488 -0.7573 -0.4745
vn 0.1577 0.1023 -0.9822
vn -0.2185 -0.6802 -0.6997
vn -0.7001 0.2887 -0.6531
vn 0.4695 -0.1088 -0.8762
vn 0.4320 0.7071 0.5598
vn 0.0110 -0.4709 -0.8821
vn 0.6065 0.0200 -0.7948
vn 0.5231 0.4272 0.7375
vn 0.2767 0.1261 -0.9527
vn 0.4238 -0.6733 -0.6059
vn -0.9476 0.2588 -0.1875
vn 0.6248 0.7795 -0.0448
vn 0.0988 0.9834 -0.1521
vn 0.6579 0.3733 -0.6541
vn -0.1881 -0.8439 -0.5024
vn -0.6609 -0.0516 -0.7487
vn -0.6051 0.7314 -0.3146
vn -0.8154 0.2750 -0.5094
vn 0.7674 0.3560 0.5332
vn 0.4093 0.7570 -0.5093
vn 0.8261 -0.3862 -0.4104
vn -0.5967 0.0673 -0.7997
vn 0.2854 -0.9084 -0.3057
vn -0.1695 -0.6786 -0.7146
vn 0.6212 -0.5164 -0.5894
vn -0.0570 0.2860 -0.9565
vn -0.1291 -0.8049 -0.5792
vn -0.7103 -0.2059 -0.6731
vn 0.8361 0.4141 -0.3598
vn -0.8397 0.5419 0.0355
vn 0.8385 0.0568 -0.5419
vn 0.4442 -0.7373 -0.5091
vn -0.9881 -0.0196 0.1527
vn 0.4623 -0.3414 -0.8184
vn 0.6211 0.2710 -0.7353
vn 0.5897 0.7414 -0.3201
vn 0.6050 0.7898 -0.1009
vn 0.6149 0.7515 -0.2391
vn 0.6556 0.6778 -0.3329
vn 0.5499 -0.0855 -0.8309
vn 0.6439 -0.3313 -0.6897
vn -0.8124 0.3723 -0.4487
vn -0.2696 0.8707 -0.4113
vn 0.2907 -0.9473 -0.1343
vn -0.9419 -0.0154 0.3354
vn 0.4461 0.6407 -0.6249
vn 0.4845 0.7959 -0.3631
vn -0.7540 -0.4410 -0.4868
vn -0.0277 -0.0317 -0.9991
vn -0.4041 -0.7960 -0.4507
vn -0.9694 -0.1250 -0.2112
vn -0.2988 -0.8240 -0.4814
vn 0.8269 -0.0166 -0.5621
vn -0.4471 -0.4319 -0.7833
vn -0.8398 -0.3808 -0.3870
vn 0.3830 -0.4117 -0.8269
vn 0.0202 -0.6468 -0.7624
vn 0.8167 0.2010 -0.5409
vn 0.6300 0.6028 0.4897
vn 0.9914 0.0706 0.1097
vn -0.5463 0.3765 -0.7482
vn 0.0603 0.7101 -0.7015
vn -0.6767 0.7134 -0.1820
vn 0.1574 0.9717 -0.1762
vn -0.6733 0.6967 -0.2474
vn 0.3602 0.3274 -0.8735
vn 0.4660 -0.8311 -0.3036
vn -0.2285 0.8325 -0.5047
vn -0.8899 0.2419 -0.3867
vn 0.8144 0.2751 -0.5109
vn 0.9155 0.3958 -0.0719
vn 0.1275 0.9724 -0.1954
vn -0.9966 -0.0553 0.0610
vn -0.9620 -0.2136 -0.1700
vn 0.5846 0.2753 -0.7631
vn 0.4524 -0.8665 -0.2111
vn 0.2187 -0.8487 -0.4815
vn 0.2155 -0.9716 -0.0975
vn 0.5396 0.0501 -0.8404
vn -0.0508 0.4582 -0.8874
vn -0.1185 -0.7431 -0.6586
vn -0.2124 -0.5616 -0.7997
vn 0.4151 -0.8217 -0.3904
vn 0.1032 0.9395 -0.3265
vn -0.8273 -0.0919 -0.5541
vn 0.6321 0.6048 -0.4845
vn -0.7101 0.6974 0.0969
vn -0.9332 0.2141 0.2885
vn 0.2767 -0.8826 -0.3800
vn 0.3558 0.8019 -0.4800
vn 0.0607 -0.2725 -0.9602
vn 0.0509 -0.0606 -0.9969
vn 0.0129 0.9542 0.2990
vn -0.5952 -0.8020 -0.0502
vn 0.2689 -0.8382 -0.4745
vn 0.3234 -0.3939 -0.8604
vn -0.4415 -0.8717 -0.2126
vn -0.6541 -0.6969 -0.2941
vn -0.9131 -0.0189 -0.4074
vn 0.0635 0.0962 -0.9933
vn -0.0080 0.9966 -0.0825
vn 0.8293 -0.3348 -0.4475
vn -0.4744 0.4852 -0.7345
vn -0.9767 0.1419 0.1607
vn 0.1112 -0.8886 -0.4450
vn -0.2181 0.8912 -0.3977
vn 0.9095 0.2365 -0.3418
vn -0.6840 0.7284 0.0394
vn 0.4219 0.8339 0.3558
vn -0.2025 -0.5928 -0.7794
vn 0.7249 0.2175 -0.6536
vn 0.2359 0.8036 -0.5464
vn 0.6960 0.5033 -0.5121
vn -0.4235 -0.7541 -0.5021
vn 0.3725 -0.9272 0.0398
vn 0.7991 0.0944 -0.5937
vn -0.0270 -0.7983 -0.6016
vn 0.4040 -0.8608 -0.3096
vn 0.0148 -0.5950 -0.8036
vn -0.2450 -0.9607 0.1307
vn -0.8527 0.1475 -0.5011
vn 0.9621 0.2420 -0.1259
vn -0.7602 0.2862 -0.5833
vn 0.5901 -0.8016 -0.0955
vn -0.0367 0.3512 -0.9356
vn -0.3937 -0.6468 -0.6532
vn 0.2320 -0.4624 -0.8558
vn -0.8207 0.1586 -0.5489
vn 0.7781 0.5466 0.3095
vn -0.6198 0.6645 0.4175
vn 0.0383 0.8841 0.4657
vn -0.3887 -0.4846 -0.7836
vn -0.5228 -0.5474 -0.6535
vn 0.0103 -0.0265 -0.9996
vn 0.5454 0.1414 -0.8262
vn -0.1460 -0.1155 -0.9825
vn 0.6456 0.2955 -0.7042
vn 0.6419 0.1063 -0.7594
vn -0.9932 -0.0315 0.1122
vn 0.1892 -0.9765 0.1029
vn -0.8991 -0.3816 -0.2146
vn -0.8119 -0.5487 -0.1994
vn 0.6811 0.4142 -0.6037
vn -0.2962 -0.9195 -0.2585
vn 0.7351 -0.2966 -0.6096
vn 0.3637 -0.8276 -0.4275
vn -0.6221 -0.6778 -0.3919
vn 0.5920 0.8054 0.0296
vn -0.6678 0.6679 -0.3286
vn 0.9315 -0.3139 -0.1838
vn -0.7783 0.5635 -0.2769
vn -0.5834 0.7743 -0.2452
vn 0.0942 -0.9842 -0.1502
vn 0.4161 0.2828 -0.8642
vn 0.5548 0.1224 -0.8229
vn 0.4019 -0.5349 -0.7432
vn 0.1804 0.9381 -0.2957
vn 0.3254 0.5814 0.7457
vn 0.2889 0.7043 0.6485
vn 0.5994 -0.1017 -0.7940
vn 0.4057 -0.8633 -0.3003
vn -0.0782 -0.3674 -0.9268
vn -0.0507 -0.9311 -0.3612
vn -0.9006 0.1811 -0.3950
vn 0.3923 0.9198 0.0063
vn 0.4119 -0.8287 -0.3790
vn 0.4043 -0.8235 -0.3980
vn -0.6884 -0.4345 -0.5807
vn -0.3792 -0.9199 0.0994
vn -0.4091 -0.8851 0.2218
vn 0.4547 0.8589 -0.2358
vn 0.5067 0.8614 -0.0337
vn 0.5059 0.8600 -0.0675
vn 0.6765 0.6706 -0.3044
vn -0.7768 -0.3706 -0.5091
vn -0.4982 0.7923 -0.3522
vn -0.6446 -0.0339 -0.7638
vn -0.7482 -0.2551 -0.6125
vn -0.6967 -0.1700 -0.6970
vn -0.9710 0.2262 -0.0771
vn 0.9121 0.4092 -0.0275
vn -0.8337 -0.0822 -0.5461
vn -0.7815 -0.3058 -0.5438
vn -0.7898 -0.1008 -0.6050
vn -0.7762 -0.1688 -0.6075
vn -0.6979 -0.3208 -0.6404
vn -0.8065 -0.1054 -0.5817
vn 0.0995 0.2126 -0.9721
vn 0.1051 -0.4745 -0.8740
vn -0.1835 0.5474 -0.8165
vn 0.6457 -0.0436 -0.7623
vn 0.8113 0.5723 -0.1193
vn 0.7265 0.6846 -0.0588
vn 0.2119 0.9314 -0.2961
vn -0.5214 -0.8014 -0.2932
vn 0.9546 0.0530 -0.2931
vn -0.3269 -0.8653 -0.3799
vn 0.9436 0.3124 -0.1094
vn 0.3811 0.9241 -0.0290
vn -0.4315 -0.1857 -0.8828
vn 0.9422 -0.2975 -0.1543
vn 0.4473 0.6380 -0.6268
vn 0.8940 0.4478 -0.0162
vn -0.4498 0.1549 -0.8796
vn 0.9565 0.1226 -0.2647
vn -0.9852 0.1666 0.0414
vn -0.0447 -0.1525 -0.9873
vn -0.7883 0.6149 -0.0230
vn -0.7999 0.5407 -0.2604
vn -0.7048 0.4133 -0.5766
vn 0.1307 0.3503 0.9275
vn -0.7611 -0.4075 -0.5047
vn 0.8275 0.5527 -0.0987
vn 0.9529 0.2819 0.1118
vn -0.6198 -0.7096 -0.3351
vn 0.8447 0.1176 -0.5222
vn 0.7036 -0.5072 -0.4977
vn -0.7009 -0.3322 -0.6312
vn -0.1351 0.7571 -0.6391
vn 0.8846 0.0991 -0.4557
vn -0.0169 0.7548 -0.6558
vn -0.7080 0.5355 -0.4604
vn 0.8624 -0.4692 -0.1900
vn 0.6663 -0.2579 -0.6996
vn 0.8892 -0.1124 -0.4436
vn -0.7951 0.5583 0.2368
vn -0.7985 0.5776 0.1699
vn -0.8142 0.5767 0.0678
vn -0.8360 0.5168 0.1847
vn 0.0996 0.4665 -0.8789
vn 0.7323 0.5610 -0.3861
vn -0.2349 0.4433 -0.8651
vn -0.2564 0.1735 -0.9509
vn 0.5555 0.7774 -0.2950
vn 0.3746 0.0989 0.9219
vn -0.3472 0.2857 0.8932
vn 0.7240 0.2906 0.6256
vn -0.4212 -0.9069 0.0127
vn -0.9057 0.0512 -0.4208
vn 0.8824 0.4695 -0.0291
vn 0.0443 -0.9736 0.2241
vn -0.1649 -0.8873 -0.4307
vn 0.5295 -0.7573 -0.3822
vn -0.4219 -0.7253 -0.5440
vn 0.0580 -0.9687 -0.2415
vn 0.6134 -0.1849 -0.7679
vn -0.6919 0.6105 -0.3855
vn -0.6192 0.6667 -0.4149
vn 0.7670 -0.2904 -0.5722
vn -0.5598 0.6898 -0.4591
vn 0.8589 -0.5052 -0.0842
vn 0.8904 -0.3841 -0.2444
vn 0.8666 -0.4680 -0.1733
vn 0.8405 -0.5315 -0.1053
vn 0.8866 -0.2989 -0.3530
vn -0.9070 0.1451 -0.3953
vn -0.8981 0.4153 -0.1444
vn 0.8009 0.3699 -0.4708
vn 0.1399 0.3810 -0.9139
vn -0.0104 0.3108 -0.9504
vn -0.7781 0.3701 -0.5075
vn -0.6807 0.5699 -0.4603
vn 0.3612 0.7869 0.5003
vn -0.3401 0.8737 0.3478
vn -0.3635 0.9256 0.1056
vn 0.0194 0.7358 0.6769
vn -0.0641 -0.7661 -0.6396
vn -0.6436 -0.2410 -0.7264
vn 0.0656 0.2174 -0.9739
vn -0.4924 0.5793 -0.6496
vn -0.6212 -0.7754 0.1136
vn -0.0776 -0.7952 -0.6013
vn 0.3681 0.8971 -0.2444
vn 0.1840 -0.7827 0.5946
vn 0.3533 -0.7403 0.5720
vn 0.2865 -0.7415 0.6067
vn 0.1851 -0.7739 0.6056
vn 0.3978 -0.6934 0.6008
vn -0.2165 -0.5713 -0.7916
vn -0.3175 0.4686 -0.8244
vn -0.8455 -0.4857 -0.2219
vn 0.2385 -0.9630 -0.1259
vn -0.1013 -0.9661 0.2373
vn -0.5307 0.4678 -0.7068
vn -0.8905 -0.2011 -0.4082
vn -0.2450 -0.9637 0.1061
vn -0.6544 -0.7403 -0.1539
vn -0.0991 -0.8259 -0.5550
vn 0.1859 -0.9336 -0.3063
vn -0.8019 -0.0807 -0.5920
vn -0.5909 -0.5659 -0.5749
vn 0.1460 -0.7343 -0.6629
vn -0.5807 0.5779 -0.5734
vn -0.9000 0.3246 -0.2910
vn 0.1568 0.7867 -0.5971
vn 0.9352 0.3355 0.1135
vn -0.1978 0.8160 -0.5432
vn -0.8713 0.3811 0.3091
vn 0.4014 0.8492 -0.3432
vn -0.4050 0.8997 0.1627
vn -0.5346 0.7824 -0.3196
vn 0.4633 -0.3462 -0.8158
vn 0.4513 0.3062 -0.8382
vn 0.0730 -0.8994 0.4311
vn 0.8716 -0.3905 0.2964
vn 0.8118 0.5651 -0.1475
vn -0.6835 -0.3532 -0.6388
vn 0.0773 -0.3136 -0.9464
vn 0.9808 0.1060 -0.1635
vn 0.7349 0.6744 -0.0716
vn 0.3457 0.9348 0.0815
vn 0.6403 -0.6101 0.4667
vn 0.2641 -0.7253 0.6357
vn -0.8179 0.0038 -0.5753
vn 0.1394 -0.7464 -0.6507
vn -0.8629 -0.1966 -0.4655
vn -0.2589 0.5191 -0.8145
vn 0.8649 0.4949 -0.0840
vn -0.1553 0.7901 -0.5930
vn -0.4487 0.6071 -0.6558
vn 0.8905 0.1825 -0.4167
vn -0.4804 0.6208 -0.6196
vn -0.3067 0.5781 0.7561
vn 0.0892 -0.0756 0.9931
vn 0.5415 0.4542 0.7074
vn -0.8583 0.0210 0.5128
vn 0.3199 -0.5874 0.7434
vn 0.8226 -0.3255 0.4662
vn 0.2366 -0.6253 0.7437
vn 0.0340 -0.6447 0.7636
vn 0.1530 -0.6459 0.7479
vn -0.0434 -0.6135 0.7885
vn -0.5384 -0.6761 0.5031
vn 0.6018 -0.7339 -0.3151
vn 0.9694 0.2198 0.1092
vn 0.7852 0.4520 -0.4232
vn 0.8163 0.5467 0.1866
vn -0.7088 -0.6778 -0.1952
vn 0.5010 -0.7775 -0.3801
vn 0.5397 -0.7389 -0.4034
vn 0.1978 -0.9469 -0.2534
vn -0.8413 0.0652 -0.5366
vn 0.9231 0.3552 -0.1476
vn -0.4953 -0.7783 -0.3859
vn -0.2774 -0.9284 -0.2473
vn 0.1954 -0.8394 -0.5072
vn 0.8387 -0.2718 -0.4720
vn -0.7553 -0.1911 -0.6269
vn 0.9880 -0.0065 -0.1543
vn 0.3663 0.1124 -0.9237
vn -0.9478 0.3090 -0.0781
vn -0.6695 0.6917 -0.2709
vn 0.3113 0.9402 0.1385
vn 0.5865 -0.7373 -0.3351
vn 0.6096 -0.7450 -0.2709
vn 0.6579 -0.7254 -0.2025
vn 0.1506 -0.9461 0.2867
vn 0.4144 -0.7213 0.5551
vn 0.2000 -0.6499 0.7332
vn 0.2845 -0.6862 0.6695
vn 0.3209 -0.7262 0.6080
vn 0.1134 -0.7036 0.7015
vn 0.7439 0.6602 -0.1034
vn -0.5355 0.3462 -0.7703
vn 0.7105 0.6260 -0.3214
vn 0.7415 0.6572 -0.1348
vn 0.7436 0.6253 -0.2366
vn 0.4334 0.8215 -0.3704
vn -0.6599 0.6399 -0.3938
vn 0.8634 0.2997 -0.4058
vn 0.0218 0.7990 -0.6009
vn -0.2052 0.8217 -0.5318
vn -0.0680 0.7136 -0.6973
vn -0.1864 0.8301 -0.5256
vn -0.1539 0.7861 -0.5986
vn -0.2139 0.7857 -0.5804
vn 0.2343 0.7221 -0.6509
vn 0.2904 0.7823 -0.5511
vn -0.4605 0.8871 -0.0313
vn -0.1119 0.7974 -0.5930
vn -0.0732 0.7482 -0.6594
vn -0.2021 0.7411 -0.6403
vn -0.1349 0.6572 -0.7416
vn -0.2187 0.7906 -0.5720
vn 0.1154 0.9879 -0.1035
vn -0.9738 0.2114 -0.0838
vn 0.6277 0.0409 -0.7774
vn -0.3956 0.5180 -0.7584
vn 0.8664 -0.4068 0.2895
vn -0.7296 0.1378 -0.6699
vn 0.9446 0.2865 -0.1602
vn -0.4663 -0.5745 -0.6727
vn 0.1385 -0.8723 -0.4688
vn 0.3625 -0.8288 0.4261
vn -0.8040 0.5788 -0.1361
vn -0.5820 0.4420 -0.6826
vn -0.6479 -0.6514 -0.3948
vn 0.1050 -0.9419 -0.3191
vn -0.1690 -0.1189 -0.9784
vn 0.9151 0.3920 0.0949
vn 0.9037 -0.3822 0.1931
vn 0.2924 -0.9383 0.1846
vn -0.6848 0.3568 -0.6354
vn -0.4453 0.8948 0.0337
vn 0.0231 0.9527 0.3030
vn 0.2572 0.9590 -0.1187
vn -0.2155 0.9737 -0.0745
vn -0.2160 -0.9508 0.2219
vn 0.8589 -0.4666 -0.2112
vn 0.0109 0.5587 -0.8293
vn 0.5632 -0.1333 -0.8155
vn -0.0585 -0.1582 -0.9857
vn 0.3010 -0.8048 0.5116
vn -0.5832 -0.1652 -0.7954
vn 0.2746 -0.8481 -0.4531
vn -0.7832 -0.1594 -0.6010
vn -0.7366 -0.5498 -0.3939
vn -0.9368 0.1567 -0.3127
vn 0.4393 -0.5311 -0.7245
vn -0.6586 0.6550 -0.3705
vn -0.4098 0.5807 -0.7035
vn 0.8389 0.4317 -0.3315
vn -0.4964 0.8681 0.0032
vn -0.9770 0.2098 0.0385
vn 0.9881 -0.1322 0.0786
vn -0.3799 -0.1039 -0.9192
vn 0.9990 0.0442 -0.0017
vn 0.7360 0.5549 -0.3879
vn -0.5657 0.6756 0.4728
vn 0.1748 0.9288 -0.3267
vn 0.8080 0.5796 -0.1054
vn 0.7573 0.6196 -0.2065
vn 0.7562 0.5671 -0.3265
vn 0.5279 0.8450 -0.0853
vn -0.8316 -0.2891 0.4742
vn -0.9644 0.2644 0.0089
vn -0.6899 0.5644 -0.4534
vn -0.6106 -0.2509 -0.7512
vn -0.2077 -0.3815 -0.9007
vn -0.5593 -0.2073 -0.8026
vn -0.5992 0.0240 -0.8002
vn -0.0476 -0.9963 0.0709
vn -0.7053 -0.1703 -0.6881
vn 0.2689 -0.4042 -0.8743
vn 0.2811 0.6726 -0.6846
vn 0.3744 -0.5765 -0.7263
vn 0.0906 -0.4485 -0.8892
vn 0.1361 -0.6903 -0.7106
vn 0.4459 -0.3078 -0.8405
vn -0.3465 -0.7932 -0.5008
vn -0.6043 0.3184 -0.7304
vn 0.8077 -0.5308 -0.2566
vn -0.2862 -0.9330 -0.2182
vn -0.5590 -0.1755 -0.8103
vn -0.3912 -0.1290 -0.9112
vn -0.0748 0.4948 -0.8658
vn -0.3887 0.9107 -0.1395
vn 0.0825 0.9899 0.1155
vn -0.6924 0.6252 -0.3602
vn 0.5753 0.7918 -0.2051
vn 0.2577 -0.9342 0.2469
vn 0.9430 -0.1720 -0.2849
vn 0.6435 0.0647 -0.7627
vn -0.2432 0.6435 -0.7257
vn 0.1678 -0.4970 -0.8514
vn -0.7071 0.0472 -0.7055
vn 0.7209 -0.5473 -0.4252
vn -0.7187 -0.2256 -0.6577
vn -0.7073 -0.1516 -0.6905
vn -0.7218 -0.1679 -0.6714
vn -0.7254 -0.2025 -0.6579
vn -0.7277 -0.2693 -0.6308
vn -0.6123 -0.2551 -0.7483
vn -0.6422 -0.1860 -0.7436
vn -0.6070 -0.2361 -0.7588
vn 0.8560 -0.0856 -0.5098
vn 0.9395 -0.1409 -0.3122
vn -0.3806 -0.9235 -0.0474
vn 0.6724 0.2787 -0.6857
vn -0.4883 0.3731 -0.7889
vn -0.5123 0.3915 -0.7644
vn 0.2061 -0.6627 -0.7200
vn -0.2171 -0.6238 -0.7508
vn 0.0168 -0.8086 -0.5882
vn -0.7373 -0.5494 -0.3932
vn -0.5806 -0.4369 -0.6871
vn -0.3417 -0.6328 -0.6948
vn 0.8981 -0.3139 -0.3080
vn 0.7707 -0.3034 -0.5604
vn 0.0252 -0.9966 -0.0790
vn 0.7689 0.1588 -0.6193
vn -0.9708 -0.1113 0.2123
vn 0.7461 0.2682 -0.6094
vn -0.7616 -0.5089 -0.4012
vn -0.4964 0.0378 -0.8673
vn 0.9614 0.2040 0.1847
vn -0.8728 0.0364 -0.4868
vn -0.2340 0.7311 -0.6409
vn 0.9650 -0.2505 -0.0778
vn 0.2068 0.7250 -0.6570
vn 0.0618 0.7029 0.7086
vn -0.4293 0.9005 -0.0689
vn 0.0879 0.9614 -0.2607
vn 0.2628 0.9016 -0.3436
vn -0.3090 -0.1504 -0.9391
vn -0.6672 -0.2323 -0.7077
vn -0.6921 -0.1350 -0.7090
vn -0.6637 -0.2212 -0.7146
vn -0.6394 -0.3029 -0.7067
vn -0.6274 -0.2955 -0.7204
vn 0.2552 -0.9324 -0.2559
vn 0.6455 -0.7468 -0.1599
vn 0.0118 -0.9788 -0.2044
vn 0.3436 -0.8719 -0.3488
vn -0.6856 -0.3427 -0.6423
vn -0.5972 -0.3020 -0.7431
vn -0.4206 -0.8362 -0.3519
vn 0.7595 -0.4464 -0.4733
vn 0.5075 0.3893 -0.7687
vn 0.1433 -0.3855 -0.9115
vn -0.6334 -0.6847 -0.3605
vn 0.6927 -0.4817 -0.5368
vn -0.0107 -0.9372 -0.3487
vn 0.1395 0.8708 -0.4714
vn -0.3067 0.6679 -0.6782
vn -0.1426 0.6293 -0.7640
vn -0.1010 0.5557 -0.8252
vn -0.2016 0.5039 -0.8399
vn -0.2480 0.4465 -0.8598
vn -0.2387 0.5910 -0.7705
vn -0.7528 0.3648 -0.5479
vn 0.7389 0.2347 -0.6316
vn 0.9376 -0.3311 0.1065
vn 0.1422 -0.6001 -0.7872
vn -0.2178 0.9049 -0.3655
vn 0.2869 0.7455 0.6015
vn -0.3454 0.7759 0.5280
vn -0.0670 0.8149 0.5757
vn -0.3757 -0.5852 0.7186
vn -0.5564 -0.1010 -0.8247
vn -0.3156 -0.2459 -0.9165
vn 0.6175 0.3905 -0.6828
vn -0.7225 -0.0519 -0.6894
vn -0.2279 0.2448 -0.9424
vn -0.6278 -0.7783 0.0092
vn 0.1425 -0.9884 0.0529
vn -0.7373 -0.2744 -0.6173
vn -0.5442 -0.2551 -0.7992
vn -0.6278 -0.2206 -0.7465
vn 0.5817 0.5782 -0.5722
vn 0.6647 0.0406 -0.7460
vn -0.9649 0.2604 -0.0343
vn -0.5582 -0.6097 -0.5628
vn 0.2788 -0.4453 -0.8509
vn 0.5166 -0.1582 -0.8415
vn -0.4533 -0.7804 0.4307
vn 0.6180 0.7075 -0.3427
vn -0.9240 0.2966 0.2414
vn -0.9410 0.2726 -0.2003
vn -0.4980 0.6177 -0.6087
vn -0.6062 -0.0912 -0.7901
vn -0.8276 -0.2026 -0.5236
vn -0.8066 -0.1513 -0.5714
vn -0.7976 -0.2043 -0.5676
vn -0.7797 -0.0443 -0.6246
vn 0.8912 0.4506 0.0517
vn 0.9811 -0.1754 0.0811
vn -0.7948 0.5015 0.3417
vn 0.1952 0.8818 0.4294
vn 0.8435 0.5039 -0.1859
vn -0.8638 0.4987 0.0722
vn -0.0960 0.9695 0.2257
vn 0.6890 -0.6046 0.3997
vn -0.6310 -0.3410 0.6969
vn -0.9543 0.1808 0.2379
vn 0.8917 -0.3649 -0.2676
vn -0.8893 0.4455 -0.1033
vn -0.8013 0.0630 -0.5950
vn -0.4491 -0.0919 -0.8888
vn -0.8459 0.2162 -0.4876
vn -0.7486 0.0400 -0.6618
vn -0.5882 0.0505 -0.8071
vn -0.6290 0.1360 -0.7654
vn -0.7005 0.2050 -0.6836
vn 0.8090 -0.3836 -0.4453
vn -0.3149 -0.3277 -0.8908
vn -0.1946 -0.4124 -0.8900
vn -0.8058 0.1175 -0.5804
vn 0.1618 -0.9865 -0.0268
vn -0.4417 -0.6909 -0.5723
vn 0.0926 -0.0418 -0.9948
vn 0.5989 0.4335 -0.6733
vn 0.3930 -0.1557 -0.9063
vn -0.7011 -0.2003 -0.6843
vn -0.7623 -0.0332 -0.6463
vn -0.7349 -0.1169 -0.6681
vn -0.6894 -0.2507 -0.6796
vn -0.6896 0.1401 -0.7106
vn -0.6831 -0.6892 -0.2415
vn 0.9981 0.0223 0.0570
vn 0.8728 -0.0267 -0.4874
vn -0.2608 0.3985 -0.8793
vn -0.3197 0.7909 -0.5217
vn -0.1015 0.8118 -0.5750
vn -0.2026 0.7934 -0.5740
vn -0.3478 0.7278 -0.5911
vn -0.1550 0.7278 -0.6681
vn 0.9610 0.2547 0.1081
vn -0.4804 0.8745 0.0670
vn 0.7461 0.6657 -0.0157
vn 0.7609 0.6431 -0.0863
vn 0.3219 0.9385 -0.1246
vn -0.5211 0.8515 0.0589
vn 0.7704 -0.5100 -0.3827
vn 0.7695 -0.3510 -0.5335
vn -0.4377 0.1317 -0.8894
vn 0.4471 -0.6149 -0.6496
vn 0.1844 -0.9813 -0.0554
vn -0.2039 0.2081 -0.9566
vn 0.6699 -0.5948 -0.4444
vn 0.5785 0.5798 -0.5737
vn -0.8980 -0.3247 0.2967
vn 0.6418 -0.5237 -0.5602
vn -0.6305 -0.6199 -0.4671
vn -0.9778 -0.1637 0.1308
vn -0.1462 -0.3736 -0.9160
vn 0.5408 -0.3914 -0.7446
vn -0.9935 0.0901 0.0694
vn -0.7483 -0.2551 -0.6123
vn -0.6850 -0.2911 -0.6679
vn -0.5959 -0.2894 -0.7491
vn -0.5706 -0.3457 -0.7449
vn 0.6748 0.5001 -0.5428
vn 0.8024 -0.2411 -0.5459
vn 0.7014 0.6998 -0.1357
vn -0.6515 -0.0489 0.7571
vn -0.2490 0.1261 -0.9603
vn -0.7261 -0.1465 -0.6717
vn -0.7452 -0.1656 -0.6459
vn -0.7201 -0.2345 -0.6531
vn -0.6534 -0.3183 -0.6869
vn 0.4348 -0.8491 -0.3001
vn -0.8110 0.5800 0.0769
vn 0.1612 0.8343 0.5273
vn 0.1974 0.7438 0.6386
vn -0.1862 0.9807 -0.0597
vn 0.6491 0.7490 -0.1332
vn 0.6329 0.7328 -0.2498
vn 0.6225 0.7066 -0.3365
vn 0.7410 0.6677 -0.0715
vn -0.3977 0.5115 0.7617
vn -0.3277 0.9142 0.2384
vn 0.2354 -0.7735 0.5885
vn 0.1687 -0.7762 0.6075
vn 0.0674 -0.7921 0.6067
vn 0.3217 -0.7123 0.6239
vn -0.1104 -0.8214 0.5596
vn -0.1181 -0.4386 0.8909
vn 0.3866 -0.6724 0.6312
vn -0.4872 -0.5694 -0.6622
vn 0.8579 -0.2066 -0.4704
vn -0.3650 -0.1103 -0.9244
vn -0.1385 -0.4878 -0.8619
vn 0.4965 -0.8449 -0.1992
vn -0.6352 -0.1726 -0.7528
vn 0.5104 -0.4511 -0.7321
vn 0.5032 0.2777 -0.8183
vn 0.6347 0.3885 -0.6680
vn -0.4021 -0.6979 0.5926
vn 0.1789 -0.9245 -0.3366
vn 0.0731 -0.0354 -0.9967
vn -0.6847 0.3481 0.6404
vn -0.6039 -0.3456 0.7183
vn -0.5006 -0.1434 0.8537
vn 0.6789 0.7339 -0.0210
vn -0.7863 -0.4480 -0.4254
vn -0.2843 0.6431 -0.7110
vn -0.7648 0.1588 -0.6244
vn -0.8913 -0.0592 -0.4495
vn -0.3125 0.9428 0.1158
vn -0.4012 0.6333 0.6618
vn 0.1360 0.3492 0.9271
vn 0.4474 0.8731 -0.1937
vn -0.8516 -0.4586 0.2538
vn 0.9274 -0.2091 -0.3102
vn -0.7713 -0.4013 -0.4940
vn 0.8423 -0.5379 0.0333
vn -0.6562 -0.1430 -0.7409
vn 0.1014 -0.8820 -0.4603
vn -0.4121 -0.8746 0.2554
vn 0.0149 -0.9563 0.2921
vn -0.7306 0.2208 0.6461
vn -0.6609 0.6608 0.3558
vn -0.6632 0.6972 0.2721
vn -0.6969 0.6968 0.1700
vn -0.5930 0.7371 0.3241
vn -0.0683 0.8371 -0.5427
vn -0.6309 -0.0524 0.7741
vn 0.9119 0.2754 0.3041
vn 0.9441 -0.3282 0.0313
vn 0.9617 0.2742 -0.0066
vn -0.7061 0.5237 0.4766
vn -0.2632 0.5058 0.8215
vn -0.0210 0.5261 0.8502
vn 0.0036 -0.1897 0.9818
vn 0.6931 0.2409 0.6794
vn 0.6346 -0.5314 0.5612
vn 0.5920 -0.2676 0.7602
vn 0.4165 0.7946 0.4417
vn -0.3538 0.9116 0.2093
vn 0.9974 -0.0677 -0.0249
vn 0.5639 0.8181 0.1128
vn 0.8864 -0.0999 -0.4521
vn 0.7436 -0.6422 -0.1859
vn 0.7870 -0.6159 -0.0342
vn 0.7669 -0.6306 -0.1193
vn 0.8164 -0.5402 -0.2041
vn 0.2738 -0.0835 -0.9582
vn 0.5885 -0.4470 -0.6737
vn -0.2217 -0.3149 -0.9229
vn 0.7253 0.1318 -0.6757
vn 0.7480 0.5325 -0.3962
vn -0.3883 -0.9029 0.1845
vn -0.8388 0.0119 -0.5443
vn 0.6855 0.4609 -0.5636
vn -0.6770 -0.6865 -0.2653
vn -0.6613 -0.5940 -0.4581
vn 0.4136 0.8868 -0.2064
vn 0.9460 -0.2264 -0.2321
vn -0.8057 0.2418 0.5406
vn -0.5169 -0.1726 0.8385
vn -0.7296 -0.1065 0.6756
vn 0.9211 -0.1649 0.3526
vn -0.3063 0.2049 -0.9296
vn 0.0009 0.2297 -0.9733
vn 0.8409 0.5018 -0.2026
vn 0.2070 0.9251 0.3182
vn 0.1122 0.9937 -0.0056
vn -0.8514 0.4787 -0.2142
vn 0.9786 -0.0976 -0.1812
vn -0.5784 0.6396 0.5063
vn 0.3958 0.8791 0.2654
vn -0.1324 0.9857 -0.1037
vn 0.6364 -0.7678 0.0736
vn -0.9408 0.0421 -0.3363
vn 0.6476 -0.3708 -0.6657
vn 0.3979 -0.6324 -0.6646
vn 0.1521 -0.3328 -0.9307
vn 0.0407 -0.5121 -0.8579
vn -0.6909 -0.2103 -0.6917
vn 0.0199 -0.9252 -0.3789
vn -0.5630 0.1997 -0.8019
vn 0.2671 -0.2697 -0.9252
vn -0.5319 -0.2543 -0.8077
vn 0.3165 0.0438 -0.9476
vn 0.7934 0.5064 -0.3376
vn 0.7919 0.5559 -0.2527
vn 0.8200 0.5522 -0.1506
vn 0.3650 0.4295 0.8260
vn 0.3626 -0.8748 -0.3213
vn 0.6890 0.6991 -0.1910
vn 0.8674 -0.4637 -0.1808
vn 0.9848 0.0948 -0.1455
vn -0.6384 -0.5926 0.4911
vn -0.6145 -0.2747 0.7396
vn -0.3052 -0.2545 0.9177
vn 0.3039 0.1349 0.9431
vn -0.3298 0.6005 0.7284
vn -0.7119 -0.4474 -0.5414
vn -0.0801 0.1990 -0.9767
vn -0.2190 0.2070 -0.9535
vn 0.9612 0.2213 0.1647
vn -0.5425 0.7116 0.4464
vn -0.3990 0.7357 -0.5472
vn -0.4286 0.9017 -0.0564
vn 0.9071 0.2483 0.3400
vn -0.2493 0.9065 0.3406
vn 0.1276 -0.9337 0.3346
vn -0.8113 -0.2364 -0.5347
vn 0.2771 -0.7759 -0.5668
vn -0.6407 -0.4884 -0.5924
vn 0.7081 -0.5561 -0.4350
vn -0.5278 -0.4383 -0.7275
vn -0.5104 -0.6646 -0.5456
vn -0.5580 -0.1029 0.8235
vn -0.5986 -0.1466 0.7875
vn 0.5438 0.7364 0.4024
vn 0.7915 0.6005 0.1136
vn 0.6727 -0.4739 0.5682
vn -0.9761 0.0488 -0.2120
vn -0.8320 0.2967 -0.4688
vn -0.1102 0.2720 -0.9560
vn 0.0214 0.7744 -0.6323
vn -0.1823 0.9717 0.1504
vn 0.9755 -0.1555 0.1557
vn 0.3686 0.9287 -0.0413
vn -0.7684 0.5774 0.2761
vn 0.6940 -0.3117 -0.6490
vn 0.7304 -0.3786 -0.5686
vn -0.7698 -0.1719 -0.6147
vn 0.6914 -0.5326 -0.4881
vn -0.7267 -0.2116 -0.6536
vn -0.2005 -0.9592 -0.1992
vn 0.2142 0.2588 -0.9419
vn 0.1394 -0.6276 -0.7659
vn 0.7170 0.4049 -0.5674
vn -0.4217 -0.8684 0.2608
vn 0.7327 0.6557 -0.1823
vn 0.6708 0.0108 -0.7416
vn -0.1699 -0.9290 0.3287
vn -0.5639 -0.3615 0.7425
vn -0.8373 0.2188 0.5010
vn -0.5143 -0.4541 0.7275
vn 0.7316 0.6818 0.0041
vn 0.9315 0.2532 0.2613
vn 0.9420 0.1893 0.2771
vn -0.8761 -0.1760 0.4489
vn -0.4841 -0.4926 0.7232
vn 0.7267 0.6673 0.1632
vn -0.2856 -0.8090 0.5138
vn -0.7631 -0.5997 0.2412
vn -0.6959 0.4191 -0.5831
vn -0.5385 0.5064 0.6734
vn -0.1183 0.4654 -0.8771
vn -0.5924 0.7493 0.2962
vn -0.5911 0.7600 0.2702
vn -0.6173 0.7374 0.2744
vn -0.6909 0.6783 0.2502
vn -0.4329 0.8834 -0.1796
vn -0.5841 0.6923 -0.4238
vn -0.5457 0.8167 -0.1877
vn -0.2513 0.9332 -0.2571
vn -0.7254 -0.0330 -0.6876
vn -0.6816 -0.2782 -0.6768
vn 0.3101 -0.8819 -0.3550
vn 0.3247 -0.9431 -0.0715
vn 0.5487 -0.8092 -0.2100
vn 0.9120 0.2008 -0.3576
vn -0.7813 -0.6018 -0.1658
vn -0.5944 -0.6178 -0.5148
vn -0.8810 -0.0544 0.4700
vn 0.9967 0.0813 0.0070
vn -0.5025 -0.0157 0.8644
vn 0.2416 -0.9701 -0.0217
vn -0.4616 -0.8502 0.2531
vn 0.2066 0.8359 0.5086
vn 0.0900 0.3460 -0.9339
vn -0.0550 0.8355 -0.5468
vn -0.6473 0.7161 0.2611
vn 0.9830 0.0922 0.1587
vn 0.2864 0.9327 -0.2192
vn 0.7594 0.6504 -0.0162
vn 0.1540 -0.9877 -0.0268
vn -0.1857 -0.6547 -0.7327
vn 0.7081 -0.2133 -0.6731
vn 0.1084 -0.8291 -0.5485
vn 0.6713 0.3451 -0.6560
vn -0.8093 -0.4631 -0.3614
vn -0.3396 0.1031 -0.9349
vn -0.4126 -0.8610 0.2973
vn -0.1183 -0.9647 0.2352
vn 0.2674 -0.5537 -0.7886
vn 0.9239 -0.3809 -0.0358
vn -0.5774 -0.2508 0.7769
vn 0.5359 0.8437 0.0331
vn -0.4482 -0.1592 0.8797
vn 0.0270 0.9870 -0.1587
vn -0.9386 0.3422 0.0451
vn 0.5725 0.3805 0.7263
vn 0.1822 0.7476 0.6387
vn 0.0228 -0.2603 0.9653
vn -0.4237 0.0873 0.9016
vn -0.7464 -0.5773 -0.3310
vn 0.7788 -0.3098 0.5454
vn 0.8982 -0.4244 0.1144
vn 0.8954 0.3234 -0.3060
vn 0.9079 0.1205 -0.4014
vn -0.9449 0.3250 0.0398
vn -0.8458 0.4992 -0.1885
vn -0.5260 0.6336 -0.5674
vn 0.0903 0.5379 -0.8382
vn -0.4491 0.3952 -0.8013
vn 0.9619 0.0177 -0.2727
vn -0.3029 0.8601 0.4105
vn 0.4320 -0.2539 -0.8654
vn -0.5329 -0.0162 -0.8460
vn 0.8693 -0.0401 -0.4927
vn -0.4805 -0.4478 -0.7541
vn -0.4994 -0.3809 -0.7782
vn -0.9116 -0.1923 -0.3635
vn 0.8861 -0.4628 0.0256
vn -0.3950 -0.8931 -0.2152
vn -0.1238 0.0624 -0.9904
vn -0.2521 -0.8421 0.4769
vn 0.6774 0.5594 -0.4777
vn 0.9193 0.1134 -0.3768
vn -0.2259 -0.0317 0.9736
vn -0.5548 0.7808 -0.2875
vn 0.8543 0.0470 -0.5177
vn -0.3544 -0.1596 0.9214
vn 0.5741 0.7842 -0.2356
vn 0.9536 0.2997 0.0293
vn 0.0470 -0.8572 0.5128
vn 0.8857 -0.2487 0.3922
vn -0.1493 0.2319 0.9612
vn -0.7137 0.2419 0.6574
vn 0.6003 0.7153 -0.3577
vn 0.4350 0.8009 -0.4115
vn -0.7131 0.6711 -0.2027
vn 0.3003 0.9500 0.0854
vn 0.2811 -0.9172 -0.2825
vn -0.0572 -0.4656 -0.8832
vn 0.6607 0.0640 -0.7479
vn -0.9313 -0.2269 -0.2848
vn 0.5257 -0.7667 -0.3685
vn 0.4871 -0.6251 -0.6098
vn -0.1823 0.6436 0.7434
vn -0.4595 -0.1146 0.8807
vn 0.2107 0.0026 0.9776
vn 0.9100 -0.2102 0.3574
vn -0.2248 -0.7302 0.6452
vn 0.1708 0.7409 -0.6496
vn -0.5387 -0.6847 0.4909
vn 0.7214 0.6463 -0.2487
vn 0.5532 0.8263 -0.1058
vn 0.9798 0.1995 0.0163
vn -0.9867 0.0467 0.1555
vn 0.6308 0.7553 -0.1777
vn 0.9090 0.1455 -0.3906
vn -0.2577 0.9297 0.2630
vn -0.5259 -0.0950 0.8452
vn 0.7660 -0.2867 -0.5753
vn 0.5302 0.8289 -0.1784
vn -0.2816 -0.5738 0.7690
vn 0.1415 -0.3259 0.9347
vn -0.4974 -0.7945 0.3485
vn -0.9268 -0.2109 0.3108
vn -0.1207 0.5968 0.7932
vn -0.9408 0.1667 0.2952
vn -0.3450 0.7175 0.6051
vn -0.7128 -0.0888 0.6957
vn 0.9106 -0.3880 0.1426
vn 0.8402 -0.4262 -0.3353
vn -0.2083 0.7513 -0.6262
vn -0.4844 0.7032 -0.5205
vn -0.2793 0.8077 -0.5193
vn -0.3533 0.5720 -0.7403
vn -0.2865 0.6067 -0.7415
vn -0.1851 0.6056 -0.7739
vn -0.2138 0.8736 -0.4371
vn -0.1866 0.9804 -0.0635
vn -0.1726 0.5544 -0.8142
vn 0.2721 -0.2718 -0.9231
vn -0.4583 -0.5230 -0.7186
vn -0.4053 -0.8117 -0.4206
vn -0.5561 -0.0947 -0.8257
vn 0.9541 0.2915 -0.0684
vn -0.7315 -0.0548 -0.6796
vn 0.2725 -0.9566 0.1036
vn -0.7149 -0.5325 -0.4531
vn -0.3449 -0.9110 0.2263
vn 0.9761 -0.1726 -0.1323
vn 0.6588 -0.4428 0.6082
vn 0.5464 0.4943 0.6762
vn -0.7217 -0.6543 -0.2258
vn 0.3790 0.3774 -0.8449
vn -0.6260 -0.1635 0.7625
vn 0.1653 0.0364 0.9856
vn 0.2088 0.7841 0.5844
vn -0.7533 0.6033 0.2619
vn -0.8982 -0.0253 0.4389
vn 0.1681 -0.7796 0.6033
vn -0.8033 0.3114 0.5077
vn 0.7793 0.3977 -0.4843
vn 0.5844 0.6103 -0.5349
vn 0.8111 0.4605 -0.3607
vn 0.8895 0.4563 0.0230
vn -0.7662 0.5236 0.3725
vn -0.9030 0.0071 0.4295
vn -0.6799 -0.5306 0.5061
vn -0.6429 -0.0027 0.7659
vn 0.8156 -0.2575 0.5181
vn 0.6847 -0.0202 0.7285
vn -0.6429 -0.7397 0.1985
vn 0.1910 0.8709 -0.4529
vn 0.7393 0.4569 -0.4945
vn -0.3797 0.4163 -0.8261
vn -0.2135 0.6907 -0.6909
vn -0.0440 -0.8031 -0.5943
vn -0.7974 -0.2922 -0.5281
vn 0.1367 0.0219 -0.9904
vn -0.7860 -0.0823 -0.6127
vn 0.8689 -0.4661 0.1669
vn -0.5831 -0.1512 -0.7982
vn -0.5745 -0.0268 -0.8180
vn 0.2595 -0.0442 -0.9647
vn -0.1526 -0.4276 -0.8910
vn -0.7862 0.4894 0.3775
vn -0.4299 -0.8938 0.1277
vn -0.8998 -0.2584 0.3515
vn -0.8112 -0.5356 -0.2348
vn 0.9343 -0.1539 -0.3217
vn 0.8854 0.1995 0.4199
vn -0.2394 -0.0916 0.9666
vn -0.4492 -0.4860 0.7497
vn -0.7115 -0.5522 0.4345
vn 0.4105 0.8939 -0.1799
vn -0.8107 -0.3253 0.4868
vn 0.0126 -0.6899 -0.7238
vn -0.8352 0.5380 -0.1138
vn 0.9122 -0.3946 0.1099
vn -0.8878 -0.3489 0.3002
vn 0.7808 -0.2224 -0.5839
vn -0.6597 0.5176 -0.5449
vn -0.7774 0.5148 0.3615
vn -0.4266 0.8131 -0.3962
vn 0.2290 0.9001 0.3707
vn -0.3423 0.9065 -0.2470
vn 0.8802 -0.1811 -0.4388
vn -0.0397 0.7811 -0.6231
vn 0.2761 0.8727 -0.4026
vn -0.3873 -0.2348 -0.8915
vn 0.2944 -0.1255 -0.9474
vn 0.4089 -0.8070 -0.4261
vn 0.2299 -0.2077 -0.9508
vn 0.2096 -0.5504 -0.8082
vn 0.0057 -0.4180 -0.9084
vn 0.0183 0.4728 -0.8810
vn -0.0486 0.1063 -0.9931
vn 0.1544 0.3965 -0.9050
vn 0.8356 0.2502 -0.4890
vn 0.1342 0.6906 -0.7107
vn -0.9778 -0.1499 -0.1464
vn 0.3744 0.8574 -0.3531
vn -0.6904 -0.1516 -0.7073
vn -0.5972 -0.3242 -0.7337
vn 0.5042 0.0447 -0.8624
vn 0.0655 -0.6723 -0.7374
vn -0.2736 -0.1690 -0.9469
vn 0.4850 -0.8497 -0.2067
vn 0.3808 -0.8468 -0.3713
vn -0.0510 0.9792 0.1965
vn -0.7691 -0.5730 -0.2830
vn 0.9783 0.1616 0.1299
vn 0.7463 0.6581 -0.0993
vn -0.5923 -0.7049 0.3904
vn 0.0962 0.9855 -0.1394
vn -0.2542 -0.9048 0.3416
vn 0.8938 -0.3996 0.2036
vn 0.9891 0.1463 -0.0172
vn -0.9409 -0.1911 0.2795
vn -0.9283 -0.0167 0.3715
vn -0.4251 0.8746 -0.2333
vn -0.8534 -0.2930 -0.4311
vn 0.9901 -0.0525 0.1302
vn -0.9011 -0.4223 0.0989
vn -0.7370 0.1808 0.6512
vn -0.7633 -0.5599 0.3223
vn -0.7982 -0.5605 0.2208
vn -0.7964 -0.5931 0.1186
vn -0.8435 -0.0735 -0.5321
vn 0.4775 0.8785 -0.0129
vn 0.9288 0.2846 -0.2372
vn -0.0311 0.7838 -0.6202
vn 0.2257 0.9471 -0.2282
vn -0.3512 0.8506 -0.3913
vn 0.7843 0.3101 -0.5372
vn -0.4341 -0.6441 -0.6298
vn 0.2117 0.0126 -0.9773
vn 0.2641 -0.6955 -0.6683
vn -0.2922 -0.0198 -0.9562
vn -0.5476 -0.8368 0.0032
vn 0.3419 -0.5296 -0.7763
vn 0.8108 -0.5833 -0.0489
vn 0.3777 0.6753 -0.6334
vn -0.4359 -0.6159 -0.6563
vn -0.4621 -0.3616 -0.8098
vn 0.8640 -0.2349 -0.4454
vn 0.8557 0.4069 -0.3197
vn -0.9517 -0.2631 -0.1586
vn -0.7173 -0.6912 0.0877
vn -0.4034 -0.9150 -0.0000
vn -0.2284 -0.7464 0.6250
vn 0.6885 -0.1423 0.7112
vn -0.9537 -0.2917 -0.0737
vn 0.2219 0.9677 -0.1199
vn -0.9397 -0.1892 -0.2848
vn -0.4763 -0.8790 0.0195
vn 0.9932 0.0720 0.0913
vn 0.9715 0.2191 -0.0909
vn -0.9317 0.3612 0.0369
vn -0.3683 0.1438 -0.9185
vn -0.5408 0.8380 -0.0725
vn -0.6844 0.7011 0.2004
vn -0.7280 0.6433 0.2370
vn -0.7779 0.5749 0.2536
vn -0.7207 0.6696 0.1797
vn -0.6771 0.7356 0.0211
vn -0.9687 0.2105 -0.1319
vn 0.9339 0.3575 -0.0082
vn 0.6499 0.1596 -0.7431
vn -0.0390 -0.9166 0.3978
vn -0.3175 -0.8743 0.3671
vn 0.9716 -0.1325 -0.1959
vn 0.9949 0.0857 -0.0536
vn 0.9131 -0.2274 0.3385
vn 0.6522 0.0150 -0.7579
vn -0.5280 0.5550 -0.6428
vn 0.4711 0.8612 -0.1907
vn -0.1337 0.7581 -0.6383
vn -0.8470 -0.1119 -0.5197
vn 0.7779 -0.1399 -0.6126
vn 0.6024 0.0020 -0.7982
vn -0.4545 -0.5336 -0.7132
vn 0.4961 -0.7980 -0.3421
vn 0.2350 -0.9518 -0.1972
vn 0.2604 -0.6793 -0.6861
vn 0.1536 -0.8403 -0.5199
vn -0.9858 -0.1213 -0.1160
vn -0.9416 -0.2008 -0.2703
vn 0.3229 -0.9291 -0.1801
vn 0.7409 0.5548 0.3786
vn -0.5965 0.7627 -0.2499
vn -0.3545 -0.9216 -0.1579
vn -0.3239 0.7929 -0.5161
vn 0.3284 0.9039 -0.2742
vn -0.1756 -0.9793 0.1011
vn 0.8507 0.4942 -0.1793
vn -0.7805 -0.3322 0.5295
vn 0.4118 -0.8665 -0.2822
vn -0.9838 -0.1306 0.1225
vn -0.7929 0.6033 0.0862
vn -0.8547 0.4958 0.1539
vn -0.8978 0.4066 0.1694
vn -0.9441 0.2669 -0.1937
vn 0.6444 0.1995 -0.7382
vn -0.9479 0.3176 -0.0246
vn 0.6315 0.3227 -0.7050
vn 0.5938 0.5283 -0.6069
vn -0.8423 -0.5231 0.1297
vn -0.8878 -0.4523 -0.0854
vn 0.9752 0.2212 0.0017
vn -0.7978 -0.2652 0.5414
vn -0.9157 -0.3983 -0.0542
vn -0.4312 0.2164 0.8759
vn -0.1089 0.7071 0.6987
vn -0.6209 0.7345 -0.2738
vn -0.2281 0.5215 0.8222
vn 0.4607 0.8621 0.2109
vn -0.8413 0.4850 0.2388
vn 0.3077 0.9477 -0.0841
vn -0.5524 0.6452 -0.5278
vn -0.0863 0.9912 0.1002
vn 0.1149 0.9881 -0.1024
vn -0.2127 -0.9271 -0.3087
vn -0.8779 -0.3129 0.3625
vn -0.0031 -0.8602 -0.5100
vn -0.0561 0.8742 -0.4824
vn 0.8780 0.4551 -0.1482
vn 0.3147 0.9357 -0.1596
vn -0.9100 -0.1520 -0.3858
vn 0.9913 -0.0445 -0.1241
vn 0.6318 -0.7683 0.1029
vn -0.3902 -0.6773 -0.6237
vn 0.8326 0.4416 -0.3342
vn 0.8556 -0.5124 -0.0734
vn 0.0971 -0.5476 0.8311
vn 0.4976 -0.1335 0.8571
vn 0.8683 -0.4818 -0.1181
vn -0.8598 -0.4993 -0.1074
vn -0.7781 0.6010 0.1828
vn -0.8117 -0.4438 -0.3797
vn 0.3519 -0.0073 -0.9360
vn -0.8950 -0.4160 -0.1610
vn 0.6794 0.4057 -0.6114
vn -0.7246 0.4942 -0.4803
vn 0.5483 0.3943 0.7375
vn -0.1721 0.7808 0.6006
vn 0.0286 0.1142 0.9930
vn -0.7220 0.2491 0.6455
vn -0.4276 0.3399 0.8376
vn -0.1642 -0.0809 0.9831
vn 0.4915 -0.1903 -0.8499
vn 0.3650 -0.3091 0.8782
vn -0.3414 -0.3881 0.8561
vn 0.8270 -0.5159 0.2232
vn -0.2608 -0.3139 -0.9129
vn -0.3912 0.4734 -0.7892
vn -0.4916 0.8679 -0.0713
vn 0.5349 0.2524 -0.8063
vn 0.1205 0.9906 -0.0654
vn 0.3497 0.8327 -0.4293
vn 0.2158 0.9646 0.1516
vn -0.8159 -0.5779 0.0166
vn 0.9843 -0.0361 -0.1726
vn -0.8086 -0.2356 -0.5392
vn 0.9645 0.0301 0.2623
vn 0.0715 -0.9113 -0.4055
vn 0.7921 0.5391 -0.2864
vn 0.7846 0.5673 -0.2503
vn 0.7969 0.5642 -0.2158
vn 0.8070 0.5720 -0.1470
vn -0.5518 0.1925 0.8115
vn 0.5616 0.0328 0.8268
vn 0.1447 0.6673 0.7306
vn 0.7063 0.5890 -0.3928
vn 0.5142 0.8514 -0.1036
vn -0.0677 -0.3392 0.9383
vn -0.9497 0.0492 -0.3093
vn 0.9784 -0.1872 0.0882
vn 0.8051 0.0871 0.5867
vn 0.8358 0.0354 0.5479
vn 0.8614 0.4746 0.1810
vn 0.8027 0.0903 0.5895
vn -0.6188 -0.6781 0.3966
vn 0.7387 0.4540 -0.4982
vn 0.2250 0.9316 0.2855
vn 0.8961 0.4432 0.0237
vn 0.6557 0.3879 0.6478
vn -0.6435 0.7240 0.2485
vn 0.7257 -0.5435 -0.4219
vn 0.0438 0.8903 -0.4533
vn 0.6539 0.6830 -0.3255
vn 0.7356 0.4254 -0.5272
vn 0.0186 -0.7898 0.6131
vn 0.4290 0.8950 0.1225
vn -0.5468 0.0528 -0.8356
vn 0.3080 -0.7146 -0.6281
vn 0.8305 -0.2122 0.5151
vn 0.7287 -0.4691 0.4990
vn -0.3651 0.1112 0.9243
vn 0.5960 0.5898 0.5449
vn 0.2543 -0.0471 -0.9660
vn 0.0613 0.9768 0.2051
vn -0.0229 0.9938 0.1091
vn 0.6893 -0.3993 -0.6045
vn 0.9702 -0.2315 -0.0721
vn -0.9025 -0.3595 0.2373
vn 0.9733 0.0659 -0.2197
vn -0.3593 0.4024 -0.8420
vn -0.0832 -0.2475 -0.9653
vn 0.0502 0.0438 -0.9978
vn 0.0646 -0.9682 -0.2416
vn 0.6135 -0.4751 -0.6307
vn 0.9070 -0.1804 -0.3805
vn -0.8909 -0.2585 -0.3735
vn 0.6520 0.7356 -0.1839
vn 0.6050 0.7898 -0.1008
vn 0.6539 0.7377 -0.1676
vn 0.5754 0.7965 -0.1857
vn 0.7801 -0.5461 0.3053
vn -0.8642 -0.4441 0.2365
vn 0.4883 0.8240 -0.2873
vn 0.0109 -0.9067 0.4217
vn 0.8159 0.0170 0.5780
vn 0.8131 0.0847 0.5760
vn 0.7857 0.2006 0.5852
vn -0.7136 -0.6660 -0.2172
vn 0.8376 0.5258 0.1481
vn -0.1917 -0.9510 0.2425
vn -0.2132 -0.9636 0.1611
vn -0.6929 -0.4733 0.5439
vn 0.5669 -0.1908 -0.8014
vn -0.2700 -0.5784 -0.7698
vn -0.5978 0.7805 0.1827
vn -0.5429 0.8314 0.1188
vn -0.5887 0.7906 0.1682
vn -0.5947 0.8039 -0.0044
vn 0.4451 0.6554 -0.6101
vn 0.7228 0.6556 -0.2185
vn 0.6568 0.6905 -0.3031
vn 0.7201 0.6531 -0.2344
vn 0.6402 0.4924 -0.5897
vn 0.5565 0.6462 -0.5222
vn -0.1917 -0.3539 0.9154
vn 0.4551 -0.8026 -0.3857
vn -0.7206 0.4011 0.5656
vn 0.9182 0.2795 0.2807
vn 0.9600 -0.2325 0.1558
vn -0.4910 -0.2704 0.8282
vn -0.4159 0.1741 0.8926
vn 0.7604 -0.1766 0.6250
vn -0.5603 0.3208 -0.7637
vn 0.6458 0.0034 -0.7635
vn 0.1521 0.9763 -0.1538
vn -0.0587 0.4958 -0.8665
vn -0.0683 0.5465 -0.8347
vn -0.1373 0.4305 -0.8921
vn -0.1684 0.3383 -0.9258
vn -0.2729 0.3091 -0.9110
vn 0.0185 0.5749 -0.8180
vn 0.2432 -0.1840 -0.9524
vn -0.6770 0.7119 0.1868
vn 0.0990 -0.8227 -0.5597
vn -0.7507 -0.6479 0.1287
vn -0.1902 -0.4330 -0.8811
vn 0.5246 -0.8455 0.0996
vn -0.6493 -0.7347 -0.1965
vn 0.2268 -0.3902 -0.8924
vn -0.7995 -0.1935 -0.5687
vn -0.0382 -0.2080 -0.9774
vn -0.8157 0.5566 0.1575
vn -0.2521 0.8388 -0.4825
vn -0.6155 -0.3861 -0.6871
vn -0.3202 -0.5304 -0.7850
vn -0.2737 -0.8959 -0.3499
vn -0.7299 -0.4415 -0.5218
vn -0.1929 0.2507 -0.9487
vn -0.6268 -0.5964 -0.5015
vn 0.3364 -0.3132 0.8881
vn 0.5503 -0.0584 -0.8330
vn -0.6169 0.4826 0.6217
vn -0.2590 -0.2343 0.9370
vn 0.4199 0.5967 0.6839
vn 0.3642 -0.6169 0.6977
vn -0.6170 0.4182 -0.6666
vn 0.7700 0.6378 -0.0170
vn -0.7985 -0.1833 -0.5734
vn -0.6209 -0.7068 0.3390
vn -0.4485 0.8821 -0.1436
vn -0.5892 -0.2324 -0.7738
vn -0.3978 0.1189 0.9098
vn -0.5012 -0.0845 0.8612
vn -0.4101 -0.0930 -0.9073
vn 0.8412 -0.2103 -0.4982
vn -0.5871 0.0630 0.8070
vn -0.0487 -0.3110 -0.9491
vn 0.6746 -0.0603 0.7357
vn 0.1924 0.4601 -0.8668
vn -0.9137 0.3649 0.1788
vn 0.6979 0.5977 0.3945
vn 0.0212 0.6146 0.7886
vn 0.4792 0.6450 0.5953
vn -0.2586 -0.0058 -0.9660
vn 0.1427 0.3648 -0.9201
vn -0.0213 -0.2483 -0.9685
vn 0.4222 0.5878 -0.6901
vn -0.0684 0.8281 0.5565
vn -0.6288 0.7646 -0.1416
vn -0.2429 -0.7960 -0.5544
vn -0.8010 -0.5923 0.0870
vn -0.1199 -0.7941 -0.5959
vn -0.6134 -0.7858 -0.0794
vn 0.1101 0.4777 -0.8716
vn -0.3089 -0.3847 -0.8698
vn 0.4132 -0.8820 0.2267
vn 0.0750 0.9966 0.0330
vn 0.7056 0.6490 -0.2847
vn 0.9828 0.1129 -0.1465
vn 0.8952 0.4408 0.0661
vn 0.8267 0.5574 -0.0761
vn -0.6798 -0.4298 -0.5943
vn 0.6854 -0.7227 -0.0889
vn 0.9694 -0.2348 -0.0720
vn 0.4559 -0.8706 0.1848
vn -0.7833 -0.6190 0.0582
vn 0.0981 0.5248 0.8455
vn 0.1566 -0.2136 0.9643
vn 0.2227 0.4585 0.8603
vn -0.9917 -0.0979 0.0828
vn -0.8014 -0.2089 -0.5605
vn 0.6790 0.4197 -0.6023
vn 0.3249 0.9180 -0.2275
vn 0.9355 0.2754 0.2212
vn -0.9503 -0.2768 0.1424
vn 0.7366 0.6625 0.1363
vn 0.7901 0.6128 -0.0159
vn -0.5364 -0.3556 0.7654
vn -0.6833 0.2521 0.6852
vn -0.2358 -0.1282 0.9633
vn -0.5500 0.8331 0.0588
vn 0.1528 0.9772 -0.1472
vn 0.9715 0.2195 -0.0890
vn -0.7511 -0.6343 0.1833
vn -0.1930 -0.9330 -0.3039
vn 0.6412 -0.7373 0.2128
vn -0.8193 -0.3480 0.4557
vn -0.6112 -0.7764 -0.1537
vn -0.8745 -0.4801 -0.0686
vn -0.7541 -0.6512 -0.0857
vn -0.6932 -0.7104 -0.1213
vn -0.7459 0.0239 -0.6656
vn 0.2011 -0.2812 -0.9383
vn 0.7235 0.6640 -0.1888
vn -0.7816 -0.1948 -0.5926
vn -0.4003 -0.8749 -0.2726
vn -0.7473 -0.3567 -0.5605
vn -0.7934 -0.2026 -0.5740
vn -0.7564 -0.2858 -0.5884
vn -0.6562 -0.6168 -0.4348
vn -0.6036 -0.7300 -0.3206
vn 0.6318 0.7258 -0.2720
vn 0.5274 0.8460 -0.0789
vn -0.8082 -0.5414 -0.2318
vn 0.7121 0.7019 -0.0157
vn 0.8390 -0.1021 0.5345
vn 0.7008 0.6046 0.3786
vn -0.1742 -0.7582 0.6283
vn 0.5863 -0.7381 0.3339
vn 0.5005 -0.4981 -0.7081
vn -0.8677 -0.2291 -0.4411
vn -0.9816 -0.1872 0.0376
vn 0.7306 -0.6734 -0.1128
vn -0.3612 -0.9306 0.0599
vn -0.6233 0.2260 0.7486
vn 0.3747 0.2778 0.8846
vn -0.1985 0.9707 0.1355
vn -0.2564 0.8982 0.3571
vn 0.5563 0.7492 -0.3595
vn 0.6995 -0.3194 -0.6392
vn -0.5105 -0.8549 -0.0923
vn 0.7937 -0.5545 0.2500
vn -0.7520 -0.6390 0.1619
vn -0.6395 -0.1766 -0.7482
vn 0.7612 -0.5902 -0.2687
vn 0.7300 -0.6834 -0.0026
vn 0.7677 -0.6407 0.0112
vn -0.8239 -0.1173 -0.5544
vn 0.8439 -0.0702 -0.5319
vn -0.6373 0.3175 -0.7021
vn -0.9070 -0.3718 -0.1979
vn 0.9563 -0.2908 -0.0294
vn 0.5042 0.7624 0.4056
vn -0.8158 0.3389 -0.4687
vn -0.1453 -0.8752 0.4615
vn -0.1889 -0.9758 0.1100
vn -0.2399 -0.9598 0.1456
vn -0.0213 0.9882 -0.1516
vn -0.2206 0.4175 -0.8815
vn 0.3842 0.1854 -0.9044
vn 0.3646 -0.0679 -0.9287
vn 0.6426 0.7239 0.2512
vn 0.4174 0.8451 0.3342
vn -0.1454 0.7304 0.6673
vn 0.7840 0.2633 0.5621
vn -0.4600 -0.2380 0.8554
vn 0.5774 0.8056 0.1324
vn -0.6241 0.2521 0.7395
vn 0.9010 0.3052 0.3084
vn 0.0561 0.9194 0.3894
vn 0.0022 0.8997 0.4365
vn -0.0821 0.8322 0.5484
vn 0.0072 -0.7889 -0.6144
vn -0.7569 -0.5721 0.3158
vn 0.9125 -0.2829 0.2956
vn -0.1903 -0.6626 -0.7244
vn 0.0675 0.0020 -0.9977
vn -0.2897 -0.6097 -0.7378
vn -0.7309 0.0543 -0.6803
vn 0.2633 0.5678 -0.7799
vn -0.4632 0.6309 -0.6224
vn -0.3871 -0.2140 -0.8968
vn 0.4344 -0.7648 -0.4758
vn -0.4301 -0.2317 -0.8725
vn -0.5714 -0.8135 -0.1084
vn -0.6695 -0.5851 -0.4575
vn 0.4541 0.8900 0.0413
vn 0.2065 0.9662 0.1546
vn -0.8035 -0.5822 0.1239
vn 0.7557 -0.2955 -0.5844
vn -0.8615 -0.4290 -0.2716
vn 0.1274 0.4545 0.8816
vn -0.4053 -0.2229 0.8866
vn 0.5534 -0.3524 0.7547
vn -0.6103 0.5070 -0.6087
vn 0.1503 0.9551 0.2552
vn -0.3766 -0.0154 -0.9263
vn 0.0286 -0.2611 -0.9649
vn -0.7167 0.0742 0.6934
vn -0.1293 0.9915 0.0165
vn 0.6510 0.0950 0.7531
vn -0.5318 -0.0577 0.8449
vn 0.5535 -0.0748 0.8295
vn -0.3901 0.0485 0.9195
vn 0.6028 -0.3574 0.7134
vn -0.7373 -0.4373 0.5149
vn 0.5843 0.3589 0.7278
vn -0.7772 0.3964 0.4886
vn -0.8010 0.2749 0.5318
vn 0.8925 0.2918 0.3440
vn -0.7376 0.6420 0.2093
vn 0.1813 0.9706 0.1585
vn 0.1157 -0.8759 -0.4684
vn -0.9141 0.0532 -0.4019
vn -0.2903 -0.4016 -0.8686
vn 0.9971 0.0705 0.0282
vn -0.9792 -0.0623 -0.1933
vn -0.0220 -0.9986 0.0484
vn -0.8893 -0.2835 -0.3588
vn -0.7770 -0.4947 -0.3894
vn 0.6984 -0.6656 0.2631
vn -0.5797 -0.1527 -0.8004
vn -0.8794 -0.0965 -0.4662
vn -0.1247 -0.3864 -0.9139
vn 0.0272 -0.1414 -0.9896
vn -0.3580 0.2259 -0.9060
vn 0.1355 0.4501 -0.8826
vn 0.9761 0.2071 -0.0653
vn -0.3414 0.0322 -0.9394
vn 0.7617 -0.6241 -0.1741
vn -0.4844 -0.0985 -0.8693
vn 0.9893 0.0882 -0.1159
vn -0.6869 -0.1816 -0.7037
vn -0.0440 -0.9964 0.0731
vn 0.2268 -0.8384 -0.4956
vn 0.7226 0.6393 0.2632
vn -0.4810 0.6711 0.5641
vn -0.2862 -0.8462 0.4495
vn 0.6501 0.4380 -0.6209
vn 0.4985 0.8669 0.0054
vn -0.3885 -0.0903 0.9170
vn -0.3324 0.8592 0.3890
vn -0.1026 0.6103 0.7855
vn -0.3045 -0.0653 0.9503
vn -0.6299 -0.6766 0.3814
vn 0.9004 -0.0805 0.4276
vn -0.1446 0.8930 0.4262
vn -0.0297 0.9163 0.3995
vn 0.1863 -0.3616 -0.9135
vn 0.4556 -0.8885 -0.0541
vn 0.9170 -0.3406 0.2076
vn -0.4559 -0.8591 -0.2324
vn -0.6868 -0.6148 -0.3877
vn 0.4637 -0.8859 -0.0108
vn 0.6645 -0.7404 0.1016
vn -0.3333 -0.8352 -0.4373
vn -0.3105 -0.8030 -0.5087
vn -0.9684 -0.1320 -0.2115
vn 0.7219 -0.5822 -0.3741
vn -0.4362 -0.7830 -0.4435
vn -0.4718 -0.8656 -0.1678
vn -0.8849 -0.4295 0.1805
vn -0.9184 0.2810 -0.2785
vn -0.9923 0.1134 -0.0494
vn 0.3586 0.5883 -0.7248
vn 0.7146 -0.6716 -0.1955
vn 0.6022 0.7797 -0.1712
vn 0.0464 0.9842 0.1710
vn 0.5301 0.8309 0.1691
vn 0.8412 0.4957 0.2161
vn 0.5343 0.8451 0.0163
vn 0.9299 -0.3322 -0.1578
vn -0.9318 -0.2318 -0.2794
vn -0.8939 0.4217 0.1524
vn 0.8519 0.3828 -0.3573
vn -0.9461 -0.3238 0.0060
vn -0.9929 0.0402 -0.1116
vn 0.8194 0.5226 0.2356
vn 0.7324 0.5808 0.3553
vn -0.3461 -0.5733 -0.7426
vn -0.6542 0.0828 0.7518
vn -0.7667 0.5586 0.3165
vn 0.5626 0.7499 0.3481
vn -0.7320 0.4571 0.5052
vn -0.9040 -0.1526 0.3993
vn -0.5539 -0.7231 0.4127
vn -0.5086 -0.1833 0.8412
vn 0.6390 0.0355 0.7684
vn 0.8742 0.1935 0.4454
vn 0.5876 0.7794 0.2176
vn -0.3926 0.2839 -0.8748
vn 0.0905 -0.3781 -0.9213
vn -0.6110 0.3701 -0.6998
vn 0.9417 0.3364 -0.0041
vn 0.4653 -0.6363 0.6153
vn 0.6913 0.1119 0.7138
vn 0.8613 0.4028 0.3096
vn -0.0755 -0.3155 -0.9459
vn 0.2037 0.5664 -0.7985
vn 0.1786 -0.7698 -0.6128
vn -0.9401 -0.1445 0.3089
vn 0.5276 0.4740 -0.7050
vn -0.0690 0.9966 -0.0449
vn 0.2826 -0.8921 -0.3526
vn 0.9859 0.0912 -0.1406
vn 0.2917 -0.9563 0.0196
vn 0.2512 -0.1855 -0.9500
vn -0.1087 0.1682 0.9797
vn 0.4618 0.6736 0.5771
vn 0.7332 -0.0377 0.6789
vn -0.0973 0.3851 0.9177
vn 0.0814 -0.1501 0.9853
vn 0.9594 -0.0482 0.2781
vn -0.6169 0.6579 0.4320
vn -0.5271 0.8060 0.2693
vn -0.0285 -0.2894 -0.9568
vn 0.6897 -0.6945 -0.2048
vn -0.7319 0.6192 -0.2844
vn 0.9781 0.1594 0.1335
vn -0.1142 -0.9934 0.0139
vn -0.3265 -0.8683 -0.3734
vn -0.6802 -0.7328 0.0189
vn 0.6779 0.1331 -0.7230
vn -0.5839 -0.1332 -0.8009
vn -0.5150 -0.7940 0.3231
vn 0.6172 0.4891 -0.6163
vn 0.0028 0.8152 -0.5792
vn -0.8197 0.2407 -0.5197
vn -0.7259 0.4408 -0.5279
vn -0.2339 -0.9612 0.1464
vn 0.6292 -0.7530 0.1927
vn 0.9717 0.1413 0.1894
vn 0.7247 -0.6197 -0.3013
vn 0.0679 0.9210 0.3837
vn 0.2679 0.5377 0.7994
vn 0.0385 0.9194 0.3915
vn -0.0858 0.8713 0.4831
vn 0.0896 -0.4831 -0.8710
vn -0.7496 0.1921 -0.6335
vn 0.4798 -0.6990 -0.5303
vn 0.7207 -0.5228 0.4553
vn -0.9443 0.2354 -0.2302
vn -0.2671 -0.9606 -0.0767
vn 0.9765 -0.0311 0.2133
vn 0.4845 -0.7583 0.4362
vn 0.8754 -0.3561 0.3268
vn 0.6552 -0.4376 0.6158
vn -0.6034 -0.7911 0.1003
vn -0.9505 0.1470 0.2737
vn -0.6032 -0.7326 0.3155
vn -0.8743 -0.1094 0.4729
vn 0.4875 0.8314 0.2666
vn -0.4524 -0.8654 -0.2154
vn -0.5268 -0.6962 -0.4876
vn 0.9977 -0.0443 0.0505
vn 0.2889 0.8065 0.5159
vn 0.1212 0.7185 0.6849
vn 0.4734 0.7576 0.4494
vn -0.0757 0.9003 0.4287
vn -0.1913 0.5681 0.8004
vn -0.0340 0.9251 0.3783
vn -0.5996 0.7767 0.1930
vn -0.6372 -0.7691 -0.0485
vn 0.4074 -0.2754 0.8707
vn -0.9550 -0.2473 0.1637
vn -0.2786 -0.1273 0.9519
vn 0.9228 0.3434 0.1748
vn 0.8609 0.2005 0.4676
vn 0.2918 0.8693 0.3991
vn -0.3788 -0.7966 -0.4710
vn 0.5962 -0.7470 -0.2942
vn -0.7018 0.5407 -0.4638
vn 0.5177 -0.8088 0.2790
vn 0.9087 0.0194 0.4169
vn 0.8409 -0.2833 -0.4611
vn 0.2491 -0.7508 -0.6117
vn 0.8176 0.2250 -0.5300
vn 0.2855 -0.6863 -0.6689
vn -0.5866 -0.4557 -0.6695
vn -0.8693 -0.4931 -0.0345
vn 0.7598 -0.4971 0.4191
vn -0.8275 0.0605 0.5582
vn 0.9088 0.0108 -0.4171
vn -0.0668 -0.2584 -0.9637
vn -0.5516 -0.6830 0.4787
vn 0.0942 0.8021 -0.5897
vn -0.5170 -0.8270 0.2208
vn 0.6737 0.2739 0.6864
vn -0.9749 -0.1720 0.1411
vn -0.0531 -0.5899 0.8058
vn -0.3527 -0.6739 -0.6492
vn 0.8471 0.5312 -0.0148
vn -0.9260 0.3697 -0.0770
vn 0.5948 0.7008 0.3938
vn -0.9738 0.1433 0.1766
vn 0.7077 0.3374 0.6207
vn -0.7615 -0.6441 -0.0723
vn 0.8904 0.3961 0.2241
vn -0.6996 0.5610 0.4425
vn 0.2297 0.9211 0.3143
vn 0.1662 -0.9841 0.0631
vn -0.4410 -0.8231 -0.3578
vn -0.6405 -0.4106 -0.6490
vn -0.6527 -0.3849 -0.6526
vn -0.6704 -0.3184 -0.6703
vn -0.6531 -0.2345 -0.7201
vn -0.6166 -0.4174 -0.6675
vn -0.7507 -0.2744 -0.6010
vn 0.6061 -0.3739 0.7020
vn -0.8812 -0.3029 0.3629
vn 0.8662 0.1950 -0.4601
vn 0.7217 -0.4143 -0.5546
vn -0.1608 -0.6131 0.7735
vn 0.5843 -0.7400 -0.3331
vn 0.2806 0.6920 -0.6651
vn -0.5290 0.3788 -0.7594
vn -0.9271 0.1016 -0.3608
vn 0.5617 0.4380 0.7019
vn 0.8770 0.3916 -0.2782
vn -0.4583 0.6084 0.6480
vn -0.0129 0.7199 0.6939
vn 0.2486 0.8039 0.5403
vn 0.6579 -0.4936 0.5688
vn 0.7929 -0.4636 0.3954
vn -0.4441 0.8486 0.2876
vn -0.9618 -0.2738 0.0034
vn -0.7302 0.6729 0.1183
vn 0.6928 -0.7189 0.0575
vn -0.8034 -0.5359 -0.2595
vn 0.0363 -0.9826 0.1820
vn -0.9383 -0.3430 0.0431
vn 0.0150 -0.2813 0.9595
vn 0.3810 0.5030 0.7758
vn -0.6123 0.1824 0.7693
vn 0.9211 -0.2394 0.3072
vn 0.8899 -0.3589 0.2814
vn 0.4917 -0.7291 -0.4760
vn 0.6203 0.4641 -0.6323
vn -0.8531 -0.0246 0.5211
vn 0.1196 0.8070 -0.5783
vn -0.0417 0.7899 -0.6118
vn -0.1979 0.9449 0.2607
vn -0.5829 -0.7727 0.2513
vn -0.9882 0.1109 -0.1054
vn 0.3764 -0.0777 0.9232
vn 0.5493 -0.7742 0.3143
vn 0.3912 -0.0705 -0.9176
vn 0.5522 0.8250 -0.1204
vn -0.5129 0.6701 0.5365
vn -0.1423 0.9833 0.1130
vn 0.4856 0.3014 0.8206
vn 0.5371 0.0840 0.8393
vn 0.5449 0.1873 0.8173
vn 0.5801 0.4245 0.6952
vn 0.2876 -0.5126 0.8090
vn 0.7898 -0.1587 0.5925
vn -0.9331 -0.1063 0.3435
vn -0.1066 0.8351 0.5397
vn 0.4413 0.8874 0.1335
vn -0.4777 -0.7487 0.4596
vn -0.8257 0.5463 0.1402
vn -0.6021 0.6627 0.4452
vn 0.9725 -0.1175 -0.2009
vn -0.2230 -0.9323 0.2846
vn -0.5047 -0.7844 -0.3607
vn 0.4643 -0.5975 -0.6538
vn 0.9472 0.1949 -0.2547
vn 0.9604 0.2767 -0.0318
vn -0.0850 0.8218 0.5634
vn -0.9942 -0.0142 -0.1065
vn 0.6574 0.0638 0.7508
vn -0.4435 -0.6056 0.6607
vn 0.6689 -0.6091 0.4262
vn 0.8678 -0.4850 0.1081
vn -0.8484 -0.2268 0.4782
vn 0.9179 -0.0658 0.3912
vn -0.8616 -0.3041 0.4064
vn 0.4480 0.5070 -0.7364
vn -0.2568 -0.5956 0.7611
vn -0.2203 -0.6705 0.7084
vn 0.3775 -0.2854 0.8809
vn -0.0612 0.0230 0.9979
vn 0.6316 -0.6265 0.4567
vn 0.5232 -0.7208 -0.4546
vn 0.0823 0.1495 0.9853
vn -0.8849 -0.0095 -0.4656
vn -0.8073 0.5880 0.0505
vn -0.3998 0.6854 0.6086
vn 0.1019 0.7886 0.6065
vn 0.3670 0.8874 0.2789
vn 0.0575 0.9199 0.3880
vn 0.7098 0.6426 0.2885
vn 0.0446 0.8636 0.5022
vn -0.6725 0.6208 0.4030
vn 0.7438 -0.6607 0.1016
vn 0.7594 -0.5883 -0.2778
vn -0.8841 0.2598 0.3885
vn -0.7074 -0.4060 -0.5786
vn -0.6198 -0.6055 -0.4993
vn -0.8208 0.5226 0.2308
vn -0.7623 -0.6412 -0.0878
vn 0.1540 -0.9630 0.2213
vn -0.7646 0.1601 0.6243
vn -0.8737 -0.3814 0.3020
vn -0.6757 -0.7306 -0.0987
vn 0.5210 0.5297 -0.6693
vn 0.5357 0.4725 -0.6998
vn 0.1021 0.8262 -0.5540
vn 0.5185 0.1740 0.8372
vn 0.4673 0.5258 0.7108
vn -0.0003 0.2705 0.9627
vn -0.1878 0.6889 0.7001
vn 0.6880 0.2428 0.6839
vn 0.6365 0.0289 0.7708
vn -0.7949 -0.4918 0.3554
vn 0.8463 0.4935 -0.2006
vn -0.3442 0.9281 0.1417
vn -0.6619 0.5392 0.5207
vn 0.3000 0.7726 0.5596
vn 0.9337 0.3514 0.0683
vn 0.6581 -0.6875 0.3071
vn 0.6804 -0.5717 0.4584
vn -0.8770 -0.4273 0.2196
vn 0.9104 -0.2789 -0.3056
vn 0.0343 -0.9645 0.2617
vn 0.4073 -0.7054 -0.5801
vn -0.5249 -0.3503 -0.7757
vn 0.8696 -0.2410 0.4309
vn 0.4738 -0.5925 0.6514
vn -0.9183 -0.3200 0.2333
vn 0.0698 -0.5506 0.8319
vn 0.0839 -0.5371 0.8393
vn 0.2907 -0.4618 0.8380
vn 0.1864 -0.5253 0.8303
vn 0.3664 -0.5128 0.7764
vn 0.9820 0.0196 0.1879
vn 0.5123 -0.7922 0.3316
vn 0.9510 0.1238 -0.2833
vn 0.9903 0.1017 -0.0946
vn -0.3588 0.5827 0.7292
vn -0.4938 -0.0421 0.8686
vn -0.6182 0.5267 0.5835
vn 0.4577 0.8814 -0.1169
vn 0.5754 0.7265 0.3757
vn -0.7738 0.2518 0.5813
vn -0.5331 0.7978 -0.2817
vn 0.3652 0.4144 0.8336
vn 0.1092 0.5604 -0.8210
vn -0.0827 0.9966 0.0029
vn 0.6322 0.1879 0.7517
vn 0.6482 0.2047 0.7334
vn 0.6968 0.1700 0.6968
vn 0.9959 0.0803 0.0421
vn 0.8705 -0.2381 0.4308
vn -0.7214 -0.6348 0.2767
vn 0.0216 0.8444 0.5352
vn -0.5675 0.6097 0.5534
vn -0.5448 0.7975 0.2592
vn -0.6896 0.0927 0.7182
vn 0.3205 -0.8996 0.2967
vn -0.6464 -0.7047 0.2926
vn 0.3465 -0.8486 0.3998
vn 0.5783 -0.8125 -0.0734
vn 0.8905 -0.2788 0.3595
vn 0.5270 0.7772 -0.3439
vn 0.8834 0.4270 -0.1928
vn -0.5466 -0.0838 -0.8332
vn 0.7097 0.7032 0.0425
vn -0.7541 -0.4842 -0.4438
vn 0.8013 -0.5621 0.2048
vn -0.8460 0.0283 0.5325
vn 0.8662 0.0247 0.4991
vn 0.5131 -0.7109 -0.4809
vn -0.9468 -0.2440 -0.2100
vn 0.9449 0.2959 -0.1401
vn -0.9420 0.2589 0.2135
vn -0.0720 -0.2927 0.9535
vn -0.0458 -0.3314 0.9424
vn -0.3127 -0.3966 0.8631
vn 0.1893 -0.3588 0.9140
vn 0.8967 -0.2399 0.3719
vn -0.2829 -0.2338 0.9302
vn 0.1392 0.1059 0.9846
vn 0.1894 -0.2266 0.9554
vn 0.3203 -0.8475 -0.4232
vn -0.3412 -0.7943 0.5027
vn -0.7763 -0.2127 -0.5934
vn 0.7826 -0.5449 -0.3012
vn -0.4542 0.6760 -0.5803
vn 0.7020 0.2021 -0.6829
vn 0.4595 0.8791 0.1270
vn 0.8738 0.4860 0.0160
vn -0.3507 -0.6880 0.6354
vn 0.7391 -0.6663 0.0986
vn 0.8820 -0.2413 0.4049
vn 0.9039 0.4109 -0.1189
vn -0.0138 -0.5642 0.8255
vn -0.3978 0.4667 0.7900
vn 0.5914 0.7598 -0.2702
vn 0.6098 0.7614 -0.2201
vn 0.6562 0.7392 -0.1514
vn 0.6809 0.6926 -0.2381
vn -0.1155 0.9850 -0.1285
vn -0.6260 0.7794 -0.0245
vn 0.9952 0.0542 -0.0816
vn -0.8289 0.0197 0.5590
vn 0.7301 -0.5299 0.4315
vn 0.2554 -0.9449 0.2046
vn 0.9755 -0.2137 -0.0524
vn -0.1223 0.9871 0.1031
vn -0.7145 0.6857 -0.1393
vn -0.6791 0.7194 -0.1461
vn 0.6320 0.7679 0.1039
vn -0.3334 -0.6290 0.7023
vn 0.2764 -0.2888 0.9166
vn -0.4860 0.6709 0.5601
vn -0.4896 0.6812 0.5443
vn -0.3993 0.5665 0.7209
vn 0.2921 0.7600 0.5806
vn 0.3648 0.8255 0.4308
vn -0.4825 0.2978 0.8237
vn -0.0807 0.1712 0.9819
vn -0.0347 -0.4591 0.8877
vn 0.9966 0.0626 -0.0528
vn -0.7596 0.2941 0.5801
vn 0.0445 0.5272 0.8486
vn -0.5756 0.7682 0.2802
vn -0.8074 0.5889 -0.0368
vn 0.8555 -0.0212 -0.5174
vn 0.5981 -0.7118 -0.3682
vn 0.1027 -0.9501 0.2946
vn -0.0785 -0.9772 0.1971
vn -0.2413 -0.5729 -0.7833
vn -0.5067 0.1537 -0.8483
vn 0.6172 -0.7787 -0.1123
vn -0.9814 -0.1801 -0.0673
vn 0.7641 -0.5535 -0.3314
vn -0.3005 -0.9529 -0.0424
vn 0.6306 0.1193 0.7669
vn 0.6722 0.1551 0.7239
vn 0.7921 0.1722 0.5855
vn 0.8152 0.1542 0.5583
vn 0.8152 0.2951 0.4984
vn 0.4875 0.8198 -0.3006
vn 0.5125 0.6970 0.5016
vn 0.5950 0.7294 -0.3376
vn -0.6393 -0.7503 0.1687
vn -0.2687 -0.9455 0.1840
vn 0.6736 -0.7332 -0.0930
vn -0.2647 -0.7032 -0.6599
vn 0.0710 -0.9858 0.1525
vn -0.4554 -0.8711 0.1839
vn 0.5611 0.0396 -0.8268
vn -0.7398 -0.6687 0.0740
vn 0.3299 -0.8766 0.3503
vn 0.3076 -0.9504 0.0460
vn 0.9951 -0.0961 0.0240
vn 0.2380 0.7409 -0.6281
vn 0.6057 0.7650 -0.2191
vn 0.4985 0.7765 -0.3855
vn -0.4824 0.3305 0.8112
vn 0.0317 0.7692 0.6383
vn 0.8753 0.4518 -0.1722
vn 0.5411 0.8409 -0.0031
vn -0.4558 0.1468 0.8779
vn 0.0774 -0.1443 0.9865
vn -0.5579 -0.2515 0.7909
vn 0.4074 -0.4106 -0.8157
vn 0.3109 -0.8608 0.4031
vn -0.5307 -0.5435 0.6504
vn 0.8975 -0.0254 0.4403
vn 0.9231 0.3810 0.0518
vn -0.2834 -0.6679 -0.6881
vn -0.3640 0.1277 -0.9226
vn -0.5881 0.5583 -0.5852
vn 0.9537 0.1010 -0.2834
vn 0.5681 -0.8118 0.1354
vn 0.8731 0.1228 0.4719
vn 0.4902 -0.8432 0.2209
vn -0.8383 -0.5024 0.2120
vn -0.9195 0.3907 0.0438
vn 0.5539 0.8299 -0.0663
vn -0.1062 0.9308 0.3497
vn 0.7249 0.6407 -0.2529
vn 0.7456 0.6609 -0.0847
vn 0.7458 0.6442 -0.1695
vn -0.0419 0.9946 -0.0948
vn -0.9341 0.2938 -0.2028
vn 0.2555 0.8732 0.4149
vn -0.7039 0.0149 -0.7101
vn -0.5796 -0.2172 -0.7855
vn -0.2123 0.1431 -0.9667
vn -0.5118 0.6955 -0.5043
vn -0.8243 0.5526 0.1230
vn -0.2989 0.9456 0.1282
vn -0.4131 0.4895 0.7679
vn -0.4040 0.3951 0.8250
vn -0.7788 -0.3175 0.5410
vn 0.6662 -0.2950 -0.6849
vn -0.7979 0.5817 0.1580
vn -0.0103 0.9217 0.3877
vn 0.1784 -0.0896 0.9799
vn -0.6639 0.1991 -0.7208
vn 0.0295 0.4133 -0.9101
vn -0.0897 -0.3243 -0.9417
vn -0.9510 0.1572 0.2661
vn -0.4987 -0.5223 -0.6917
vn -0.7587 -0.1437 -0.6354
vn 0.1930 -0.3935 -0.8988
vn 0.8260 0.5599 0.0653
vn 0.7445 -0.1390 0.6530
vn 0.3105 -0.5703 0.7605
vn -0.7199 -0.5828 0.3771
vn -0.7590 -0.6241 0.1856
vn -0.7180 -0.6325 0.2907
vn -0.7279 -0.6666 0.1608
vn -0.5390 -0.8119 0.2245
vn 0.8198 0.4523 -0.3512
vn -0.6986 -0.4177 -0.5809
vn 0.9134 0.3788 0.1489
vn -0.3279 0.5196 -0.7890
vn -0.9215 -0.3535 0.1607
vn -0.0085 -0.8439 0.5364
vn -0.4761 -0.6317 -0.6118
vn -0.9187 -0.0437 -0.3924
vn -0.0991 0.9550 0.2797
vn 0.7542 0.5356 -0.3798
vn -0.7563 0.0759 -0.6498
vn 0.3155 0.6936 0.6476
vn -0.9737 0.1162 -0.1960
vn 0.9940 -0.1089 0.0109
vn -0.9452 -0.0722 -0.3184
vn -0.5391 -0.2358 -0.8086
vn -0.5579 -0.0507 -0.8283
vn -0.5440 -0.1020 -0.8329
vn 0.9988 -0.0276 -0.0413
vn -0.3587 0.9335 -0.0003
vn 0.6778 0.0219 -0.7349
vn 0.0239 0.7958 -0.6051
vn -0.2837 0.6520 -0.7031
vn -0.1859 0.7437 -0.6422
vn -0.1881 0.8038 -0.5644
vn -0.2223 0.7696 -0.5986
vn -0.2769 0.7002 -0.6580
vn 0.1667 0.8827 -0.4394
vn -0.5318 0.8245 -0.1934
vn 0.4449 0.6398 -0.6267
vn -0.4436 0.5663 0.6946
vn 0.0387 -0.5529 0.8323
vn 0.0084 -0.3948 0.9187
vn -0.7479 -0.3018 0.5912
vn -0.2615 -0.4941 -0.8292
vn 0.7053 0.0404 -0.7077
vn 0.6564 0.5286 -0.5382
vn 0.0363 -0.8660 -0.4987
vn 0.2789 -0.5379 -0.7956
vn 0.7540 0.2978 -0.5855
vn -0.9855 -0.1375 0.0998
vn -0.6090 -0.7915 0.0514
vn -0.8827 -0.1100 -0.4569
vn 0.4614 -0.4578 0.7599
vn 0.8698 -0.0887 0.4854
vn 0.8483 -0.5263 -0.0581
vn -0.5939 -0.6263 -0.5051
vn 0.7620 0.6267 -0.1630
vn 0.7919 0.5392 -0.2864
vn 0.8236 0.5548 -0.1177
vn 0.8202 0.5357 -0.2009
vn 0.4452 0.8795 -0.1683
vn -0.7971 0.4682 -0.3813
vn 0.8864 -0.4502 -0.1075
vn -0.6743 -0.7300 -0.1116
vn 0.7901 -0.1312 0.5988
vn 0.4131 -0.7721 -0.4829
vn -0.8964 0.3149 0.3119
vn -0.2936 -0.9441 -0.1499
vn 0.9525 0.0243 0.3035
vn 0.6480 -0.2701 -0.7121
vn -0.7233 -0.6755 0.1433
vn -0.2707 -0.7997 -0.5359
vn -0.3072 -0.7273 0.6138
vn -0.3476 -0.8554 -0.3840
vn -0.1765 0.9838 0.0320
vn 0.0142 0.9976 0.0683
vn 0.4061 0.5922 -0.6960
vn 0.3870 0.7939 -0.4689
vn 0.8587 0.3687 -0.3559
vn 0.4823 0.8759 -0.0114
vn -0.8592 0.3811 0.3414
vn -0.2007 0.0314 0.9792
vn -0.6480 0.4514 0.6135
vn -0.7576 0.5549 0.3437
vn -0.4294 0.8700 0.2421
vn -0.9413 -0.1149 -0.3174
vn 0.1895 0.5455 -0.8164
vn -0.5843 -0.8113 -0.0176
vn 0.3574 -0.5280 -0.7704
vn 0.8011 -0.4743 -0.3650
vn 0.9041 -0.3119 -0.2922
vn 0.3760 -0.5178 0.7684
vn -0.6091 -0.1945 -0.7689
vn -0.6331 -0.1682 -0.7556
vn -0.9460 0.3201 0.0508
vn -0.7981 0.5980 -0.0735
vn -0.4263 0.7252 0.5407
vn -0.9906 -0.1039 0.0887
vn -0.9250 -0.3227 0.2004
vn -0.1097 -0.4320 0.8952
vn 0.6623 -0.1467 0.7347
vn 0.5884 0.0133 0.8085
vn -0.8620 -0.1535 -0.4831
vn -0.8805 0.4534 0.1383
vn -0.6999 0.7057 0.1103
vn -0.3438 0.8115 0.4724
vn 0.2319 0.5940 0.7703
vn -0.8359 0.5465 -0.0500
vn 0.7873 0.6015 0.1354
vn -0.4212 -0.4721 -0.7744
vn -0.0688 -0.9058 0.4180
vn -0.2931 -0.8285 -0.4771
vn -0.8061 -0.4855 0.3384
vn -0.2571 0.9518 0.1674
vn -0.3225 0.6652 0.6734
vn -0.6356 0.6999 0.3257
vn 0.8528 -0.1743 -0.4923
vn -0.7303 0.5605 0.3906
vn -0.7262 0.6247 0.2871
vn -0.7590 0.6241 0.1855
vn -0.7187 0.5648 0.4055
vn 0.7254 -0.4575 -0.5143
vn -0.3220 -0.5780 -0.7498
vn -0.7593 0.3228 -0.5650
vn -0.3300 -0.4382 -0.8361
vn -0.9807 0.0805 -0.1784
vn -0.0562 -0.4182 -0.9066
vn 0.6379 0.2182 0.7386
vn 0.6155 0.0998 0.7818
vn 0.6180 0.1670 0.7683
vn 0.6294 0.1939 0.7525
vn 0.5601 0.1372 0.8170
vn 0.8178 -0.5712 -0.0705
vn 0.2445 -0.9177 -0.3133
vn -0.0335 -0.9455 -0.3239
vn -0.0468 -0.9017 -0.4298
vn 0.3727 -0.8163 0.4413
vn -0.5962 -0.2385 -0.7666
vn -0.6039 -0.1174 -0.7884
vn -0.5776 -0.1699 -0.7984
vn -0.4424 -0.8917 0.0954
vn 0.2050 0.9205 -0.3327
vn -0.5962 0.7666 0.2385
vn -0.5625 0.8011 0.2045
vn -0.7973 0.5841 0.1523
vn -0.1839 -0.8041 -0.5653
vn 0.7180 0.0568 0.6937
vn 0.6317 -0.7690 0.0978
vn 0.8197 -0.2533 0.5137
vn 0.5616 -0.0496 0.8259
vn 0.6905 -0.1515 0.7073
vn 0.6050 -0.1008 0.7898
vn 0.8669 -0.4061 0.2891
vn 0.7859 -0.1961 0.5864
vn -0.1631 -0.9666 -0.1975
vn 0.5430 0.1871 0.8186
vn 0.8319 0.1428 0.5363
vn 0.7415 0.2865 0.6067
vn 0.7465 0.2206 0.6277
vn 0.7703 0.1507 0.6196
vn 0.6204 0.2563 0.7412
vn 0.3449 0.4958 0.7970
vn 0.8878 0.4529 -0.0822
vn 0.1335 -0.9892 -0.0601
vn -0.0729 -0.7977 0.5986
vn 0.1507 -0.7703 0.6196
vn 0.0168 -0.7709 0.6368
vn -0.0334 -0.7705 0.6365
vn 0.0926 -0.8051 0.5859
vn -0.3009 -0.9254 -0.2303
vn 0.8541 -0.1079 0.5088
vn -0.7035 0.6057 0.3719
vn -0.1526 0.9815 0.1155
vn 0.1284 0.9913 0.0302
vn 0.1300 0.4955 -0.8588
vn -0.5749 0.7779 0.2537
vn -0.6172 0.7840 0.0668
vn -0.6074 0.7763 0.1688
vn -0.1909 0.6710 -0.7164
vn 0.7348 0.6124 -0.2916
vn 0.5393 0.2699 -0.7977
vn 0.4537 -0.4727 -0.7555
vn 0.7258 -0.3886 -0.5677
vn 0.4083 0.5309 -0.7426
vn 0.5754 0.0986 -0.8119
vn -0.5365 0.5355 0.6522
vn 0.2205 0.9688 0.1135
vn 0.3277 -0.3054 -0.8940
vn -0.3159 -0.5633 -0.7635
vn 0.1283 0.2262 -0.9656
vn -0.0412 -0.9525 -0.3017
vn -0.9791 -0.1962 0.0531
vn 0.9671 0.1241 -0.2221
vn 0.7096 0.6977 0.0980
vn 0.9382 0.1963 0.2850
vn -0.8649 -0.5001 -0.0426
vn 0.8199 0.0844 0.5663
vn -0.8301 -0.5576 -0.0047
vn -0.4814 0.7970 -0.3648
vn 0.8148 0.0518 0.5774
vn -0.4702 0.8334 0.2905
vn 0.8762 -0.4311 0.2154
vn -0.0358 -0.2239 0.9739
vn -0.0008 0.0459 0.9989
vn 0.6620 0.3106 0.6822
vn 0.6218 0.3024 0.7225
vn 0.6211 0.1343 0.7721
vn 0.6407 0.2529 0.7250
vn 0.7301 -0.0670 0.6800
vn -0.0667 -0.2123 0.9749
vn -0.7937 -0.6079 -0.0248
vn 0.2386 -0.4720 0.8487
vn 0.7132 -0.0756 0.6969
vn -0.9676 0.1895 0.1667
vn 0.7454 0.3596 0.5612
vn 0.3813 0.5456 0.7463
vn 0.4121 0.6305 0.6578
vn -0.2791 -0.9595 0.0379
vn -0.0069 -0.9431 -0.3325
vn 0.4763 -0.2061 0.8548
vn -0.2867 0.9531 0.0975
vn -0.8525 0.5224 0.0189
vn 0.9527 -0.2029 0.2262
vn 0.5967 0.8001 -0.0605
vn 0.6928 0.6390 0.3342
vn -0.5128 0.4546 0.7283
vn 0.3688 0.3325 -0.8680
vn 0.0723 0.6500 -0.7565
vn 0.6802 0.5816 -0.4462
vn 0.6796 0.7136 -0.1700
vn 0.6119 0.6969 -0.3739
vn 0.6217 0.7225 -0.3024
vn -0.8969 -0.3377 0.2854
vn -0.8778 -0.3955 0.2705
vn 0.5688 0.3659 -0.7366
vn -0.7428 0.5880 0.3200
vn -0.2543 -0.5183 -0.8165
vn -0.4591 -0.5926 -0.6618
vn -0.3559 0.1783 -0.9173
vn 0.1038 0.3935 -0.9134
vn -0.8423 -0.5324 0.0843
vn 0.2958 -0.3327 -0.8955
vn -0.3353 -0.0742 -0.9392
vn 0.7781 0.4714 -0.4151
vn 0.9787 0.0327 0.2028
vn -0.8822 -0.4663 -0.0652
vn 0.8335 0.1277 -0.5375
vn -0.9600 -0.2584 -0.1083
vn 0.7699 -0.5833 -0.2588
vn -0.0475 -0.9351 -0.3513
vn -0.9254 -0.3696 -0.0845
vn 0.7116 -0.6921 0.1209
vn -0.9391 0.0906 0.3314
vn 0.8278 0.4469 -0.3391
vn 0.6967 -0.3501 -0.6262
vn -0.8616 -0.3040 -0.4065
vn 0.7051 -0.2133 0.6762
vn -0.5873 -0.5723 0.5723
vn 0.8336 -0.0955 0.5441
vn 0.2592 -0.9464 0.1926
vn 0.6989 -0.6586 0.2790
vn 0.5064 -0.3995 0.7642
vn 0.7857 -0.0000 0.6186
vn 0.7834 0.1022 0.6131
vn 0.7714 0.2012 0.6037
vn -0.1391 0.6213 0.7711
vn 0.0777 0.4105 -0.9086
vn -0.8048 -0.5099 0.3038
vn -0.7030 0.6842 0.1940
vn -0.7092 0.4402 0.5507
vn -0.0284 0.4018 -0.9153
vn -0.7577 0.2392 0.6072
vn 0.2279 0.8819 -0.4128
vn -0.2257 0.8732 0.4320
vn 0.0337 -0.4706 -0.8817
vn -0.9473 0.1162 -0.2985
vn -0.4463 0.3809 -0.8098
vn 0.1509 0.1803 -0.9720
vn 0.6365 -0.7466 0.1937
vn -0.2451 -0.0279 -0.9691
vn -0.5088 -0.3065 -0.8045
vn 0.9016 -0.2603 -0.3455
vn -0.9896 0.1175 -0.0835
vn 0.8525 0.5118 -0.1065
vn -0.6796 -0.6796 -0.2762
vn 0.9156 -0.0966 -0.3904
vn 0.8339 0.0363 0.5507
vn -0.5132 -0.5565 0.6534
vn 0.6784 -0.7241 0.1240
vn 0.7582 -0.3231 0.5664
vn -0.9505 -0.2689 0.1558
vn -0.7568 -0.5199 0.3963
vn -0.1262 -0.8047 0.5801
vn -0.2009 0.4631 0.8632
vn -0.6457 0.1765 0.7429
vn 0.6578 0.7445 -0.1145
vn 0.8500 0.4943 0.1823
vn -0.7874 0.4639 0.4059
vn 0.1229 -0.1448 -0.9818
vn -0.4784 -0.8778 0.0267
vn 0.2900 0.6079 0.7392
vn -0.3307 0.5148 0.7910
vn 0.3423 0.7299 0.5917
vn 0.6004 0.7514 -0.2739
vn 0.6804 0.7285 -0.0798
vn 0.6737 -0.1878 -0.7148
vn 0.9773 -0.0547 -0.2046
vn -0.7574 0.5523 0.3481
vn 0.2045 -0.4482 -0.8702
vn -0.3557 -0.5883 -0.7262
vn -0.2718 -0.0059 -0.9623
vn 0.0741 0.0299 -0.9968
vn 0.2385 0.1395 -0.9611
vn -0.3874 0.2145 -0.8966
vn 0.2808 -0.4216 -0.8622
vn -0.6921 0.1246 -0.7109
vn -0.8065 0.0970 -0.5832
vn 0.6227 -0.1928 -0.7583
vn -0.5024 -0.3688 -0.7820
vn -0.9452 -0.3243 -0.0391
vn -0.9568 -0.2875 0.0427
vn 0.0288 -0.8926 -0.4499
vn -0.6365 -0.7474 0.1905
vn -0.8407 -0.5310 -0.1061
vn -0.4707 0.3257 -0.8200
vn 0.6908 -0.7105 -0.1343
vn -0.9498 0.1097 0.2932
vn -0.9884 -0.0600 -0.1398
vn -0.9900 -0.0893 0.1091
vn -0.7856 -0.5464 0.2903
vn -0.7911 -0.5438 0.2801
vn -0.7709 -0.5697 0.2849
vn -0.7307 -0.6514 0.2043
vn -0.5475 0.6035 0.5797
vn 0.6448 0.7334 0.2154
vn 0.7021 0.7089 -0.0673
vn 0.5553 0.7439 0.3719
vn 0.0249 -0.9885 -0.1491
vn 0.1222 -0.0660 0.9903
vn 0.3224 0.6325 0.7043
vn -0.5802 -0.6176 0.5310
vn 0.6478 -0.4546 0.6113
vn 0.2155 -0.6128 0.7603
vn 0.2191 -0.5258 0.8219
vn 0.0733 -0.6691 0.7395
vn -0.4402 -0.0130 0.8978
vn 0.6740 -0.6499 0.3512
vn 0.9234 -0.3519 0.1531
vn -0.4947 0.6140 0.6150
vn 0.2545 0.9294 0.2674
vn 0.5727 0.7505 0.3298
vn -0.9068 0.1553 0.3919
vn -0.9927 0.0241 0.1183
vn 0.2654 0.7448 -0.6123
vn 0.8640 0.4923 0.1058
vn 0.1324 -0.7401 -0.6593
vn 0.0121 0.1570 -0.9875
vn 0.2149 -0.1372 -0.9670
vn 0.1253 0.0174 -0.9920
vn 0.6139 0.5058 -0.6060
vn -0.1365 -0.6020 -0.7867
vn 0.2877 0.0978 -0.9527
vn -0.3674 -0.5778 -0.7288
vn 0.1918 0.2044 -0.9599
vn 0.2337 0.2141 -0.9484
vn -0.9197 0.2900 -0.2647
vn 0.2184 -0.0115 -0.9758
vn -0.5461 0.0512 -0.8362
vn -0.7212 0.0839 -0.6877
vn -0.6343 0.0514 -0.7714
vn 0.9046 0.0200 -0.4258
vn -0.7711 0.0045 -0.6368
vn -0.1541 -0.8833 -0.4428
vn -0.8918 -0.3273 0.3122
vn -0.7154 -0.1160 0.6890
vn -0.6228 -0.7405 0.2525
vn -0.7146 -0.6636 0.2212
vn -0.7734 -0.5885 0.2354
vn 0.3792 0.3032 -0.8742
vn -0.3652 0.3290 0.8709
vn 0.7352 -0.6640 0.1362
vn 0.6106 -0.7802 -0.1357
vn 0.6251 -0.7294 -0.2779
vn 0.6420 -0.7338 -0.2222
vn 0.9289 0.1186 0.3509
vn 0.7085 0.2185 0.6711
vn 0.6553 0.2898 0.6975
vn 0.8913 0.1341 0.4331
vn -0.0121 -0.2458 0.9692
vn 0.9566 -0.1768 0.2317
vn 0.8961 0.4181 0.1491
vn -0.3076 -0.5220 0.7955
vn 0.0674 -0.6067 0.7921
vn 0.2385 -0.5962 0.7666
vn 0.1539 -0.5983 0.7864
vn -0.2547 0.5579 0.7899
vn 0.9458 -0.2703 0.1801
vn 0.1443 0.5999 0.7869
vn 0.8964 0.2623 0.3574
vn -0.7591 0.3278 0.5624
vn -0.0525 0.8967 -0.4396
vn 0.0432 0.9943 0.0976
vn -0.2038 0.9468 0.2490
vn -0.0362 0.3457 -0.9377
vn 0.1331 -0.5300 -0.8375
vn -0.4186 -0.1026 -0.9024
vn 0.1694 -0.7798 -0.6027
vn 0.7395 -0.0566 -0.6708
vn -0.4459 -0.4791 -0.7560
vn -0.8368 -0.2339 -0.4951
vn 0.7618 0.1039 -0.6394
vn 0.1099 0.0257 -0.9936
vn -0.1118 -0.7732 0.6243
vn 0.0908 0.0117 -0.9958
vn 0.7339 0.2577 -0.6285
vn 0.7117 -0.4637 -0.5277
vn 0.7787 -0.6236 0.0690
vn -0.6247 0.1555 -0.7652
vn 0.3856 0.4916 -0.7808
vn 0.5339 0.7716 -0.3459
vn -0.9114 -0.2814 0.3003
vn -0.8964 0.1969 -0.3971
vn 0.8533 0.4756 0.2137
vn 0.8789 0.2555 -0.4028
vn 0.8500 -0.2379 -0.4701
vn -0.8893 -0.2667 -0.3716
vn -0.9275 -0.3405 0.1544
vn -0.1699 -0.7961 -0.5808
vn -0.8879 -0.4488 0.1011
vn 0.9974 0.0725 -0.0018
vn 0.9976 0.0126 -0.0676
vn -0.2579 -0.2857 0.9230
vn -0.2346 0.2739 0.9327
vn -0.1533 -0.3532 -0.9229
vn 0.8082 -0.5842 0.0747
vn -0.9986 0.0477 -0.0212
vn 0.5978 0.1827 0.7805
vn 0.5674 0.2504 0.7844
vn 0.5571 0.3714 0.7428
vn 0.7930 -0.3251 0.5152
vn -0.5766 -0.0755 0.8135
vn 0.6343 -0.7622 0.1294
vn -0.6210 0.3093 0.7202
vn -0.7089 0.2481 0.6602
vn 0.7682 0.4272 -0.4768
vn -0.7193 0.4255 0.5492
vn -0.9536 -0.0289 0.2996
vn -0.7686 -0.6032 0.2130
vn -0.6357 0.2640 0.7254
vn -0.3448 0.8506 0.3969
vn -0.4090 0.7921 0.4531
vn 0.5732 0.3982 0.7162
vn -0.5835 0.3049 0.7527
vn -0.4841 0.5708 0.6632
vn 0.6676 0.6618 0.3411
vn -0.2219 0.9273 0.3013
vn -0.9164 0.0783 0.3925
vn 0.9999 0.0011 -0.0131
vn -0.1283 0.7877 0.6025
vn 0.3926 0.8404 0.3736
vn 0.1180 -0.9879 -0.1011
vn 0.7873 -0.5561 -0.2665
vn -0.3467 -0.2520 -0.9035
vn 0.9026 0.4227 -0.0816
vn 0.6539 -0.2491 -0.7144
vn -0.0615 -0.1274 -0.9899
vn 0.5422 0.2890 -0.7890
vn -0.0345 -0.7834 -0.6206
vn 0.7043 -0.2586 -0.6611
vn -0.8081 0.0427 0.5875
vn 0.7525 -0.0970 0.6514
vn 0.8164 -0.1529 0.5568
vn 0.5597 -0.8201 -0.1188
vn -0.0173 0.0681 0.9975
vn -0.4772 0.3120 0.8215
vn -0.0346 -0.9733 -0.2269
vn 0.4196 0.9039 -0.0826
vn -0.6871 -0.4363 0.5810
vn 0.6820 -0.7293 -0.0548
vn -0.2769 -0.3105 0.9094
vn 0.7545 0.2230 0.6173
vn 0.6632 0.2721 0.6972
vn 0.6189 0.3513 0.7025
vn 0.4515 0.4404 -0.7760
vn 0.5332 0.5275 0.6613
vn 0.7372 0.4738 0.4817
vn -0.7010 0.1767 0.6909
vn -0.3637 0.9034 0.2271
vn -0.6011 -0.7158 -0.3556
vn 0.1048 -0.9095 -0.4023
vn 0.2496 -0.1660 -0.9540
vn 0.0717 0.1256 -0.9895
vn 0.9830 0.1660 -0.0788
vn 0.5019 0.1342 -0.8544
vn -0.9941 -0.0811 0.0720
vn -0.5268 -0.5948 -0.6073
vn -0.9702 -0.2269 -0.0849
vn -0.8079 0.1129 0.5784
vn 0.7621 -0.6263 -0.1644
vn -0.7607 0.1267 0.6366
vn -0.8098 -0.3248 0.4886
vn -0.9451 0.0218 0.3259
vn 0.7667 -0.5940 0.2437
vn 0.5217 -0.8246 -0.2188
vn 0.5948 -0.7818 -0.1870
vn 0.6481 -0.7335 -0.2047
vn 0.6565 -0.7535 -0.0337
vn -0.9289 0.1291 0.3472
vn -0.6706 -0.0840 0.7370
vn -0.2378 -0.0303 0.9709
vn -0.5900 -0.0092 0.8073
vn 0.4150 0.8888 0.1945
vn -0.4778 0.8623 0.1680
vn 0.5325 0.7854 0.3157
vn 0.5800 0.7427 0.3346
vn -0.5949 -0.3187 0.7379
vn 0.1772 -0.8787 -0.4433
vn -0.9169 -0.2992 -0.2643
vn -0.0812 -0.9964 0.0255
vn -0.6709 0.3422 -0.6578
vn -0.4998 0.1967 -0.8435
vn -0.8722 0.3199 -0.3700
vn 0.9934 -0.1142 0.0093
vn -0.4493 -0.5572 0.6983
vn 0.3245 -0.6672 0.6704
vn -0.8939 -0.2565 -0.3676
vn 0.9678 0.1410 0.2086
vn 0.2700 -0.2229 -0.9367
vn -0.3246 -0.5287 -0.7843
vn -0.8275 -0.3956 0.3983
vn 0.8870 0.2441 -0.3920
vn 0.6123 0.2851 -0.7374
vn 0.3067 -0.6329 -0.7109
vn 0.9197 -0.3775 -0.1084
vn 0.8668 -0.1961 -0.4584
vn -0.8742 -0.2246 0.4305
vn 0.9564 0.0302 -0.2904
vn 0.7883 -0.5781 -0.2106
vn -0.8915 0.4238 0.1597
vn 0.9080 0.0885 -0.4094
vn 0.6869 0.6206 -0.3782
vn 0.4501 0.8926 0.0258
vn 0.6579 0.7438 -0.1180
vn -0.7349 -0.6246 0.2642
vn -0.5021 -0.7789 -0.3759
vn 0.8212 -0.0311 -0.5697
vn 0.8539 -0.3559 -0.3798
vn 0.9406 -0.3249 0.0988
vn 0.8634 0.5040 0.0246
vn 0.6286 0.3811 -0.6780
vn -0.4918 0.6291 0.6019
vn 0.2694 0.3056 -0.9133
vn -0.5197 0.7167 -0.4650
vn 0.2598 0.4664 0.8456
vn -0.9926 -0.0488 0.1112
vn 0.9631 -0.2683 0.0207
vn -0.7943 0.2994 0.5287
vn -0.7294 0.2097 0.6511
vn 0.0713 -0.9974 0.0057
vn 0.0607 -0.2598 0.9638
vn 0.0851 -0.5448 0.8342
vn 0.3040 -0.5743 0.7601
vn 0.2216 -0.5796 0.7842
vn -0.2765 -0.2727 0.9215
vn -0.2315 0.0563 -0.9712
vn -0.0277 -0.1594 -0.9868
vn 0.8634 0.4980 0.0813
vn 0.8528 0.4737 -0.2198
vn -0.1673 0.2766 -0.9463
vn 0.2501 0.2908 -0.9235
vn -0.8181 0.1504 0.5551
vn -0.6362 0.1939 0.7468
vn -0.9576 -0.2634 0.1172
vn 0.9653 -0.2022 -0.1654
vn 0.9806 -0.1774 0.0832
vn 0.9215 -0.3659 -0.1306
vn -0.9589 -0.2011 0.2002
vn 0.4464 -0.8732 -0.1959
vn 0.3925 -0.9020 -0.1796
vn -0.9397 0.0648 -0.3359
vn 0.6576 0.6067 -0.4466
vn -0.9276 0.1753 -0.3299
vn 0.1112 -0.7986 -0.5915
vn 0.8955 0.1771 0.4083
vn -0.6120 0.2729 0.7423
vn -0.6140 -0.3811 0.6912
vn -0.8295 0.5443 0.1253
vn 0.3834 0.4732 -0.7932
vn 0.6490 -0.0680 0.7578
vn 0.7708 -0.0492 0.6352
vn 0.6498 0.5260 0.5487
vn -0.0469 0.5407 0.8399
vn -0.3054 -0.9438 0.1263
vn 0.4991 -0.8552 -0.1402
vn 0.3602 -0.9329 -0.0021
vn 0.9904 -0.1037 0.0918
vn -0.9379 0.2016 -0.2824
vn -0.0968 -0.9124 0.3977
vn -0.1403 -0.8140 -0.5636
vn -0.2334 -0.9694 -0.0761
vn 0.3153 0.1729 -0.9331
vn 0.2424 0.3222 -0.9151
vn 0.1884 0.2202 -0.9571
vn 0.1059 0.0656 -0.9922
vn -0.8316 -0.5314 -0.1614
vn -0.9875 -0.0300 0.1550
vn 0.7341 -0.1021 -0.6713
vn 0.7667 -0.1898 -0.6133
vn -0.5539 0.3074 0.7737
vn 0.8821 0.1932 -0.4296
vn -0.7251 -0.5759 0.3775
vn 0.4275 0.8816 -0.2000
vn -0.0307 -0.7809 -0.6239
vn -0.7610 -0.0897 0.6426
vn -0.8651 -0.0206 0.5012
vn -0.5153 0.7872 0.3389
vn -0.6745 -0.5504 0.4921
vn -0.1048 0.8526 -0.5119
vn -0.8827 0.1777 0.4351
vn -0.4771 0.1294 0.8693
vn -0.0183 0.4202 0.9072
vn 0.9785 -0.2008 0.0462
vn 0.7012 0.1620 0.6943
vn -0.6769 0.0112 -0.7360
vn 0.9944 0.0471 -0.0941
vn -0.4096 -0.5749 0.7083
vn 0.7003 0.6352 -0.3258
vn -0.4623 0.1417 -0.8753
vn -0.8456 -0.2577 -0.4675
vn 0.6959 0.0093 -0.7181
vn 0.0078 -0.2247 -0.9744
vn -0.7917 -0.0352 0.6099
vn -0.6201 0.1332 0.7731
vn -0.6392 -0.5408 0.5467
vn 0.6216 -0.3653 -0.6930
vn -0.9387 0.3090 -0.1527
vn 0.6314 0.5543 -0.5423
vn -0.9916 -0.0665 0.1110
vn 0.0403 0.9914 0.1243
vn 0.8928 0.3617 -0.2686
vn -0.6955 0.7185 0.0060
vn 0.7905 -0.0647 0.6090
vn 0.9052 0.3280 0.2702
vn 0.0654 0.5947 0.8013
vn -0.1568 0.4135 0.8969
vn -0.0245 -0.9909 -0.1322
vn -0.6919 -0.4294 0.5804
vn 0.9237 0.3579 -0.1365
vn 0.8762 0.2213 -0.4281
vn -0.6597 0.6749 0.3306
vn -0.5993 0.7099 0.3700
vn -0.8371 -0.3313 0.4353
vn -0.8831 -0.4457 -0.1468
vn -0.9301 0.3517 -0.1058
vn -0.9270 -0.2113 0.3099
vn 0.7325 0.5791 -0.3577
vn 0.7338 0.6143 -0.2901
vn 0.7762 0.6075 -0.1688
vn 0.6605 0.5402 0.5215
vn -0.8081 -0.5841 -0.0766
vn 0.7583 0.0216 -0.6516
vn 0.6744 0.1038 0.7310
vn 0.6896 0.6961 0.1997
vn -0.8376 0.4515 0.3075
vn -0.0558 0.5458 0.8360
vn 0.5562 -0.0317 0.8305
vn 0.5147 0.5216 0.6804
vn -0.1795 0.4351 0.8823
vn 0.3442 0.6710 0.6567
vn -0.4823 0.1551 0.8622
vn -0.6131 -0.3882 0.6881
vn -0.2747 -0.6411 0.7166
vn 0.2812 0.9470 0.1551
vn 0.8021 -0.3898 0.4524
vn 0.5929 -0.1503 0.7911
vn -0.4303 0.7335 0.5262
vn 0.2136 -0.8872 0.4090
vn -0.5322 -0.6225 0.5738
vn 0.5617 0.2660 0.7834
vn -0.4797 -0.4926 -0.7261
vn -0.4954 -0.8151 -0.3003
vn -0.3961 -0.7415 0.5415
vn -0.9134 0.2098 0.3487
vn 0.7752 0.0206 -0.6314
vn 0.8697 -0.4847 -0.0932
vn 0.8904 -0.4067 -0.2044
vn 0.8598 0.1047 -0.4998
vn 0.3997 -0.1853 -0.8977
vn -0.7725 -0.4529 -0.4451
vn 0.3969 0.6208 -0.6761
vn -0.4687 -0.0391 -0.8825
vn -0.6305 -0.1682 -0.7577
vn -0.7138 -0.3281 -0.6188
vn 0.8623 0.2089 -0.4612
vn -0.1060 -0.5638 -0.8191
vn -0.9999 -0.0060 -0.0141
vn -0.5580 0.7860 0.2660
vn 0.8884 0.4389 -0.1342
vn -0.7001 0.5064 0.5034
vn -0.1230 0.5884 0.7992
vn -0.0720 0.5687 0.8194
vn -0.1683 -0.6638 0.7287
vn -0.0750 -0.9612 0.2655
vn 0.5046 -0.6899 0.5191
vn -0.8410 -0.4886 0.2324
vn -0.2382 0.2159 -0.9469
vn -0.5868 0.2032 -0.7838
vn 0.9933 0.0617 -0.0973
vn 0.9160 0.3542 0.1884
vn 0.8707 -0.3747 -0.3184
vn 0.8811 0.1959 -0.4304
vn 0.9134 0.2663 -0.3080
vn 0.9322 -0.3233 -0.1626
vn -0.8746 -0.4848 -0.0118
vn 0.6797 0.1264 -0.7225
vn 0.6485 -0.0467 -0.7598
vn 0.3664 -0.4550 -0.8116
vn -0.6599 -0.2475 -0.7094
vn -0.6645 -0.3066 -0.6815
vn -0.6648 -0.2659 -0.6981
vn 0.4447 0.8955 -0.0163
vn -0.3228 -0.4870 -0.8116
vn 0.3958 0.8710 0.2910
vn -0.3413 0.9197 0.1941
vn -0.0454 0.5421 0.8391
vn 0.0882 0.3807 0.9205
vn 0.9755 -0.0915 0.1998
vn 0.0948 -0.9589 0.2674
vn -0.1844 -0.9543 -0.2350
vn -0.2309 -0.0174 0.9728
vn 0.5470 -0.4657 0.6956
vn 0.4251 0.4219 0.8008
vn 0.8643 0.4484 -0.2280
vn -0.4763 -0.8759 -0.0766
vn -0.6635 -0.6102 0.4329
vn -0.4573 -0.8632 -0.2139
vn -0.9701 0.1397 -0.1986
vn -0.7012 -0.5435 -0.4614
vn -0.9685 0.2018 -0.1459
vn 0.8912 -0.3987 -0.2162
vn 0.9736 0.1877 -0.1300
vn -0.7485 0.5419 0.3822
vn -0.9728 0.1544 0.1724
vn 0.7629 -0.3076 -0.5687
vn 0.7738 -0.1651 -0.6116
vn -0.4634 -0.1729 -0.8691
vn -0.8126 -0.5485 -0.1973
vn 0.7577 -0.1044 -0.6442
vn 0.5707 0.8156 -0.0955
vn -0.9968 -0.0084 -0.0793
vn -0.6984 0.4066 0.5891
vn -0.9422 0.3062 0.1357
vn -0.8686 0.4458 0.2161
vn 0.4774 0.1971 0.8563
vn -0.0651 0.6051 0.7935
vn -0.2275 0.2192 0.9488
vn 0.3531 0.1246 0.9272
vn -0.1058 -0.7277 0.6777
vn 0.4030 -0.8880 -0.2217
vn -0.2309 -0.4975 -0.8362
vn -0.3791 0.0726 -0.9225
vn -0.0510 0.2347 -0.9707
vn -0.7599 -0.1533 -0.6317
vn 0.3334 -0.6492 0.6837
vn -0.3571 0.4290 -0.8297
vn 0.4392 0.6025 0.6664
vn -0.2150 -0.0536 0.9751
vn -0.6270 -0.0122 -0.7789
vn 0.1223 -0.9198 0.3729
vn -0.6006 -0.7008 0.3849
vn 0.9300 -0.0975 -0.3544
vn -0.6701 -0.4645 0.5790
vn 0.6274 0.7648 -0.1461
vn 0.9239 0.2399 -0.2980
vn 0.9354 -0.3401 -0.0966
vn 0.7863 0.4922 -0.3735
vn -0.9196 0.3856 0.0755
vn -0.9544 -0.0388 -0.2961
vn 0.4439 -0.3450 -0.8270
vn 0.1964 -0.3908 -0.8993
vn 0.5922 0.4527 -0.6667
vn 0.2406 0.9371 -0.2530
vn -0.3114 -0.2857 -0.9063
vn 0.4563 0.7038 -0.5444
vn -0.9769 0.1913 -0.0953
vn 0.2310 0.5135 0.8264
vn -0.7571 0.4617 0.4622
vn -0.2592 -0.1500 0.9541
vn 0.3553 0.1718 0.9188
vn -0.0105 -0.8816 -0.4719
vn 0.3523 0.3655 0.8615
vn 0.3953 0.9068 0.1467
vn -0.1822 0.4362 -0.8812
vn 0.9786 0.1428 0.1484
vn -0.7297 -0.4734 -0.4933
vn 0.9733 0.0674 0.2193
vn 0.7833 0.6216 -0.0071
vn 0.6110 0.7680 -0.1920
vn 0.8073 0.5839 0.0859
vn 0.7241 0.6888 -0.0353
vn 0.9082 -0.2891 -0.3027
vn -0.9286 -0.0159 0.3706
vn 0.9632 -0.1334 0.2332
vn -0.7175 -0.5218 0.4615
vn 0.9143 -0.0182 -0.4046
vn -0.9665 -0.2422 0.0846
vn 0.8047 -0.5789 -0.1318
vn 0.9143 0.1123 -0.3891
vn -0.8769 -0.3304 -0.3491
vn 0.2724 0.9494 -0.1562
vn -0.9904 0.0603 -0.1243
vn -0.6220 0.5205 0.5850
vn 0.0356 0.4920 0.8699
vn 0.2720 0.9471 0.1703
vn 0.5752 0.0897 0.8131
vn 0.3265 0.8801 0.3448
vn 0.0830 0.5910 0.8024
vn 0.1866 0.9120 0.3653
vn 0.2960 0.0272 0.9548
vn -0.6099 0.5144 0.6028
vn 0.3464 0.2135 0.9134
vn -0.2056 -0.7651 0.6101
vn -0.1131 -0.9423 -0.3151
vn -0.3474 -0.7437 0.5711
vn 0.7180 -0.2896 0.6329
vn -0.2298 -0.8264 0.5141
vn 0.0566 -0.8979 -0.4366
vn 0.4075 -0.8629 -0.2989
vn 0.5865 0.4404 0.6797
vn -0.7679 0.0978 -0.6331
vn -0.1651 0.6882 -0.7065
vn -0.2493 0.7980 -0.5486
vn -0.1161 0.8290 -0.5471
vn -0.1830 0.8154 -0.5492
vn -0.1842 0.9610 -0.2064
vn -0.6840 -0.6879 -0.2429
vn 0.9219 0.3775 0.0874
vn -0.5716 -0.7934 0.2094
vn -0.5323 0.8004 0.2756
vn 0.9809 -0.0877 0.1739
vn -0.6452 -0.7421 0.1814
vn 0.7049 0.0131 0.7092
vn 0.6717 -0.4076 0.6187
vn -0.6235 0.7443 0.2392
vn 0.1345 0.7595 0.6365
vn 0.0786 -0.1198 0.9897
vn 0.5459 0.2365 0.8038
vn -0.3682 0.2626 0.8919
vn 0.6419 -0.7222 -0.2577
vn -0.2318 0.7111 0.6638
vn -0.0054 -0.0519 0.9986
vn 0.4861 0.6251 0.6107
vn -0.7214 -0.5774 0.3823
vn -0.4871 -0.7938 -0.3641
vn -0.9783 0.1093 -0.1760
vn 0.7317 0.3211 -0.6013
vn -0.8342 -0.5513 -0.0066
vn 0.2324 0.5668 0.7904
vn -0.9930 0.0774 -0.0887
vn 0.9577 0.2322 -0.1700
vn -0.0292 -0.1782 0.9836
vn -0.7202 -0.6064 -0.3369
vn 0.7972 0.5237 0.3004
vn -0.5658 0.2197 -0.7947
vn -0.6028 -0.7001 0.3828
vn -0.0969 0.4461 -0.8897
vn -0.2943 0.5940 -0.7487
vn -0.7479 -0.4257 0.5094
vn -0.4549 -0.6455 0.6135
vn 0.9686 0.2365 0.0765
vn 0.7786 0.3671 0.5089
vn -0.5754 0.6838 0.4487
vn 0.5329 -0.0985 0.8404
vn 0.7405 -0.4790 0.4714
vn -0.4560 0.2747 0.8465
vn 0.7307 -0.6824 -0.0185
vn -0.8242 0.1179 0.5539
vn 0.7771 -0.4107 0.4770
vn -0.1625 -0.6645 0.7294
vn 0.8403 -0.4664 -0.2764
vn 0.4421 0.8042 -0.3972
vn -0.9412 -0.3059 -0.1437
vn -0.9901 0.0165 -0.1391
vn 0.1660 0.9492 0.2673
vn 0.6683 0.5445 -0.5069
vn 0.2746 0.2897 0.9169
vn 0.1921 0.8834 0.4276
vn 0.5151 -0.8217 0.2438
vn -0.7935 -0.5867 0.1614
vn 0.7041 0.5016 -0.5026
vn 0.7307 -0.5431 -0.4136
vn -0.1911 0.6281 -0.7543
vn -0.3811 0.4556 -0.8045
vn -0.9554 -0.2942 0.0264
vn 0.9961 -0.0843 -0.0263
vn -0.5848 0.4363 0.6838
vn -0.6035 0.3621 0.7104
vn -0.5598 -0.4034 0.7238
vn -0.8983 -0.0857 0.4309
vn -0.9033 -0.1242 0.4106
vn -0.2067 0.4527 0.8674
vn 0.6388 0.7677 0.0497
vn 0.0487 -0.3202 0.9461
vn -0.4251 -0.1907 0.8848
vn -0.9642 0.0006 0.2651
vn 0.7328 -0.5674 0.3756
vn 0.2922 -0.7492 0.5944
vn 0.9891 -0.0219 0.1459
vn 0.9688 0.2111 0.1301
vn -0.3669 -0.6000 0.7109
vn 0.2033 -0.9780 0.0473
vn 0.8247 0.5194 0.2236
vn 0.1161 0.9367 -0.3302
vn 0.8313 0.0583 -0.5528
vn 0.3453 0.7411 0.5758
vn 0.5701 0.1109 0.8141
vn -0.9646 0.2559 0.0644
vn 0.5571 0.7846 -0.2721
vn -0.8121 0.3796 0.4432
vn 0.1776 0.9583 -0.2240
vn 0.4428 -0.3920 0.8064
vn -0.5487 0.5560 0.6243
vn 0.6309 0.7044 0.3251
vn -0.2101 0.7714 0.6007
vn 0.4748 -0.8654 0.1602
vn -0.5523 -0.5547 0.6223
vn -0.1768 -0.8229 0.5400
vn 0.4040 -0.8302 0.3841
vn 0.8547 0.4644 -0.2321
vn 0.6183 -0.6039 -0.5029
vn -0.1796 -0.9779 -0.1067
vn -0.3174 -0.9437 -0.0930
vn -0.2556 -0.8414 -0.4762
vn 0.5942 0.6134 -0.5202
vn -0.5108 -0.1803 -0.8406
vn 0.9621 0.2728 0.0010
vn -0.3722 -0.7035 0.6054
vn -0.5529 -0.6215 0.5550
vn -0.7858 0.0632 0.6153
vn -0.8065 0.1014 0.5825
vn 0.9298 -0.3038 0.2075
vn -0.4059 -0.5699 0.7145
vn 0.5856 -0.1086 0.8033
vn 0.9834 0.1796 -0.0250
vn 0.2453 -0.9354 0.2546
vn -0.7040 0.6823 -0.1971
vn -0.3925 -0.7902 0.4706
vn -0.8671 -0.4982 0.0057
vn -0.6717 -0.6835 -0.2859
vn 0.9501 0.2457 0.1923
vn 0.8316 0.4444 0.3331
vn 0.4562 0.8672 -0.1996
vn 0.7241 0.4277 -0.5410
vn 0.3381 -0.5102 -0.7908
vn -0.9901 0.0967 0.1013
vn 0.1726 0.9738 0.1484
vn -0.6899 0.7235 -0.0235
vn -0.2556 0.7733 0.5802
vn -0.0508 0.9559 0.2893
vn 0.8678 -0.1227 0.4816
vn 0.8967 -0.2807 0.3423
vn -0.2634 -0.9285 0.2618
vn -0.2266 -0.7882 0.5722
vn -0.3499 -0.8292 0.4359
vn 0.6634 0.3219 0.6755
vn -0.6093 -0.3147 -0.7278
vn -0.9991 0.0416 0.0062
vn -0.4953 -0.7131 -0.4961
vn -0.6730 -0.2187 -0.7066
vn -0.6401 -0.2021 -0.7412
vn -0.5996 -0.1665 -0.7828
vn -0.6419 -0.1173 -0.7578
vn -0.9075 0.2162 -0.3601
vn 0.6455 0.2861 -0.7082
vn 0.8497 0.2016 -0.4872
vn -0.3751 -0.3552 0.8563
vn 0.9854 -0.1480 0.0836
vn -0.5857 -0.0415 0.8095
vn 0.2283 -0.0068 0.9736
vn -0.1881 0.5707 0.7993
vn 0.7367 0.4161 0.5330
vn 0.6715 0.5041 0.5432
vn -0.4291 0.3481 0.8335
vn 0.5439 -0.1465 0.8262
vn 0.2259 0.8006 0.5551
vn 0.1151 0.9355 -0.3340
vn -0.5251 -0.7465 0.4088
vn 0.6122 -0.7853 0.0920
vn -0.5291 -0.8054 -0.2671
vn -0.6071 -0.6287 -0.4859
vn -0.9575 -0.0203 -0.2876
vn 0.4895 -0.2529 -0.8345
vn -0.1001 0.9699 -0.2220
vn 0.3097 0.9445 0.1100
vn -0.4190 0.8117 0.4070
vn 0.1475 0.2216 0.9639
vn 0.0487 0.9982 -0.0351
vn -0.2067 -0.2208 0.9532
vn 0.2609 -0.3861 0.8848
vn -0.2231 -0.5362 0.8141
vn 0.1445 -0.9567 0.2527
vn -0.0000 -0.8697 0.4936
vn 0.1194 -0.8707 0.4770
vn 0.2198 -0.8796 0.4219
vn 0.0935 -0.8909 0.4444
vn 0.8073 0.4271 0.4072
vn -0.8962 -0.4207 -0.1411
vn 0.8890 -0.1263 -0.4401
vn 0.1825 -0.2339 -0.9550
vn -0.6176 0.6626 -0.4237
vn -0.2814 -0.0778 -0.9564
vn 0.6911 0.4476 -0.5674
vn -0.9568 0.1361 -0.2569
vn 0.8815 0.2425 0.4052
vn 0.9598 -0.1983 0.1986
vn -0.4120 -0.7375 0.5351
vn 0.3585 -0.5976 0.7172
vn 0.1346 -0.6393 0.7571
vn 0.2875 -0.6426 0.7103
vn 0.3363 -0.6126 0.7153
vn 0.6786 -0.4029 0.6142
vn -0.0075 -0.6471 0.7624
vn 0.9154 -0.3241 0.2386
vn -0.5275 -0.1181 0.8413
vn -0.8099 -0.0464 0.5847
vn -0.9420 -0.2072 0.2642
vn 0.7378 0.5003 -0.4532
vn 0.6527 -0.7258 0.2173
vn -0.7292 0.0004 0.6843
vn 0.6710 -0.4953 -0.5518
vn 0.9579 -0.2568 0.1282
vn 0.9353 -0.2958 0.1940
vn -0.9372 -0.2327 -0.2597
vn 0.8159 0.4810 0.3208
vn -0.7929 -0.3484 -0.4999
vn 0.4650 0.8675 0.1766
vn 0.4022 0.8987 -0.1749
vn -0.5053 0.0475 0.8616
vn -0.2881 -0.7494 0.5962
vn -0.4650 -0.7070 0.5329
vn 0.9375 0.0427 -0.3455
vn -0.7085 0.4891 -0.5088
vn 0.9382 0.1119 -0.3275
vn 0.5476 0.6050 -0.5781
vn -0.8775 -0.1626 0.4512
vn -0.5757 -0.4164 0.7037
vn -0.4899 -0.1413 0.8603
vn 0.5497 0.6710 0.4975
vn 0.9714 -0.0160 0.2370
vn -0.6610 0.3920 0.6398
vn -0.5876 0.6337 0.5032
vn -0.7829 0.1840 0.5943
vn 0.3604 -0.9235 0.1315
vn -0.7821 -0.4379 0.4434
vn -0.7706 -0.4435 0.4577
vn 0.9324 -0.1564 0.3257
vn -0.8360 0.4035 0.3719
vn -0.0547 -0.8060 0.5894
vn -0.2717 -0.7883 -0.5521
vn -0.2883 -0.8595 0.4220
vn 0.5498 -0.8307 -0.0875
vn -0.7168 -0.5875 -0.3755
vn 0.3168 0.3819 -0.8682
vn -0.0542 0.8250 0.5625
vn 0.2348 0.4223 0.8755
vn 0.3093 0.8053 0.5058
vn 0.6999 0.1596 0.6962
vn 0.6001 0.7662 -0.2299
vn 0.7533 0.1674 0.6361
vn 0.7301 0.3056 0.6112
vn 0.7406 0.2525 0.6227
vn 0.6962 0.2724 0.6642
vn -0.0869 0.6156 0.7833
vn -0.2789 0.4633 0.8412
vn -0.5211 0.6765 0.5204
vn 0.2087 0.4393 0.8738
vn 0.0231 -0.6153 0.7879
vn 0.0564 -0.2364 0.9700
vn 0.1645 -0.5394 0.8258
vn -0.1240 -0.1101 0.9861
vn 0.2209 -0.0772 0.9722
vn -0.1276 -0.0154 0.9917
vn 0.7671 -0.3737 0.5214
vn 0.1565 -0.5630 0.8115
vn 0.4533 -0.4023 -0.7954
vn 0.2368 -0.6617 -0.7114
vn -0.8677 0.0661 0.4927
vn 0.7026 0.6591 -0.2682
vn -0.6324 -0.6075 0.4806
vn -0.6030 -0.6414 0.4742
vn 0.7407 0.5072 0.4407
vn 0.7676 -0.0389 0.6397
vn 0.9859 -0.1163 0.1207
vn -0.8846 0.3772 0.2742
vn 0.7476 0.6509 0.1322
vn 0.9941 0.0941 -0.0548
vn -0.4701 -0.0988 -0.8770
vn -0.5551 -0.6615 0.5042
vn 0.8937 -0.4467 -0.0426
vn -0.7396 -0.5504 0.3873
vn 0.5697 -0.8073 -0.1541
vn 0.9722 -0.0702 0.2236
vn 0.4081 0.3120 -0.8580
vn -0.7498 0.2068 -0.6286
vn 0.1898 -0.1457 -0.9709
vn -0.6409 0.5294 0.5559
vn 0.5039 0.5701 -0.6488
vn -0.3079 0.8497 -0.4279
vn 0.2774 0.2696 0.9221
vn -0.5757 0.5400 0.6140
vn 0.0993 0.9941 0.0428
vn 0.3993 -0.3635 0.8417
vn -0.1612 -0.0517 0.9856
vn 0.2771 -0.6873 0.6714
vn -0.2792 -0.0814 0.9568
vn -0.3435 -0.7595 -0.5525
vn -0.4174 -0.5909 0.6904
vn 0.8500 -0.0892 -0.5192
vn -0.1237 0.6009 0.7897
vn 0.5363 0.0702 0.8411
vn -0.4993 0.5807 0.6430
vn 0.6645 0.3568 0.6566
vn 0.7495 0.3452 0.5648
vn -0.9733 -0.0382 0.2265
vn 0.5604 -0.8131 0.1577
vn -0.8987 0.3864 0.2076
vn -0.4488 -0.6785 0.5815
vn -0.0856 -0.8750 0.4766
vn 0.7212 -0.1487 -0.6766
vn 0.7080 -0.3213 -0.6289
vn -0.5622 0.4603 -0.6870
vn -0.1383 0.9733 -0.1834
vn 0.5207 0.8134 0.2595
vn 0.0852 0.9816 0.1709
vn -0.0381 -0.5454 0.8373
vn 0.1582 0.0189 0.9872
vn -0.3563 -0.6681 0.6532
vn 0.2917 -0.7918 0.5366
vn 0.4996 -0.6541 0.5679
vn -0.0750 -0.2106 0.9747
vn 0.3636 -0.8165 -0.4484
vn -0.9582 -0.1981 0.2064
vn 0.8399 0.5146 -0.1724
vn 0.7968 0.1472 -0.5861
vn -0.8893 -0.3214 0.3253
vn 0.4595 0.6685 0.5847
vn 0.7421 0.6689 0.0436
vn 0.6512 -0.3892 0.6515
vn -0.2559 -0.0979 0.9617
vn -0.9239 -0.3775 0.0625
vn -0.5297 -0.7497 0.3966
vn 0.7172 -0.2474 0.6515
vn 0.1682 0.2224 -0.9603
vn 0.5786 -0.5284 -0.6213
vn 0.2137 -0.5924 -0.7768
vn -0.6594 -0.5033 -0.5584
vn -0.3456 0.3789 -0.8585
vn 0.1149 -0.0821 -0.9900
vn 0.7791 -0.0400 -0.6256
vn 0.8790 0.0981 -0.4667
vn -0.5686 0.0525 -0.8210
vn 0.2060 -0.4292 -0.8794
vn 0.0548 -0.4783 -0.8765
vn 0.8111 0.5618 0.1625
vn 0.9882 -0.0475 0.1455
vn 0.8679 0.3753 -0.3253
vn -0.2425 0.9596 -0.1425
vn -0.3209 0.7262 -0.6080
vn -0.1346 0.7571 -0.6393
vn -0.2529 0.7250 -0.6407
vn -0.5073 0.7529 -0.4193
vn -0.1262 0.7174 -0.6851
vn 0.2005 0.7570 0.6220
vn 0.0441 0.9437 -0.3277
vn -0.0766 0.7937 -0.6035
vn -0.0680 0.9801 0.1865
vn 0.6153 0.7798 -0.1152
vn 0.0516 0.9754 0.2142
vn -0.7027 -0.1195 0.7014
vn -0.3219 -0.8034 0.5009
vn 0.0184 -0.6945 0.7193
vn 0.3427 -0.7305 0.5907
vn -0.9351 0.3525 -0.0366
vn 0.8038 0.5392 0.2512
vn 0.9311 0.3628 0.0372
vn -0.8423 0.3182 0.4350
vn 0.8397 0.4816 -0.2511
vn 0.4348 0.1455 0.8887
vn 0.6549 0.7556 -0.0169
vn 0.6885 0.7221 -0.0671
vn 0.6723 0.7395 -0.0336
vn 0.6151 0.7856 -0.0673
vn 0.9259 0.0245 0.3769
vn -0.1896 -0.5805 0.7919
vn 0.8122 -0.5832 -0.0143
vn -0.3904 -0.0872 0.9165
vn -0.0819 -0.7533 0.6526
vn 0.5732 0.7500 0.3300
vn 0.9218 0.0051 0.3876
vn -0.8461 -0.5318 0.0364
vn -0.9534 0.2959 0.0590
vn -0.8042 -0.5154 0.2961
vn 0.3566 -0.9276 -0.1115
vn -0.2123 -0.6696 0.7117
vn 0.9981 -0.0338 -0.0508
vn 0.9583 -0.2857 -0.0000
vn 0.9908 -0.1343 -0.0168
vn 0.9696 0.1830 0.1624
vn -0.6680 0.7108 -0.2205
vn -0.3420 0.7276 -0.5946
vn 0.8008 0.5895 0.1060
vn -0.9882 0.0711 -0.1354
vn -0.6284 0.6911 0.3571
vn 0.2073 0.9040 0.3740
vn 0.4223 0.8864 -0.1896
vn -0.7188 0.6952 0.0087
vn -0.0634 -0.7584 0.6486
vn 0.1518 -0.7927 0.5904
vn 0.1692 -0.7613 0.6260
vn 0.2532 -0.7089 0.6583
vn 0.2431 -0.6472 0.7225
vn 0.2191 -0.7115 0.6677
vn -0.8829 0.4671 0.0491
vn -0.7827 -0.4417 0.4384
vn 0.3130 0.3251 0.8924
vn -0.8005 -0.3812 0.4625
vn 0.0606 0.3867 0.9202
vn -0.0550 0.1860 0.9810
vn -0.8209 0.3871 0.4198
vn -0.3283 0.7020 0.6319
vn 0.7785 -0.6089 -0.1523
vn 0.8087 -0.5726 -0.1348
vn 0.7864 -0.5982 -0.1539
vn 0.8258 -0.5334 -0.1833
vn 0.0494 -0.9934 0.1033
vn -0.7859 -0.5734 0.2315
vn 0.9467 -0.2809 0.1575
vn 0.7618 0.6113 0.2145
vn 0.0714 -0.8309 0.5519
vn -0.9825 -0.1050 0.1535
vn 0.1319 -0.3132 0.9405
vn 0.3759 -0.7124 -0.5926
vn 0.2797 -0.8831 -0.3766
vn 0.4922 -0.8042 -0.3331
vn -0.8926 0.4505 -0.0179
vn -0.8586 -0.5105 -0.0461
vn 0.9242 0.0092 -0.3817
vn -0.6406 -0.6443 -0.4178
vn -0.8371 -0.0515 -0.5446
vn 0.9700 0.0013 -0.2433
vn -0.3563 0.6343 0.6861
vn 0.1384 0.8294 0.5412
vn -0.4848 0.7933 -0.3683
vn -0.9419 0.3312 -0.0566
vn -0.5197 0.8173 0.2489
vn -0.0720 -0.4658 0.8819
vn -0.0395 -0.9585 0.2824
vn 0.5581 -0.7575 0.3388
vn 0.2661 -0.6260 -0.7331
vn -0.5519 -0.7273 -0.4079
vn -0.1037 -0.8829 -0.4580
vn 0.8465 -0.2386 -0.4759
vn 0.6842 0.3358 -0.6474
vn -0.4278 -0.7463 0.5099
vn -0.6534 -0.3463 0.6732
vn -0.7862 0.4095 0.4627
vn -0.5281 -0.7443 0.4087
vn 0.3024 0.3718 0.8776
vn 0.5002 0.2002 0.8424
vn 0.1557 -0.2789 0.9476
vn 0.5971 -0.8013 -0.0373
vn 0.4563 0.0980 0.8844
vn 0.8878 -0.3216 0.3293
vn -0.9146 0.2057 0.3481
vn 0.8341 -0.1242 0.5374
vn 0.1581 -0.8854 0.4371
vn -0.7132 -0.4218 0.5598
vn -0.2578 -0.9649 0.0498
vn 0.3169 -0.9322 -0.1751
vn 0.6693 0.1349 0.7307
vn 0.5619 -0.0478 0.8258
vn 0.7143 -0.2592 0.6501
vn 0.3095 -0.5949 -0.7418
vn 0.8938 0.2468 -0.3745
vn -0.9779 -0.0612 0.2000
vn 0.9774 0.0223 0.2102
vn 0.4775 0.7769 -0.4105
vn -0.4388 0.7828 -0.4412
vn 0.6534 0.7390 0.1643
vn 0.3036 0.8962 0.3236
vn 0.0627 -0.9734 -0.2202
vn -0.6380 -0.7693 0.0332
vn 0.1228 -0.8477 0.5162
vn -0.8761 0.4587 0.1485
vn 0.4583 0.8217 0.3388
vn 0.6176 0.1295 0.7758
vn 0.5639 0.7966 0.2181
vn -0.7674 0.2891 0.5723
vn -0.8376 -0.4969 0.2268
vn 0.3089 0.8290 0.4662
vn -0.1785 0.4522 0.8738
vn 0.7552 -0.5732 0.3180
vn -0.6494 -0.1297 0.7493
vn 0.0873 -0.6770 0.7308
vn -0.9340 -0.0162 0.3568
vn -0.3956 -0.3120 0.8638
vn -0.5825 -0.6037 0.5442
vn 0.5852 0.2006 0.7857
vn 0.5625 0.1193 0.8181
vn 0.5574 0.0676 0.8275
vn -0.4721 0.8503 0.2327
vn 0.5730 -0.4622 0.6768
vn -0.6012 0.7879 0.1333
vn 0.3679 0.8132 0.4509
vn 0.1504 0.9261 0.3461
vn -0.4370 0.8739 -0.2131
vn -0.0352 0.9171 -0.3971
vn 0.3469 0.9017 -0.2579
vn -0.1032 0.9058 0.4110
vn 0.5915 -0.7957 -0.1303
vn -0.4455 -0.8947 -0.0307
vn 0.7959 0.4221 0.4341
vn -0.1696 0.7126 0.6808
vn 0.3846 -0.0806 0.9195
vn -0.0739 -0.8125 0.5782
vn 0.4551 0.5389 0.7089
vn -0.8076 0.5726 -0.1410
vn 0.8464 -0.4886 -0.2120
vn -0.2739 -0.4663 0.8412
vn 0.4554 -0.7742 0.4394
vn -0.7898 -0.4418 0.4254
vn -0.8473 -0.1844 0.4980
vn 0.9010 0.4108 -0.1393
vn -0.4570 -0.5928 0.6631
vn -0.6931 -0.0627 0.7181
vn -0.1610 -0.2304 0.9597
vn 0.0977 0.3478 0.9325
vn 0.4038 -0.3982 0.8236
vn -0.5198 -0.1015 0.8482
vn -0.7189 -0.6946 -0.0247
vn -0.9409 -0.2049 0.2697
vn 0.3806 0.7902 0.4803
vn -0.9623 0.2558 0.0926
vn 0.2611 0.9001 0.3487
vn -0.9173 0.0622 0.3934
vn -0.5272 0.8103 0.2557
vn -0.6736 0.6922 0.2591
vn 0.9843 0.1740 -0.0299
vn 0.5308 0.8286 -0.1779
vn -0.5283 -0.7464 0.4048
vn 0.6073 -0.7577 0.2387
vn 0.9464 0.2580 -0.1944
vn 0.5527 -0.8165 0.1669
vn -0.9056 -0.2690 0.3280
vn 0.2849 0.5861 0.7585
vn 0.4047 0.1253 0.9058
vn -0.9991 -0.0404 0.0104
vn -0.5317 -0.3867 0.7535
vn 0.1246 0.9044 0.4082
vn 0.5190 0.2385 0.8208
vn 0.3066 0.3934 0.8667
vn 0.4361 0.1721 0.8833
vn -0.0369 -0.8228 0.5671
vn 0.8566 -0.3644 0.3651
vn 0.6684 0.0220 0.7434
vn 0.8963 0.3045 0.3223
vn 0.9644 -0.1477 0.2194
vn 0.9142 -0.0717 0.3988
vn 0.3392 -0.9392 0.0537
vn -0.8952 0.3257 -0.3043
vn -0.1829 -0.9488 0.2575
vn 0.8207 0.5518 -0.1484
vn 0.1806 0.1255 0.9755
vn -0.5324 0.0201 0.8462
vn 0.7895 0.6133 -0.0230
vn 0.0682 0.6710 0.7384
vn -0.5646 0.6059 0.5605
vn -0.5628 0.7675 0.3070
vn -0.5431 0.8146 0.2036
vn -0.5826 0.7711 0.2570
vn -0.5240 0.8254 0.2101
vn -0.6905 0.6568 0.3031
vn -0.7386 0.6379 0.2182
vn -0.7250 0.6407 0.2529
vn -0.7069 0.6881 0.1637
vn -0.3703 0.7641 -0.5283
vn 0.3757 0.8669 0.3276
vn -0.2570 -0.9547 0.1499
vn 0.3323 -0.7862 0.5210
vn -0.5061 -0.8623 0.0140
vn 0.7198 -0.6722 0.1733
vn -0.4866 -0.8670 -0.1074
vn 0.8045 0.5925 0.0413
vn -0.4367 0.4510 0.7784
vn 0.4935 -0.1444 0.8577
vn -0.7613 0.2535 0.5968
vn -0.4117 -0.2359 0.8803
vn 0.6877 0.4774 0.5469
vn -0.4955 0.0671 0.8660
vn 0.2018 -0.0006 0.9794
vn -0.1823 0.6278 0.7567
vn 0.0580 0.2659 0.9623
vn -0.3546 0.4333 0.8286
vn -0.3928 -0.8730 0.2889
vn 0.2529 -0.5793 0.7749
vn 0.2340 -0.9482 -0.2149
vn -0.4431 -0.3541 0.8236
vn 0.9910 -0.1174 0.0642
vn -0.5988 -0.7890 0.1375
vn -0.8085 -0.5882 0.0204
vn -0.9430 0.2053 -0.2617
vn 0.1528 -0.9538 0.2586
vn 0.8604 0.0166 0.5094
vn 0.5842 -0.7636 0.2750
vn -0.2696 0.4309 0.8612
vn -0.7183 -0.0572 0.6934
vn 0.2790 0.1312 0.9513
vn 0.2804 -0.4109 0.8675
vn -0.1768 -0.8351 0.5209
vn 0.1508 -0.2635 0.9528
vn -0.5936 -0.2500 0.7650
vn 0.2845 0.7910 0.5417
vn -0.5870 0.3179 0.7445
vn -0.3474 0.9168 -0.1970
vn 0.7401 0.5636 -0.3669
vn 0.5005 0.8656 -0.0133
vn 0.0212 0.9829 -0.1829
vn -0.2755 0.7503 -0.6010
vn -0.9374 0.1478 -0.3154
vn 0.2694 0.8571 -0.4391
vn 0.1429 0.8712 0.4698
vn 0.8638 -0.3181 0.3907
vn -0.6438 -0.2769 0.7133
vn 0.4094 -0.9122 -0.0172
vn -0.5283 -0.2202 0.8200
vn -0.3052 0.5214 0.7969
vn 0.4707 0.1171 0.8745
vn -0.1364 0.4192 0.8976
vn 0.4173 0.4188 0.8065
vn -0.3402 0.1126 0.9336
vn 0.6639 -0.6928 -0.2815
vn -0.4421 -0.0322 0.8964
vn -0.5339 -0.5969 0.5989
vn 0.7391 0.2291 0.6334
vn -0.5185 -0.2170 0.8271
vn -0.6336 -0.6865 0.3569
vn 0.4964 -0.6887 0.5285
vn 0.5259 -0.7193 0.4538
vn -0.9941 0.0721 0.0814
vn -0.8960 0.2340 0.3774
vn -0.7136 -0.7000 0.0301
vn 0.4856 0.2991 0.8214
vn 0.3114 -0.5115 0.8009
vn 0.9882 -0.1450 0.0500
vn 0.9947 -0.0707 0.0753
vn -0.5183 0.8471 0.1174
vn -0.1873 0.9345 -0.3027
vn -0.0031 0.8622 0.5066
vn -0.5366 -0.8349 0.1227
vn -0.0008 -0.9609 0.2767
vn 0.6394 -0.6768 0.3650
vn 0.1260 -0.9567 -0.2624
vn 0.4550 0.7919 0.4073
vn 0.2916 0.8344 0.4677
vn -0.4935 0.2762 0.8247
vn -0.7230 -0.0348 0.6900
vn 0.5463 0.1308 0.8273
vn 0.4464 0.6049 0.6594
vn -0.9526 -0.2941 0.0780
vn 0.8733 0.2824 0.3971
vn -0.2137 0.5385 0.8150
vn 0.3213 0.6800 0.6591
vn -0.3075 -0.0095 0.9515
vn 0.4072 0.4215 0.8103
vn -0.2906 0.1183 0.9495
vn 0.2497 0.2540 0.9344
vn -0.5525 -0.4922 0.6727
vn 0.0565 -0.8592 0.5086
vn 0.8656 0.2667 0.4239
vn 0.0283 -0.8489 0.5278
vn 0.8700 -0.0457 0.4909
vn 0.4402 -0.8778 0.1889
vn 0.5313 -0.2421 0.8119
vn 0.1266 -0.4845 0.8656
vn -0.7618 -0.0108 0.6477
vn 0.4255 0.4944 0.7580
vn -0.1958 0.6804 0.7062
vn -0.9257 -0.3696 0.0806
vn -0.6426 0.7662 -0.0037
vn 0.7889 0.6069 0.0965
vn 0.6241 -0.7202 0.3031
vn -0.3569 0.2521 0.8995
vn -0.9929 -0.1046 0.0573
vn 0.6611 0.2160 0.7185
vn -0.2104 0.0734 0.9749
vn -0.1900 -0.8764 0.4424
vn 0.8546 0.2566 0.4514
vn -0.8051 -0.2623 0.5320
vn -0.6511 -0.7443 0.1482
vn -0.7483 0.4414 -0.4952
vn 0.9753 0.0444 -0.2164
vn -0.3743 -0.8355 0.4022
vn 0.3503 -0.6262 0.6966
vn -0.7828 -0.5263 0.3319
vn -0.0502 -0.9598 0.2762
vn 0.9288 -0.3700 0.0188
vn -0.1700 0.6562 0.7352
vn -0.6208 0.0044 0.7839
vn 0.7386 0.4678 0.4855
vn 0.9604 0.2762 -0.0357
vn -0.7809 -0.2053 0.5900
vn 0.3945 -0.2768 0.8762
vn 0.3321 0.1901 0.9239
vn -0.8562 -0.2064 0.4736
vn -0.7011 0.0877 0.7077
vn 0.0933 0.9689 -0.2294
vn 0.2445 0.8868 0.3922
vn 0.5607 0.7566 0.3364
vn -0.2211 0.5774 -0.7859
vn -0.0982 0.9309 0.3519
vn 0.0934 -0.7041 0.7039
vn -0.7227 -0.2967 0.6243
vn -0.5188 -0.8546 0.0216
vn -0.3706 -0.9282 0.0338
vn -0.4831 -0.8144 -0.3215
vn 0.5688 0.6265 0.5329
vn 0.1980 -0.1454 0.9694
vn 0.3489 0.5343 0.7699
vn 0.2838 -0.0661 0.9566
vn -0.1372 0.1089 0.9845
vn -0.3114 0.1090 0.9440
vn -0.6017 0.6465 0.4691
vn 0.0159 -0.9983 -0.0568
vn 0.7545 -0.6209 -0.2127
vn -0.6052 -0.4818 0.6338
vn -0.6437 -0.7330 0.2201
vn -0.3497 -0.5176 0.7809
vn -0.6148 -0.4255 0.6641
vn 0.9692 0.1040 -0.2232
vn -0.9640 -0.2029 -0.1718
vn -0.7273 -0.4445 0.5230
vn 0.8515 -0.0006 0.5244
vn 0.8127 0.4431 0.3785
vn -0.7062 0.3671 0.6054
vn 0.0895 0.4080 0.9086
vn -0.8239 -0.2681 0.4994
vn 0.9682 -0.1998 -0.1504
vn -0.4050 -0.8371 0.3678
vn 0.3601 0.7722 0.5234
vn 0.6119 0.6155 -0.4968
vn -0.7349 0.5901 -0.3341
vn -0.2726 0.9586 -0.0825
vn -0.1312 -0.8596 0.4938
vn -0.5737 -0.7855 0.2319
vn -0.0631 0.7513 0.6570
vn -0.6919 -0.0590 0.7195
vn -0.0925 0.2909 0.9523
vn 0.5000 0.5064 0.7026
vn -0.9903 0.0810 0.1126
vn 0.7124 0.6248 0.3195
vn -0.0583 0.6228 0.7802
vn -0.5887 -0.7535 0.2927
vn -0.7066 -0.6730 0.2187
vn -0.6433 -0.7280 0.2370
vn -0.6094 -0.7617 0.2200
vn 0.9658 0.2051 0.1585
vn 0.2735 -0.4200 0.8653
vn -0.2698 -0.9612 0.0574
vn 0.0255 0.5634 0.8258
vn -0.9625 0.2440 0.1181
vn -0.8268 0.2672 0.4950
vn 0.3636 -0.5989 0.7135
vn 0.9874 0.0896 -0.1302
vn -0.9933 -0.0962 0.0642
vn 0.7806 0.0555 0.6226
vn 0.1448 0.9542 0.2617
vn 0.1322 0.8950 0.4261
vn 0.0898 0.5389 0.8376
vn -0.0745 0.9442 0.3207
vn -0.9821 -0.1244 -0.1413
vn -0.1270 0.3832 -0.9149
vn 0.2396 -0.5449 0.8036
vn 0.6139 -0.0177 0.7892
vn 0.0884 -0.9948 -0.0509
vn -0.5179 0.2613 0.8146
vn 0.0473 0.6853 0.7267
vn 0.0730 0.7508 0.6565
vn -0.7726 -0.4734 0.4230
vn -0.3332 -0.8808 0.3363
vn 0.9762 0.0358 0.2140
vn -0.2746 -0.6274 0.7287
vn 0.8625 0.3827 0.3311
vn -0.6446 -0.7464 0.1654
vn -0.6542 0.4143 -0.6328
vn -0.5669 0.6280 -0.5332
vn 0.1861 -0.4868 0.8535
vn 0.4623 -0.0864 0.8825
vn 0.4340 -0.8994 -0.0520
vn -0.5331 -0.5851 0.6111
vn -0.8936 0.4364 -0.1052
vn 0.4250 0.1541 0.8920
vn 0.6557 0.2657 0.7068
vn -0.0483 0.5816 0.8120
vn 0.6180 0.7861 0.0133
vn 0.2224 0.9302 0.2919
vn -0.4129 0.7601 -0.5017
vn 0.2759 -0.4941 0.8245
vn 0.0502 -0.6976 0.7147
vn 0.2042 -0.6118 0.7642
vn 0.1336 -0.6667 0.7333
vn 0.1625 -0.7177 0.6772
vn 0.2068 -0.5075 0.8365
vn -0.3339 0.1158 0.9355
vn 0.1089 -0.9738 0.1998
vn 0.3139 0.5747 0.7558
vn 0.0414 0.7804 0.6239
vn -0.5705 -0.4348 0.6967
vn -0.3575 0.8654 0.3510
vn -0.2000 -0.5720 0.7955
vn 0.5806 0.0160 0.8140
vn -0.2050 -0.4193 0.8844
vn -0.8889 -0.4411 0.1238
vn -0.3414 0.3393 0.8766
vn -0.9904 0.1025 0.0930
vn 0.1056 0.9692 0.2226
vn -0.2099 0.5062 -0.8365
vn 0.0819 -0.3704 0.9252
vn -0.1500 -0.7495 0.6447
vn 0.1957 -0.2720 0.9422
vn 0.2293 -0.3878 0.8927
vn 0.1168 -0.9669 0.2271
vn 0.7801 0.1708 0.6019
vn 0.3736 0.3608 0.8545
vn 0.7649 0.5053 0.3996
vn 0.4841 0.5721 0.6621
vn 0.6719 0.0242 0.7403
vn 0.6358 0.1146 0.7633
vn -0.7025 -0.5003 0.5061
vn 0.7000 -0.4397 0.5627
vn -0.3053 -0.7557 0.5794
vn -0.5487 -0.7234 0.4191
vn 0.9449 0.2592 0.2000
vn -0.4078 -0.7070 0.5778
vn -0.5439 -0.8193 0.1815
vn 0.9505 -0.2161 0.2234
vn -0.8369 -0.1927 -0.5122
vn -0.0559 -0.2621 0.9634
vn 0.1761 -0.3309 0.9271
vn 0.9655 -0.2602 -0.0021
vn -0.7961 -0.4114 0.4439
vn -0.8098 0.3294 0.4855
vn 0.8600 0.4912 -0.1382
vn 0.5120 0.8311 -0.2170
vn -0.3818 0.8692 -0.3143
vn -0.2256 -0.9306 0.2882
vn -0.3850 -0.5980 0.7029
vn -0.6054 0.0339 0.7952
vn 0.1560 0.1747 0.9722
vn 0.7228 0.2185 0.6556
vn 0.7405 0.2524 0.6228
vn 0.7450 0.2709 0.6096
vn 0.0670 0.5103 0.8574
vn -0.3362 -0.1866 0.9231
vn 0.3182 0.5861 0.7451
vn -0.6334 0.3456 0.6923
vn 0.0318 0.4834 0.8748
vn -0.5068 -0.8410 -0.1894
vn -0.4985 0.6186 -0.6074
vn 0.1342 -0.3676 0.9203
vn 0.2607 -0.1127 0.9588
vn -0.1135 -0.9888 0.0974
vn -0.9521 0.2913 0.0931
vn 0.7546 0.5165 0.4047
vn -0.1671 0.6657 0.7273
vn 0.6046 -0.2005 0.7709
vn -0.0447 -0.4153 0.9086
vn -0.7483 -0.0520 0.6614
vn 0.5927 0.7324 0.3350
vn 0.4416 0.7831 0.4379
vn 0.9057 0.3899 -0.1662
vn -0.3614 0.7911 0.4936
vn -0.8828 0.4660 -0.0601
vn 0.0445 -0.2005 0.9787
vn -0.1607 -0.5835 0.7961
vn 0.1386 0.0968 0.9856
vn 0.1512 0.1830 0.9714
vn 0.3590 0.2591 0.8967
vn 0.0139 -0.5868 0.8096
vn 0.4379 0.3817 0.8140
vn -0.6075 -0.7120 0.3522
vn 0.8977 -0.1128 -0.4259
vn 0.7965 0.0762 -0.5999
vn 0.7350 -0.3493 -0.5812
vn -0.4400 -0.8299 0.3431
vn 0.9157 -0.3949 -0.0741
vn -0.9953 -0.0367 -0.0895
vn -0.8006 -0.1676 0.5752
vn 0.4174 0.4885 0.7663
vn 0.3326 0.9350 0.1228
vn 0.1009 0.9926 0.0671
vn -0.3654 0.7101 0.6018
vn 0.1182 -0.4599 0.8801
vn 0.1809 -0.5674 0.8033
vn 0.0763 -0.0101 0.9970
vn -0.3484 0.1706 0.9217
vn 0.0704 0.2500 0.9657
vn -0.3509 -0.0590 0.9345
vn 0.1071 0.1772 0.9783
vn 0.1124 0.1085 0.9877
vn -0.4285 -0.3063 0.8500
vn 0.4608 0.5005 0.7329
vn -0.3391 -0.8669 0.3654
vn 0.6002 -0.3718 0.7082
vn -0.5623 -0.7848 0.2607
vn 0.9430 -0.3325 -0.0148
vn -0.3617 0.8370 -0.4106
vn -0.9189 0.3276 -0.2197
vn 0.3817 -0.1054 0.9183
vn 0.2631 -0.5465 0.7950
vn 0.3256 0.9271 -0.1856
vn -0.7808 0.6247 -0.0092
vn 0.4745 -0.8790 0.0461
vn 0.9723 0.2303 0.0392
vn 0.5039 0.8568 0.1095
vn 0.1237 0.8414 0.5261
vn 0.0707 0.9704 0.2311
vn -0.6689 0.5588 0.4902
vn 0.1082 0.8451 0.5236
vn -0.0114 -0.5650 0.8250
vn -0.5085 -0.3536 0.7851
vn 0.2373 0.3878 0.8907
vn 0.3453 -0.2310 0.9096
vn 0.5932 0.2145 0.7759
vn 0.5645 0.1330 0.8147
vn 0.5953 0.1987 0.7785
vn 0.5876 0.2056 0.7826
vn 0.4532 -0.1400 0.8804
vn 0.8678 -0.2390 0.4356
vn 0.4645 -0.6678 -0.5816
vn 0.3085 -0.7379 0.6003
vn 0.2690 -0.9321 -0.2428
vn -0.8507 0.3313 -0.4081
vn 0.5384 -0.7387 0.4055
vn 0.9452 -0.2154 -0.2455
vn -0.9152 -0.3896 -0.1031
vn -0.8813 -0.4697 -0.0523
vn -0.7557 -0.6544 -0.0252
vn 0.5165 0.7616 0.3913
vn -0.4948 0.6807 0.5402
vn -0.2426 0.2869 0.9267
vn 0.1604 0.0422 0.9862
vn 0.2956 -0.1248 0.9471
vn -0.3360 -0.7905 0.5121
vn 0.2463 -0.0988 0.9641
vn 0.5426 -0.7322 0.4115
vn -0.0383 -0.9046 0.4246
vn -0.8300 0.4983 -0.2506
vn -0.9421 -0.1891 -0.2770
vn -0.3158 0.8300 -0.4597
vn 0.5500 -0.7579 0.3509
vn -0.0733 -0.8702 -0.4872
vn 0.3980 0.7683 0.5012
vn -0.4950 0.3361 0.8013
vn 0.5232 0.6660 0.5317
vn 0.3742 0.6496 0.6619
vn -0.6649 0.4050 0.6277
vn 0.8099 0.5274 0.2569
vn -0.7146 0.4742 0.5144
vn 0.1493 -0.3492 0.9251
vn 0.2605 -0.6659 0.6991
vn -0.3428 -0.8477 0.4048
vn 0.8027 -0.5400 0.2529
vn -0.7552 -0.5642 -0.3338
vn -0.2828 -0.9414 0.1839
vn 0.8806 -0.3599 -0.3083
vn -0.4165 0.7687 -0.4853
vn 0.7213 -0.5333 -0.4420
vn -0.8102 0.3606 0.4621
vn -0.9010 -0.0712 0.4280
vn 0.8611 0.4472 0.2419
vn 0.4607 0.7473 0.4789
vn -0.4917 -0.8032 0.3362
vn -0.9731 -0.0375 0.2274
vn 0.7464 -0.6651 -0.0226
vn -0.7311 0.5309 -0.4286
vn -0.7871 0.5370 -0.3035
vn 0.4645 -0.0410 -0.8846
vn 0.5943 -0.7290 0.3398
vn -0.6717 -0.2379 -0.7016
vn 0.5308 -0.7389 0.4151
vn 0.8029 0.0817 0.5904
vn -0.5869 -0.3342 0.7374
vn 0.5461 0.8344 0.0752
vn 0.0057 0.7215 0.6924
vn 0.8486 -0.3666 0.3814
vn 0.7687 -0.5326 0.3542
vn -0.7065 0.6877 0.1669
vn -0.2865 0.4850 -0.8263
vn -0.5899 0.2307 0.7738
vn 0.3868 0.7668 0.5123
vn -0.0491 0.9890 0.1396
vn -0.4759 0.7160 0.5107
vn -0.2313 0.5469 0.8046
vn 0.1020 -0.5475 0.8306
vn 0.7444 -0.6223 -0.2422
vn -0.8758 -0.3184 0.3628
vn -0.8665 -0.1031 0.4885
vn 0.5316 -0.7801 -0.3299
vn 0.8766 -0.4241 0.2274
vn 0.7114 -0.2756 0.6465
vn 0.2361 0.6991 0.6750
vn 0.1299 -0.8320 0.5393
vn -0.7128 -0.2765 0.6446
vn 0.7753 -0.6266 -0.0796
vn -0.6025 0.3872 -0.6979
vn -0.7622 -0.4557 -0.4598
vn -0.6173 -0.3457 -0.7067
vn -0.2575 0.3391 0.9048
vn 0.3247 0.8209 0.4699
vn -0.3015 0.1773 0.9368
vn -0.0481 -0.3628 0.9306
vn 0.6635 0.7171 0.2133
vn -0.8078 -0.0592 0.5864
vn 0.2908 0.4222 0.8586
vn -0.2378 0.5829 0.7770
vn -0.3976 -0.8616 0.3155
vn 0.1045 -0.6948 0.7116
vn -0.3326 -0.1666 0.9282
vn 0.3198 -0.1080 0.9413
vn -0.7166 0.2975 0.6309
vn -0.3168 0.2672 -0.9101
vn 0.6281 0.3977 0.6688
vn -0.3382 0.2154 0.9161
vn -0.3460 0.4031 0.8472
vn -0.3630 0.5684 0.7383
vn 0.2479 -0.0066 0.9688
vn -0.0954 0.4820 0.8710
vn 0.5237 0.3597 0.7722
vn 0.6756 -0.6951 -0.2457
vn 0.9271 -0.1565 0.3405
vn -0.4715 -0.1806 0.8632
vn -0.0965 0.0614 0.9934
vn 0.0367 -0.1468 0.9885
vn 0.6104 -0.7591 0.2261
vn -0.4829 -0.1977 0.8530
vn 0.4465 -0.8300 -0.3343
vn -0.8091 -0.1194 -0.5754
vn -0.4263 0.1971 -0.8828
vn 0.1314 -0.2730 -0.9530
vn -0.8481 0.5296 0.0149
vn 0.5873 0.5799 0.5647
vn -0.2226 0.7872 0.5751
vn -0.7757 0.5237 0.3523
vn 0.9088 -0.2773 0.3119
vn -0.1894 0.0401 0.9811
vn 0.0191 0.6720 0.7403
vn 0.5294 0.8455 0.0690
vn -0.0686 -0.4094 0.9098
vn 0.3846 0.9009 0.2010
vn -0.1953 0.7182 0.6678
vn -0.2442 0.2361 0.9405
vn -0.8497 -0.1595 0.5025
vn 0.2773 -0.0976 0.9558
vn -0.1838 -0.5219 0.8330
vn -0.3888 -0.0779 0.9180
vn 0.5503 -0.7553 -0.3560
vn 0.8840 -0.4676 -0.0010
vn -0.8489 0.0266 -0.5279
vn -0.3395 0.3073 -0.8890
vn -0.1727 0.9791 -0.1073
vn -0.0696 0.9827 0.1717
vn -0.7972 0.5172 0.3115
vn 0.4446 0.8684 0.2197
vn -0.3411 0.9280 0.1500
vn -0.1893 0.1966 0.9620
vn -0.0640 -0.0554 0.9964
vn -0.3099 0.6884 0.6558
vn -0.2214 0.4858 0.8456
vn 0.0206 0.0512 0.9985
vn 0.0835 0.6110 0.7872
vn 0.3054 0.4809 0.8219
vn 0.1336 0.7008 0.7008
vn 0.1530 0.6459 0.7479
vn 0.1367 0.5806 0.8027
vn -0.1704 -0.8912 0.4203
vn 0.7766 -0.6059 -0.1724
vn -0.8386 0.0258 0.5441
vn -0.5481 -0.6293 0.5510
vn -0.8132 -0.5808 0.0363
vn -0.7155 0.5670 -0.4081
vn 0.9149 0.4019 0.0380
vn -0.2822 0.2814 0.9172
vn 0.1165 0.7493 0.6519
vn 0.1899 -0.9474 0.2577
vn 0.6996 -0.5984 0.3904
vn -0.7652 -0.1905 0.6149
vn 0.2754 -0.8704 -0.4081
vn -0.5254 -0.8038 0.2791
vn 0.6944 -0.6716 0.2585
vn -0.0508 0.9986 -0.0171
vn -0.6710 0.7038 0.2331
vn -0.2049 0.8302 0.5185
vn 0.9900 0.0001 0.1414
vn -0.9129 -0.0242 0.4075
vn -0.1531 -0.9447 0.2900
vn -0.6061 0.7503 0.2641
vn -0.6857 0.6567 0.3140
vn -0.5429 0.6777 0.4960
vn 0.6505 0.7572 -0.0598
vn -0.7785 -0.3997 0.4838
vn 0.9851 -0.0498 -0.1645
vn -0.9145 -0.3098 0.2603
vn 0.7914 -0.0461 0.6096
vn -0.9586 -0.1169 0.2596
vn 0.6753 -0.6874 0.2673
vn -0.7813 0.5658 0.2635
vn -0.0703 0.8880 0.4544
vn 0.1754 0.8247 0.5376
vn -0.2972 0.9541 0.0360
vn 0.6285 -0.7695 0.1133
vn 0.1918 -0.9281 -0.3193
vn 0.8658 -0.3236 0.3818
vn -0.6848 -0.4759 0.5519
vn 0.9670 0.2549 0.0039
vn 0.5628 0.8128 0.1504
vn -0.0504 0.9092 0.4133
vn 0.1205 0.8966 0.4262
vn -0.0923 -0.9103 0.4035
vn 0.2612 -0.7876 -0.5581
vn 0.7157 -0.6946 -0.0731
vn -0.3779 -0.7649 0.5217
vn -0.1275 -0.8007 0.5853
vn 0.7577 -0.5070 0.4108
vn -0.0777 0.7374 0.6710
vn 0.1722 0.8027 0.5710
vn -0.7713 0.5967 0.2213
vn 0.5876 0.7312 0.3465
vn 0.4274 0.9037 -0.0251
vn 0.0398 -0.8862 0.4616
vn -0.3984 -0.7743 0.4916
vn -0.8054 -0.1897 0.5616
vn 0.7774 -0.2492 -0.5776
vn 0.8385 -0.1196 0.5316
vn 0.6772 0.0381 0.7348
vn 0.7541 -0.2844 0.5919
vn -0.4485 0.8295 0.3328
vn 0.9009 -0.4298 0.0604
vn 0.8862 0.0755 -0.4572
vn -0.8111 -0.1639 0.5615
vn 0.1755 -0.9292 -0.3253
vn 0.9302 -0.1969 0.3098
vn -0.8744 -0.1443 0.4633
vn 0.9828 0.0573 0.1757
vn 0.7807 0.1030 0.6164
vn 0.7402 0.1549 0.6543
vn 0.8342 0.0851 0.5449
vn 0.6796 0.1698 0.7137
vn 0.7377 -0.1677 0.6540
vn 0.7069 0.0168 0.7071
vn 0.7283 -0.1016 0.6777
vn -0.4389 0.1272 0.8895
vn -0.3881 0.6692 0.6337
vn -0.3725 0.8089 0.4549
vn 0.1496 0.9151 0.3745
vn -0.0336 0.7714 0.6355
vn -0.8166 0.5542 0.1614
vn -0.2624 0.9632 -0.0591
vn -0.9721 -0.1778 0.1529
vn 0.3174 -0.6412 -0.6987
vn -0.3067 0.2244 0.9250
vn 0.7175 -0.0121 0.6964
vn -0.4074 -0.0533 0.9117
vn 0.7441 -0.5861 0.3207
vn 0.2016 -0.0207 0.9793
vn -0.2142 0.9698 0.1169
vn 0.7906 0.3701 0.4878
vn 0.7920 0.2865 0.5392
vn 0.8253 0.1685 0.5390
vn 0.5889 0.3092 0.7467
vn 0.0135 0.9323 0.3615
vn 0.3064 -0.7964 0.5215
vn 0.8845 -0.3111 0.3477
vn -0.6592 -0.1873 0.7282
vn 0.6817 -0.6561 0.3237
vn -0.7539 -0.1055 0.6485
vn 0.8589 0.2059 0.4689
vn -0.6593 0.6630 0.3545
vn 0.8269 0.2330 0.5118
vn -0.6603 0.7237 0.2006
vn 0.0291 0.8033 0.5949
vn -0.0617 0.8313 0.5524
vn -0.0613 -0.6377 0.7678
vn 0.4190 -0.9043 0.0816
vn 0.5152 -0.7816 0.3517
vn -0.2078 -0.2438 0.9473
vn -0.6531 -0.2447 0.7166
vn -0.7433 -0.5387 0.3966
vn 0.3070 -0.6928 0.6526
vn -0.3195 -0.1509 0.9355
vn 0.0400 -0.3667 0.9295
vn 0.2051 -0.0047 0.9787
vn 0.7158 -0.6342 0.2923
vn -0.3108 0.8643 -0.3954
vn 0.5735 0.8182 0.0397
vn -0.3931 -0.1540 0.9065
vn 0.2986 -0.4206 0.8567
vn 0.6517 0.1357 0.7463
vn -0.5607 -0.4253 0.7104
vn 0.1176 0.2550 0.9598
vn -0.7659 0.2700 0.5836
vn -0.5339 -0.5984 0.5974
vn -0.0222 -0.5017 0.8648
vn -0.4209 -0.4270 0.8003
vn 0.3719 -0.6296 0.6821
vn 0.2267 -0.5305 0.8168
vn -0.6833 -0.3187 0.6569
vn 0.2934 0.6339 0.7156
vn 0.6257 -0.0315 0.7794
vn 0.3451 -0.3938 0.8519
vn 0.8577 -0.0661 0.5098
vn 0.5290 0.0600 0.8465
vn -0.8558 -0.5131 0.0661
vn 0.1861 0.6008 0.7774
vn -0.3939 -0.5353 0.7472
vn 0.5859 -0.3648 0.7236
vn -0.1960 -0.5215 0.8304
vn -0.4399 0.7637 -0.4725
vn -0.3650 0.3456 0.8645
vn -0.0083 0.6763 0.7366
vn -0.5745 0.7728 0.2697
vn 0.1183 0.9892 0.0864
vn 0.0787 -0.4854 0.8707
vn 0.8910 0.4121 0.1905
vn -0.9374 -0.3323 0.1039
vn 0.9670 0.0905 0.2381
vn 0.2582 -0.5625 0.7854
vn -0.4339 -0.5188 0.7366
vn -0.9561 0.2927 -0.0106
vn -0.1321 0.8989 -0.4177
vn 0.5382 0.6523 0.5338
vn 0.4141 0.6345 0.6526
vn -0.4560 0.6671 0.5891
vn -0.3887 -0.6356 0.6671
vn 0.3060 -0.4351 0.8468
vn 0.7827 0.1902 0.5927
vn 0.0833 0.4175 0.9049
vn -0.5150 -0.8249 0.2332
vn 0.3758 -0.5545 0.7425
vn -0.5687 -0.6020 0.5606
vn -0.9346 0.2215 0.2783
vn -0.5927 -0.7460 0.3035
vn -0.5390 -0.8086 0.2359
vn -0.6094 -0.7617 0.2201
vn -0.6972 -0.6633 0.2721
vn 0.6341 -0.1050 0.7661
vn 0.5952 0.8035 0.0133
vn -0.7032 -0.6905 0.1699
vn 0.9543 0.2763 0.1140
vn 0.3085 -0.4078 0.8594
vn 0.9009 0.2203 0.3741
vn -0.5299 -0.2617 0.8066
vn -0.4538 0.7183 -0.5273
vn 0.4252 -0.5227 0.7389
vn -0.6294 -0.7356 0.2504
vn -0.9908 0.1065 0.0832
vn 0.9495 -0.1635 0.2679
vn 0.9518 0.2957 0.0819
vn 0.0358 -0.2503 0.9675
vn 0.1510 0.3827 0.9115
vn 0.3191 0.9261 -0.2011
vn -0.8647 0.0972 0.4929
vn -0.8775 0.4795 0.0047
vn 0.6303 0.7284 -0.2684
vn -0.1786 0.9584 0.2228
vn -0.5201 -0.6426 0.5626
vn 0.7008 -0.2491 0.6685
vn -0.7586 -0.1026 0.6434
vn 0.7931 0.0800 0.6038
vn 0.7441 0.6618 -0.0916
vn 0.6459 0.6451 0.4083
vn 0.7172 0.6505 -0.2501
vn 0.7519 0.6517 -0.1003
vn 0.7552 0.6378 -0.1511
vn -0.1071 -0.4895 0.8654
vn -0.3221 -0.4258 0.8456
vn -0.8962 0.0220 0.4431
vn 0.9730 0.1436 -0.1805
vn -0.5353 0.4623 0.7069
vn -0.3230 -0.2537 0.9117
vn 0.1850 0.0030 0.9827
vn -0.4105 -0.3995 0.8197
vn 0.2138 -0.1247 0.9689
vn 0.3474 -0.7248 0.5949
vn 0.5855 0.6091 0.5350
vn -0.0063 0.5964 0.8027
vn 0.7832 -0.2585 0.5655
vn 0.7729 0.3969 0.4950
vn 0.2382 -0.6262 0.7424
vn -0.5199 -0.4506 0.7257
vn -0.2385 0.0425 0.9702
vn 0.1493 0.4341 0.8884
s 1
usemtl 0xe542231
f 3//1 2//2 1//3
f 1//3 2//2 7//4
f 4//5 3//1 1//3
f 7//4 5//6 1//3
f 12//7 7//4 2//2
f 6//8 3//1 4//5
f 2//2 3//1 8//9
f 2//2 8//9 12//7
f 7//4 12//7 5//6
f 4//5 1//3 5//6
f 11//10 17//11 8//9
f 8//9 17//11 12//7
f 8//9 3//1 9//12
f 3//1 6//8 9//12
f 4//5 5//6 14//13
f 12//7 17//11 16//14
f 13//15 5//6 12//7
f 6//8 4//5 10//16
f 5//6 13//15 14//13
f 15//17 17//11 11//10
f 16//14 17//11 15//17
f 8//9 18//18 11//10
f 9//12 6//8 22//19
f 4//5 14//13 10//16
f 15//17 11//10 24//20
f 20//21 19//22 11//10
f 20//21 11//10 18//18
f 18//18 9//12 21//23
f 9//12 18//18 8//9
f 16//14 30//24 23//25
f 16//14 23//25 12//7
f 31//26 6//8 10//16
f 19//27 26//28 25//29
f 19//22 25//30 11//10
f 11//10 25//30 24//20
f 20//31 28//32 27//33
f 19//22 20//21 27//34
f 19//22 27//34 25//30
f 20//21 18//18 27//34
f 29//35 16//14 15//17
f 21//23 9//12 57//36
f 57//36 9//12 22//19
f 30//24 45//37 38//38
f 30//24 38//38 33//39
f 22//19 6//8 31//26
f 23//25 32//40 12//7
f 23//25 30//24 33//39
f 12//7 32//40 13//15
f 14//13 40//41 10//16
f 25//30 41//42 24//20
f 27//34 41//42 25//30
f 29//35 15//17 35//43
f 18//18 41//42 27//34
f 57//36 42//44 21//23
f 45//37 44//45 36//46
f 45//37 36//46 38//38
f 37//47 46//48 39//49
f 36//46 37//47 39//49
f 36//46 39//49 48//50
f 31//26 10//16 40//41
f 33//39 38//38 50//51
f 40//41 14//13 13//15
f 23//25 33//39 34//52
f 32//40 23//25 34//52
f 21//23 42//44 18//18
f 18//18 42//44 41//42
f 51//53 30//24 16//14
f 57//36 22//19 43//54
f 44//45 37//47 36//46
f 43//54 22//19 31//26
f 40//41 47//55 31//26
f 38//38 36//46 48//50
f 38//38 48//50 49//56
f 48//50 55//57 49//56
f 50//51 38//38 49//56
f 33//39 50//51 34//52
f 24//20 35//43 15//17
f 51//53 16//14 29//35
f 30//24 51//53 45//37
f 37//47 52//58 46//48
f 52//58 53//59 46//48
f 13//15 32//40 54//60
f 40//41 13//15 54//60
f 39//49 46//48 48//50
f 55//57 48//50 46//48
f 56//61 74//62 57//36
f 57//36 74//62 42//44
f 41//42 68//63 24//20
f 42//44 58//64 41//42
f 44//45 45//37 51//53
f 43//54 59//65 57//36
f 43//54 31//26 60//66
f 54//60 32//40 92//67
f 46//48 61//68 55//57
f 32//40 34//52 92//67
f 49//56 62//69 50//51
f 34//52 50//51 62//69
f 49//56 55//57 63//70
f 65//71 63//72 64//73
f 65//74 49//56 63//70
f 65//74 66//75 49//56
f 62//69 49//56 66//75
f 74//62 58//64 42//44
f 35//43 24//20 68//63
f 29//35 35//43 69//76
f 29//35 69//76 51//53
f 57//36 59//65 67//77
f 44//45 51//53 76//78
f 59//65 43//54 70//79
f 70//79 43//54 71//80
f 60//66 31//26 47//55
f 71//80 43//54 60//66
f 72//81 46//48 53//59
f 63//70 55//57 66//75
f 65//74 63//70 66//75
f 73//82 74//62 56//61
f 56//61 57//36 67//77
f 69//76 35//43 75//83
f 58//64 68//63 41//42
f 37//47 44//45 77//84
f 77//84 44//45 76//78
f 77//84 52//58 37//47
f 72//81 61//68 46//48
f 79//85 92//67 34//52
f 55//57 61//68 80//86
f 79//85 34//52 81//87
f 34//52 62//69 81//87
f 55//57 80//86 66//75
f 62//69 66//75 82//88
f 82//88 66//75 83//89
f 84//90 74//62 73//82
f 84//90 58//64 74//62
f 56//61 67//77 85//91
f 35//43 68//63 75//83
f 77//84 86//92 52//58
f 78//93 90//94 54//60
f 54//60 90//94 40//41
f 40//41 90//94 88//95
f 90//96 87//97 88//98
f 47//55 40//41 88//95
f 70//79 71//80 91//99
f 91//99 99//100 70//79
f 60//66 100//101 71//80
f 100//101 91//99 71//80
f 105//102 54//60 92//67
f 93//103 62//69 82//88
f 85//91 73//82 56//61
f 84//90 94//104 58//64
f 85//91 67//77 95//105
f 67//77 59//65 95//105
f 51//53 103//106 76//78
f 70//79 95//105 59//65
f 97//107 96//108 86//109
f 97//110 86//92 77//84
f 86//92 98//111 52//58
f 86//92 97//110 98//111
f 52//58 98//111 53//59
f 90//94 78//93 88//95
f 47//55 88//95 89//112
f 88//95 78//93 89//112
f 53//59 98//111 72//81
f 105//102 78//93 54//60
f 79//85 101//113 92//67
f 102//114 66//75 80//86
f 66//75 102//114 83//89
f 68//63 58//64 94//104
f 103//106 51//53 69//76
f 95//105 70//79 104//115
f 97//110 77//84 98//111
f 60//66 47//55 100//101
f 92//67 101//113 105//102
f 72//81 113//116 61//68
f 113//116 80//86 61//68
f 81//87 62//69 93//103
f 83//89 102//114 108//117
f 83//89 108//117 82//88
f 73//82 85//91 116//118
f 109//119 76//78 103//106
f 76//78 109//119 77//84
f 109//119 110//120 77//84
f 70//79 99//100 104//115
f 89//112 78//93 111//121
f 89//112 100//101 47//55
f 99//100 91//99 106//122
f 91//99 100//101 124//123
f 106//122 91//99 124//123
f 99//100 106//122 135//124
f 79//85 81//87 122//125
f 107//126 114//127 81//87
f 93//103 107//126 81//87
f 82//88 108//117 93//103
f 73//82 116//118 84//90
f 84//90 116//118 115//128
f 75//83 68//63 131//129
f 109//119 103//106 118//130
f 118//130 103//106 117//131
f 78//93 119//132 111//121
f 105//102 119//132 78//93
f 111//121 100//101 89//112
f 72//81 98//111 120//133
f 121//134 99//100 135//124
f 120//133 113//116 72//81
f 101//113 79//85 122//125
f 100//101 112//135 124//123
f 124//123 123//136 106//122
f 135//124 106//122 125//137
f 147//138 108//117 102//114
f 156//139 138//140 127//141
f 127//141 138//140 129//142
f 129//142 128//143 127//141
f 116//118 85//91 162//144
f 84//90 115//128 94//104
f 95//105 162//144 85//91
f 130//145 69//76 131//129
f 131//129 69//76 75//83
f 69//76 130//145 103//106
f 118//130 117//131 132//146
f 118//130 133//147 109//119
f 133//147 110//120 109//119
f 134//148 118//130 132//146
f 77//84 110//120 98//111
f 118//130 134//148 133//147
f 98//111 110//120 120//133
f 106//122 123//136 125//137
f 81//87 114//127 122//125
f 123//136 124//123 126//149
f 114//127 107//126 148//150
f 108//117 147//138 136//151
f 108//117 136//151 93//103
f 148//150 107//126 137//152
f 156//139 127//141 157//153
f 187//154 162//144 95//105
f 139//155 131//129 68//63
f 94//104 139//155 68//63
f 130//145 140//156 103//106
f 103//106 140//156 117//131
f 120//133 110//120 142//157
f 142//157 110//120 133//147
f 133//147 134//148 143//158
f 99//100 121//134 144//159
f 121//134 135//124 144//159
f 135//124 125//137 168//160
f 124//123 112//135 145//161
f 122//125 114//127 146//162
f 124//123 145//161 170//163
f 170//163 126//149 124//123
f 147//138 102//114 80//86
f 146//162 114//127 148//150
f 93//103 136//151 149//164
f 107//126 93//103 150//165
f 107//126 150//165 137//152
f 153//166 172//167 152//168
f 153//166 154//169 172//167
f 155//170 154//169 153//166
f 158//171 200//172 175//173
f 157//153 127//141 159//174
f 159//174 127//141 128//143
f 138//140 178//175 160//176
f 160//176 129//142 138//140
f 129//142 160//176 181//177
f 128//143 129//142 181//177
f 162//144 115//128 116//118
f 94//104 115//128 163//178
f 164//179 94//104 163//178
f 95//105 165//180 187//154
f 104//115 99//100 166//181
f 99//100 141//182 166//181
f 119//132 105//102 167//183
f 141//182 99//100 144//159
f 143//158 142//157 133//147
f 208//184 112//135 100//101
f 144//159 135//124 168//160
f 142//157 113//116 120//133
f 80//86 113//116 142//157
f 169//185 80//86 142//157
f 169//185 147//138 80//86
f 151//186 148//150 137//152
f 151//186 137//152 196//187
f 172//167 171//188 152//168
f 197//189 151//186 196//187
f 151//186 197//189 173//190
f 174//191 153//166 199//192
f 174//191 155//170 153//166
f 199//192 200//172 158//171
f 158//171 174//191 199//192
f 156//139 157//153 176//193
f 156//139 176//193 177//194
f 138//140 156//139 177//194
f 178//175 138//140 177//194
f 180//195 179//196 128//143
f 181//177 180//195 128//143
f 182//197 183//198 161//199
f 204//200 161//199 183//198
f 184//201 161//199 204//200
f 182//197 161//199 185//202
f 186//203 185//202 161//199
f 186//203 161//199 184//201
f 162//144 163//178 115//128
f 163//178 162//144 187//154
f 188//204 139//155 94//104
f 94//104 164//179 188//204
f 95//105 189//205 165//180
f 104//115 189//205 95//105
f 140//156 132//146 117//131
f 190//206 111//121 119//132
f 191//207 119//132 167//183
f 100//101 111//121 208//184
f 105//102 101//113 167//183
f 167//183 101//113 192//208
f 101//113 122//125 192//208
f 146//162 192//208 122//125
f 145//161 193//209 194//210
f 145//161 194//210 170//163
f 150//165 93//103 149//164
f 194//210 213//211 214//212
f 213//211 148//150 151//186
f 213//211 151//186 195//213
f 152//168 198//214 153//166
f 153//166 198//214 199//192
f 173//190 197//189 217//215
f 242//216 200//172 199//192
f 201//217 174//191 158//171
f 159//174 128//143 179//196
f 175//173 223//218 158//171
f 201//217 158//171 223//218
f 180//219 202//220 203//221
f 180//195 203//222 179//196
f 180//195 181//177 203//222
f 185//202 186//203 206//223
f 206//223 205//224 185//202
f 227//225 131//129 139//155
f 188//204 164//179 163//178
f 132//146 207//226 134//148
f 191//207 190//206 119//132
f 208//184 111//121 303//227
f 143//158 134//148 207//226
f 142//157 143//158 209//228
f 145//161 112//135 208//184
f 193//209 210//229 194//210
f 126//149 212//230 123//136
f 212//230 231//231 123//136
f 126//149 170//163 212//230
f 194//210 210//229 213//211
f 170//163 194//210 214//212
f 149//164 136//151 215//232
f 214//212 213//211 195//213
f 137//152 150//165 196//187
f 214//212 195//213 216//233
f 196//187 240//234 197//189
f 198//214 152//168 237//235
f 151//186 173//190 195//213
f 199//192 198//214 242//216
f 174//191 218//236 155//170
f 219//237 173//190 217//215
f 222//238 176//193 157//153
f 157//153 159//174 222//238
f 221//239 175//173 200//172
f 175//173 221//239 223//218
f 179//196 203//222 246//240
f 203//222 181//177 246//240
f 182//197 224//241 183//198
f 182//197 185//202 225//242
f 185//202 205//224 226//243
f 184//201 248//244 186//203
f 228//245 130//145 227//225
f 227//225 130//145 131//129
f 165//180 163//178 187//154
f 130//145 228//245 140//156
f 139//155 188//204 229//246
f 104//115 166//181 189//205
f 207//226 256//247 143//158
f 142//157 209//228 169//185
f 125//137 123//136 231//231
f 125//137 231//231 259//248
f 259//248 168//160 125//137
f 234//249 211//250 232//251
f 234//252 233//253 211//254
f 233//253 170//163 211//254
f 212//230 170//163 233//253
f 210//229 146//162 213//211
f 213//211 146//162 148//150
f 211//254 170//163 234//252
f 136//151 147//138 235//255
f 215//232 136//151 235//255
f 171//188 237//235 152//168
f 171//188 172//167 236//256
f 172//167 238//257 236//256
f 150//165 240//234 196//187
f 239//258 214//212 216//233
f 172//167 154//169 238//257
f 150//165 263//259 240//234
f 239//258 216//233 195//213
f 198//214 239//258 242//216
f 241//260 197//189 240//234
f 197//189 241//260 217//215
f 219//237 267//261 173//190
f 200//172 242//216 221//239
f 270//262 177//194 268//263
f 176//193 268//263 177//194
f 220//264 174//191 201//217
f 270//262 244//265 177//194
f 177//194 245//266 178//175
f 271//267 201//217 273//268
f 223//218 273//268 201//217
f 160//176 247//269 181//177
f 182//197 225//242 224//241
f 225//242 185//202 226//243
f 248//244 184//201 204//200
f 186//203 248//244 249//270
f 206//223 186//203 250//271
f 139//155 251//272 227//225
f 253//273 140//156 228//245
f 188//204 163//178 252//274
f 188//204 252//274 229//246
f 189//205 298//275 165//180
f 132//146 140//156 253//273
f 144//159 230//276 141//182
f 141//182 230//276 254//277
f 144//159 168//160 230//276
f 230//276 168//160 257//278
f 169//185 209//228 281//279
f 192//208 258//280 167//183
f 208//184 193//209 145//161
f 258//280 210//229 193//209
f 352//281 147//138 169//185
f 352//281 261//282 147//138
f 170//163 262//283 234//252
f 262//283 233//253 234//252
f 147//138 261//282 235//255
f 214//212 262//283 170//163
f 171//188 330//284 237//235
f 171//188 236//256 330//284
f 150//165 286//285 263//259
f 285//286 239//258 198//214
f 285//286 198//214 237//235
f 238//257 154//169 264//287
f 265//288 239//258 195//213
f 195//213 173//190 267//261
f 289//289 221//239 242//216
f 174//191 220//264 218//236
f 268//263 176//193 222//238
f 159//174 269//290 222//238
f 245//266 270//262 268//263
f 270//262 245//266 244//265
f 270//291 244//292 243//293
f 244//265 245//266 177//194
f 221//239 272//294 223//218
f 274//295 246//240 181//177
f 247//269 274//295 181//177
f 186//203 249//270 250//271
f 275//296 205//224 206//223
f 251//297 277//298 276//299
f 251//272 276//300 227//225
f 251//272 139//155 276//300
f 165//180 318//301 163//178
f 166//181 300//302 189//205
f 278//303 207//226 132//146
f 166//181 141//182 254//277
f 190//206 303//227 111//121
f 143//158 280//304 209//228
f 143//158 256//247 280//304
f 167//183 279//305 191//207
f 279//305 167//183 258//280
f 304//306 258//280 193//209
f 208//184 304//306 193//209
f 260//307 282//308 305//309
f 192//208 146//162 258//280
f 210//229 258//280 146//162
f 305//309 283//310 260//307
f 260//307 283//310 284//311
f 262//283 214//212 285//286
f 215//232 150//165 149//164
f 215//232 286//285 150//165
f 239//258 285//286 214//212
f 263//259 308//312 240//234
f 154//169 266//313 264//287
f 195//213 267//261 265//288
f 308//312 241//260 240//234
f 239//258 265//288 242//216
f 266//313 154//169 155//170
f 242//216 265//288 289//289
f 155//170 218//236 266//313
f 222//238 288//314 268//263
f 269//290 159//174 179//196
f 272//294 221//239 290//315
f 201//217 271//267 220//264
f 246//240 269//290 179//196
f 274//316 292//317 293//318
f 274//295 293//319 246//240
f 291//320 271//267 273//268
f 274//295 247//269 293//319
f 160//176 178//175 294//321
f 314//322 273//268 295//323
f 291//320 273//268 314//322
f 296//324 183//198 224//241
f 183//198 296//324 204//200
f 275//296 206//223 250//271
f 227//225 276//300 297//325
f 139//155 297//325 276//300
f 252//274 163//178 318//301
f 229//246 297//325 139//155
f 318//301 165//180 298//275
f 298//275 189//205 300//302
f 320//326 347//327 299//328
f 132//146 253//273 301//329
f 166//181 322//330 300//302
f 132//146 301//329 278//303
f 166//181 254//277 322//330
f 303//227 190//206 302//331
f 190//206 191//207 302//331
f 209//228 255//332 350//333
f 255//332 209//228 280//304
f 208//184 303//227 304//306
f 302//331 191//207 279//305
f 230//276 257//278 323//334
f 209//228 350//333 281//279
f 302//331 279//305 304//306
f 259//248 378//335 168//160
f 168//160 378//335 257//278
f 281//279 352//281 169//185
f 304//306 279//305 258//280
f 282//308 260//307 324//336
f 324//336 260//307 325//337
f 259//248 231//231 306//338
f 233//253 328//339 212//230
f 285//286 233//253 262//283
f 330//284 236//256 307//340
f 285//286 237//235 330//284
f 238//257 307//340 236//256
f 286//285 333//341 263//259
f 308//312 263//259 333//341
f 218//236 309//342 266//313
f 217//215 241//260 310//343
f 309//342 218//236 287//344
f 268//263 288//314 311//345
f 217//215 310//343 219//237
f 311//345 312//346 268//263
f 289//289 290//315 221//239
f 268//263 312//346 245//266
f 312//346 313//347 245//266
f 223//218 338//348 273//268
f 246//240 293//319 387//349
f 293//319 247//269 387//349
f 160//176 294//321 247//269
f 315//350 314//322 295//323
f 225//242 226//243 341//351
f 226//243 205//224 341//351
f 249//270 316//352 250//271
f 317//353 228//245 227//225
f 252//274 318//301 365//354
f 298//275 300//302 346//355
f 299//328 347//327 371//356
f 230//276 323//334 254//277
f 280//304 348//357 255//332
f 303//227 302//331 304//306
f 378//335 259//248 306//338
f 305//309 282//308 400//358
f 325//337 260//307 381//359
f 261//282 352//281 326//360
f 212//230 327//361 231//231
f 212//230 328//339 327//361
f 328//339 233//253 285//286
f 329//362 328//339 330//284
f 328//339 285//286 330//284
f 332//363 286//285 215//232
f 307//340 238//257 331//364
f 423//365 331//364 238//257
f 264//287 423//365 238//257
f 332//363 333//341 286//285
f 335//366 309//367 334//368
f 335//369 266//313 309//342
f 309//342 287//344 335//369
f 287//344 218//236 220//264
f 336//370 220//264 337//371
f 271//267 337//371 220//264
f 272//294 338//348 223//218
f 313//347 178//175 245//266
f 294//321 178//175 313//347
f 273//268 338//348 339//372
f 273//268 339//372 295//323
f 295//323 339//372 389//373
f 225//242 362//374 224//241
f 296//324 340//375 204//200
f 362//374 225//242 341//351
f 340//375 248//244 204//200
f 340//375 249//270 248//244
f 341//351 205//224 392//376
f 205//224 275//296 392//376
f 250//271 342//377 275//296
f 343//378 344//379 316//352
f 344//379 250//271 316//352
f 228//245 317//353 319//380
f 319//380 345//381 228//245
f 343//378 320//326 344//379
f 297//325 229//246 369//382
f 299//328 344//379 320//326
f 228//245 345//381 253//273
f 299//328 321//383 344//379
f 345//381 301//329 253//273
f 371//356 347//327 370//384
f 207//226 278//303 256//247
f 322//330 254//277 323//334
f 375//385 255//332 348//357
f 255//332 375//385 350//333
f 349//386 418//387 324//336
f 325//337 349//386 324//336
f 325//337 351//388 349//386
f 400//358 282//308 324//336
f 350//333 352//281 281//279
f 378//335 306//338 398//389
f 306//338 231//231 380//390
f 260//307 284//311 381//359
f 353//391 283//310 305//309
f 284//311 283//310 355//392
f 326//360 235//255 261//282
f 329//362 327//361 328//339
f 307//340 329//362 330//284
f 357//393 308//312 333//341
f 241//260 308//312 357//393
f 358//394 267//261 219//237
f 359//395 289//289 265//288
f 335//369 356//396 266//313
f 287//344 356//396 335//369
f 222//238 385//397 288//314
f 287//344 220//264 336//370
f 313//347 312//346 406//398
f 290//315 386//399 272//294
f 271//267 291//320 337//371
f 291//320 314//322 337//371
f 337//371 314//322 428//400
f 314//322 315//350 360//401
f 315//350 295//323 361//402
f 361//402 295//323 389//373
f 296//324 224//241 362//374
f 340//375 363//403 249//270
f 316//352 249//270 363//403
f 343//378 316//352 364//404
f 250//271 366//405 342//377
f 365//354 367//406 393//407
f 250//271 344//379 366//405
f 367//406 365//354 318//301
f 297//325 368//408 317//353
f 297//325 317//353 227//225
f 298//275 367//406 318//301
f 365//354 369//382 229//246
f 252//274 365//354 229//246
f 321//383 366//405 344//379
f 370//384 347//327 320//326
f 299//328 372//409 321//383
f 371//356 372//409 299//328
f 322//330 323//334 370//384
f 373//410 371//356 323//334
f 280//304 376//411 348//357
f 377//412 256//247 278//303
f 374//413 418//387 349//386
f 280//304 377//412 376//411
f 280//304 256//247 377//412
f 257//278 378//335 379//414
f 381//359 351//388 325//337
f 398//389 306//338 380//390
f 231//231 327//361 380//390
f 353//391 305//309 382//415
f 354//416 381//359 284//311
f 283//310 353//391 355//392
f 354//416 284//311 355//392
f 326//360 215//232 235//255
f 215//232 326//360 401//417
f 215//232 401//417 384//418
f 307//340 331//364 383//419
f 215//232 384//418 332//363
f 265//288 267//261 358//394
f 219//237 310//343 455//420
f 288//314 385//397 311//345
f 311//345 424//421 312//346
f 269//290 385//397 222//238
f 405//422 406//398 312//346
f 313//347 388//423 294//321
f 314//322 360//401 428//400
f 296//324 362//374 390//424
f 341//351 433//425 362//374
f 341//351 391//426 433//425
f 341//351 392//376 391//426
f 316//352 363//403 364//404
f 275//296 342//377 392//376
f 393//407 438//427 365//354
f 297//325 369//382 368//408
f 394//428 320//326 343//378
f 370//384 320//326 394//428
f 345//381 505//429 301//329
f 371//356 370//384 323//334
f 371//356 396//430 372//409
f 301//329 377//412 278//303
f 371//356 373//410 396//430
f 398//389 399//431 378//335
f 323//334 257//278 379//414
f 373//410 323//334 379//414
f 418//387 400//358 324//336
f 399//431 379//414 378//335
f 397//432 349//386 351//388
f 350//333 474//433 352//281
f 382//415 305//309 400//358
f 307//340 383//419 329//362
f 264//287 266//313 356//396
f 402//434 357//393 333//341
f 265//288 358//394 359//395
f 455//420 358//394 219//237
f 385//397 403//435 311//345
f 426//436 310//343 241//260
f 385//397 269//290 404//437
f 290//315 289//289 386//399
f 312//346 424//421 405//422
f 387//349 269//290 246//240
f 272//294 386//399 407//438
f 428//400 405//422 337//371
f 338//348 272//294 407//438
f 313//347 406//398 388//423
f 294//321 388//423 247//269
f 315//350 361//402 408//439
f 410//440 433//425 391//426
f 412//441 391//426 392//376
f 412//441 392//376 413//442
f 366//405 414//443 342//377
f 365//354 438//427 369//382
f 345//381 319//380 415//444
f 367//406 298//275 416//445
f 346//355 416//445 298//275
f 366//405 321//383 417//446
f 394//428 442//447 370//384
f 346//355 300//302 441//448
f 321//383 372//409 417//446
f 322//330 443//449 300//302
f 370//384 443//449 322//330
f 395//450 348//357 376//411
f 301//329 376//411 377//412
f 348//357 395//450 375//385
f 418//387 372//409 396//430
f 397//432 374//413 349//386
f 400//358 396//430 373//410
f 418//387 396//430 400//358
f 375//385 419//451 350//333
f 474//433 350//333 419//451
f 420//452 398//389 380//390
f 382//415 400//358 491//453
f 329//362 421//454 327//361
f 353//391 422//455 355//392
f 329//362 383//419 421//454
f 383//419 331//364 515//456
f 422//455 331//364 423//365
f 333//341 332//363 402//434
f 424//421 264//287 356//396
f 385//397 425//457 403//435
f 241//260 357//393 426//436
f 359//395 427//458 289//289
f 356//396 287//344 336//370
f 424//421 356//396 336//370
f 289//289 427//458 386//399
f 424//421 336//370 405//422
f 405//422 336//370 337//371
f 481//459 269//290 387//349
f 406//398 405//422 428//400
f 481//459 247//269 388//423
f 387//349 247//269 481//459
f 338//348 407//438 339//372
f 360//401 315//350 408//439
f 339//372 429//460 389//373
f 430//461 361//402 389//373
f 501//462 432//463 409//464
f 501//462 409//464 431//465
f 432//463 434//466 409//464
f 431//465 409//464 411//467
f 409//464 434//466 435//468
f 435//468 411//467 409//464
f 391//426 435//468 434//466
f 340//375 436//469 363//403
f 438//427 393//407 463//470
f 364//404 437//471 343//378
f 437//471 439//472 343//378
f 414//443 366//405 440//473
f 369//382 438//427 535//474
f 369//382 535//474 368//408
f 343//378 439//472 394//428
f 366//405 417//446 440//473
f 300//302 442//447 441//448
f 442//447 443//449 370//384
f 444//475 417//446 372//409
f 372//409 418//387 466//476
f 419//451 375//385 445//477
f 446//478 399//431 398//389
f 352//281 474//433 447//479
f 326//360 352//281 447//479
f 380//390 327//361 449//480
f 353//391 382//415 515//456
f 326//360 448//481 450//482
f 327//361 421//454 449//480
f 353//391 515//456 422//455
f 422//455 515//456 331//364
f 326//360 450//482 401//417
f 383//419 451//483 421//454
f 355//392 452//484 354//416
f 423//365 264//287 453//485
f 384//418 402//434 332//363
f 264//287 424//421 453//485
f 424//421 311//345 454//486
f 385//397 404//437 425//457
f 456//487 406//398 428//400
f 428//400 360//401 482//488
f 361//402 430//461 483//489
f 408//439 361//402 483//489
f 389//373 429//460 430//461
f 459//490 528//491 458//492
f 458//492 501//462 431//465
f 459//490 458//492 431//465
f 362//374 485//493 390//424
f 433//425 485//493 362//374
f 432//463 410//440 434//466
f 390//424 460//494 296//324
f 296//324 460//494 340//375
f 434//466 410//440 391//426
f 460//494 436//469 340//375
f 391//426 412//441 435//468
f 461//495 392//376 342//377
f 462//496 415//444 319//380
f 319//380 317//353 462//496
f 367//406 416//445 393//407
f 393//407 416//445 463//470
f 368//408 464//497 317//353
f 368//408 535//474 464//497
f 441//448 416//445 346//355
f 300//302 443//449 442//447
f 505//429 465//498 301//329
f 301//329 465//498 376//411
f 488//499 395//450 376//411
f 444//475 372//409 466//476
f 374//413 466//476 418//387
f 395//450 467//500 375//385
f 469//501 446//502 468//503
f 469//504 399//431 446//478
f 445//477 470//505 419//451
f 446//478 398//389 469//504
f 379//414 399//431 471//506
f 473//507 470//508 472//509
f 473//510 419//451 470//505
f 373//410 379//414 471//506
f 473//510 474//433 419//451
f 373//410 471//506 491//453
f 491//453 400//358 373//410
f 351//388 381//359 475//511
f 491//453 492//512 382//415
f 477//513 492//514 476//515
f 477//516 382//415 492//512
f 326//360 447//479 448//481
f 382//415 511//517 515//456
f 355//392 422//455 519//518
f 452//484 355//392 519//518
f 519//518 422//455 423//365
f 519//518 423//365 453//485
f 454//486 453//485 424//421
f 454//486 311//345 495//519
f 479//520 359//395 358//394
f 403//435 495//519 311//345
f 478//521 425//457 404//437
f 455//420 310//343 426//436
f 404//437 481//459 480//522
f 269//290 481//459 404//437
f 428//400 457//523 456//487
f 406//398 456//487 500//524
f 406//398 500//524 388//423
f 457//523 428//400 482//488
f 360//401 408//439 482//488
f 339//372 407//438 429//460
f 484//525 458//492 528//491
f 484//525 501//462 458//492
f 431//465 529//526 459//490
f 410//440 432//463 533//527
f 435//468 486//528 411//467
f 364//404 363//403 437//471
f 437//471 363//403 436//469
f 487//529 412//441 413//442
f 392//376 461//495 487//529
f 413//442 392//376 487//529
f 342//377 414//443 461//495
f 345//381 415//444 567//530
f 317//353 464//497 462//496
f 445//477 375//385 467//500
f 351//388 508//531 397//432
f 398//389 489//532 469//504
f 399//431 469//504 489//532
f 490//533 508//531 351//388
f 470//505 445//477 473//510
f 420//452 489//532 398//389
f 445//477 474//433 473//510
f 474//433 445//477 510//534
f 492//512 491//453 511//517
f 492//512 511//517 477//516
f 511//517 382//415 477//516
f 381//359 354//416 516//535
f 452//484 516//535 354//416
f 383//419 515//456 451//483
f 450//482 384//418 401//417
f 450//482 493//536 384//418
f 519//518 494//537 452//484
f 384//418 493//536 402//434
f 425//457 478//521 494//537
f 403//435 425//457 495//519
f 494//537 495//519 425//457
f 358//394 455//420 479//520
f 402//434 496//538 357//393
f 497//539 357//393 496//538
f 427//458 359//395 479//520
f 426//436 357//393 497//539
f 407//438 386//399 499//540
f 408//439 527//541 482//488
f 483//489 527//541 408//439
f 532//542 390//424 485//493
f 431//465 411//467 531//543
f 531//543 411//467 486//528
f 435//468 412//441 486//528
f 412//441 487//529 502//544
f 437//471 504//545 439//472
f 505//429 345//381 567//530
f 504//545 394//428 439//472
f 414//443 440//473 506//546
f 506//546 440//473 417//446
f 488//499 376//411 465//498
f 488//499 467//500 395//450
f 466//476 374//413 507//547
f 374//413 397//432 508//531
f 445//477 509//548 510//534
f 491//453 471//506 511//517
f 512//549 447//479 474//433
f 420//452 380//390 513//550
f 474//433 510//534 514//551
f 381//359 516//535 475//511
f 447//479 542//552 448//481
f 421//454 517//553 449//480
f 518//554 548//555 452//484
f 494//537 518//554 452//484
f 453//485 454//486 519//518
f 454//486 495//519 519//518
f 518//554 494//537 478//521
f 521//556 522//557 496//558
f 521//559 496//538 402//434
f 498//560 479//520 455//420
f 404//437 520//561 478//521
f 496//538 521//559 497//539
f 426//436 523//562 455//420
f 498//560 455//420 523//562
f 523//562 426//436 497//539
f 550//563 499//540 427//458
f 427//458 499//540 386//399
f 481//459 388//423 525//564
f 525//564 388//423 500//524
f 527//541 526//565 524//566
f 527//541 483//489 555//567
f 528//491 459//490 529//526
f 530//568 432//463 501//462
f 530//568 533//527 432//463
f 431//465 531//543 529//526
f 410//440 533//527 433//425
f 532//542 460//494 390//424
f 460//494 534//569 436//469
f 486//528 412//441 502//544
f 414//443 503//570 461//495
f 463//470 568//571 438//427
f 567//530 415//444 595//572
f 464//497 535//474 562//573
f 538//574 394//428 504//545
f 537//575 441//448 442//447
f 394//428 538//574 442//447
f 442//447 538//574 537//575
f 506//546 417//446 539//576
f 539//576 444//475 466//476
f 471//506 399//431 540//577
f 489//532 420//452 513//550
f 540//577 511//517 471//506
f 475//511 490//533 351//388
f 541//578 510//534 509//548
f 510//534 541//578 514//551
f 514//551 512//549 474//433
f 447//479 512//549 542//552
f 380//390 449//480 513//550
f 513//550 449//480 543//579
f 542//552 544//580 448//481
f 545//581 517//582 546//583
f 545//584 449//480 517//553
f 517//553 421//454 545//584
f 452//484 548//555 516//535
f 450//482 448//481 544//580
f 549//585 518//554 478//521
f 493//536 578//586 402//434
f 519//518 495//519 494//537
f 607//587 521//559 402//434
f 497//539 521//559 607//587
f 479//520 498//560 550//563
f 551//588 404//437 480//522
f 498//560 523//562 552//589
f 550//563 498//560 552//589
f 553//590 552//589 523//562
f 611//591 553//590 523//562
f 480//522 481//459 525//564
f 550//563 613//592 499//540
f 554//593 581//594 524//566
f 524//566 526//565 554//593
f 526//565 527//541 555//567
f 527//541 524//566 482//488
f 556//595 557//596 407//438
f 407//438 557//596 429//460
f 555//567 483//489 557//596
f 430//461 429//460 557//596
f 483//489 430//461 557//596
f 616//597 585//598 559//599
f 559//599 585//598 587//600
f 560//601 501//462 484//525
f 436//469 534//569 437//471
f 462//496 594//602 415//444
f 487//529 461//495 561//603
f 463//470 563//604 568//571
f 565//605 564//606 563//607
f 565//608 563//604 463//470
f 463//470 416//445 565//608
f 562//573 462//496 464//497
f 568//571 535//474 438//427
f 567//530 623//609 566//610
f 437//471 622//611 504//545
f 416//445 569//612 536//613
f 416//445 441//448 569//612
f 567//530 596//614 505//429
f 505//429 596//614 570//615
f 417//446 444//475 539//576
f 570//615 465//498 505//429
f 465//498 570//615 488//499
f 466//476 507//547 539//576
f 572//616 467//500 488//499
f 571//617 572//616 488//499
f 509//548 445//477 573//618
f 467//500 574//619 445//477
f 540//577 598//620 511//517
f 511//517 598//620 515//456
f 598//620 547//621 515//456
f 545//584 543//579 449//480
f 421//454 543//579 545//584
f 421//454 575//622 543//579
f 451//483 575//622 421//454
f 451//483 547//621 575//622
f 547//621 451//483 515//456
f 493//536 450//482 576//623
f 578//586 607//587 402//434
f 497//539 607//587 579//624
f 427//458 479//520 550//563
f 580//625 552//589 553//590
f 611//591 523//562 497//539
f 526//565 612//626 554//593
f 611//591 583//627 553//590
f 582//628 524//566 581//594
f 525//564 500//524 584//629
f 612//626 526//565 555//567
f 582//628 482//488 524//566
f 407//438 499//540 614//630
f 457//523 482//488 615//631
f 457//523 615//631 456//487
f 558//632 616//597 559//599
f 559//599 586//633 558//632
f 484//525 588//634 560//601
f 528//491 588//634 484//525
f 589//635 528//491 529//526
f 589//635 529//526 590//636
f 591//637 532//542 705//638
f 705//638 532//542 485//493
f 486//528 592//639 620//640
f 593//641 461//495 503//570
f 594//602 595//572 415//444
f 462//496 562//573 594//602
f 567//530 595//572 623//609
f 563//604 625//642 568//571
f 565//608 625//642 563//604
f 625//642 565//608 416//445
f 625//642 416//445 626//643
f 623//609 624//644 566//610
f 535//474 713//645 562//573
f 626//643 416//445 536//613
f 414//443 506//546 503//570
f 566//610 596//614 567//530
f 441//448 537//575 569//612
f 570//615 571//617 488//499
f 508//531 507//547 374//413
f 665//646 509//548 573//618
f 445//477 574//619 573//618
f 597//647 399//431 489//532
f 540//577 399//431 597//647
f 541//578 509//548 665//646
f 516//535 631//648 475//511
f 541//578 599//649 514//551
f 514//551 599//649 512//549
f 542//552 669//650 544//580
f 633//651 516//535 548//555
f 450//482 544//580 600//652
f 576//623 450//482 600//652
f 668//653 577//654 601//655
f 577//654 668//653 634//656
f 604//657 635//658 577//654
f 604//659 606//660 605//661
f 604//657 577//654 606//662
f 602//663 606//662 577//654
f 549//585 603//664 518//554
f 549//585 478//521 608//665
f 478//521 520//561 608//665
f 609//666 608//665 520//561
f 404//437 610//667 520//561
f 404//437 551//588 610//667
f 550//563 552//589 580//625
f 480//522 525//564 551//588
f 550//563 580//625 613//592
f 583//627 580//625 553//590
f 614//630 499//540 613//592
f 582//628 615//631 482//488
f 500//524 456//487 615//631
f 407//438 614//630 556//595
f 616//597 617//668 585//598
f 586//633 655//669 558//632
f 586//633 559//599 587//600
f 589//635 588//634 528//491
f 530//568 501//462 560//601
f 618//670 705//638 485//493
f 485//493 433//425 618//670
f 618//670 433//425 619//671
f 533//527 619//671 433//425
f 529//526 531//543 590//636
f 591//637 460//494 532//542
f 486//528 620//640 531//543
f 502//544 592//639 486//528
f 437//471 661//672 622//611
f 534//569 661//672 437//471
f 502//544 487//529 621//673
f 461//495 593//641 561//603
f 621//673 487//529 561//603
f 594//602 663//674 595//572
f 569//612 687//675 536//613
f 569//612 537//575 627//676
f 506//546 539//576 628//677
f 570//615 629//678 571//617
f 507//547 508//531 630//679
f 467//500 572//616 574//619
f 490//533 630//679 508//531
f 490//533 631//648 630//679
f 513//550 632//680 489//532
f 665//646 716//681 541//578
f 631//648 490//533 475//511
f 513//550 543//579 632//680
f 631//648 516//535 633//651
f 541//578 717//682 599//649
f 667//683 668//653 601//655
f 601//655 577//654 635//658
f 578//586 493//536 576//623
f 577//654 634//656 602//663
f 603//684 637//685 636//686
f 518//554 603//664 636//687
f 603//664 549//585 636//687
f 638//688 635//658 604//657
f 640//689 639//690 638//691
f 606//662 640//692 638//688
f 606//662 638//688 604//657
f 640//692 606//662 602//663
f 609//666 643//693 608//665
f 579//624 607//587 642//694
f 609//666 520//561 610//667
f 609//666 610//667 643//693
f 609//695 643//696 641//697
f 611//591 497//539 579//624
f 612//626 644//698 554//593
f 554//593 644//698 581//594
f 645//699 582//628 581//594
f 646//700 551//588 525//564
f 525//564 584//629 647//701
f 525//564 647//701 674//702
f 649//703 674//704 648//705
f 649//706 525//564 674//702
f 649//706 650//707 525//564
f 650//707 646//700 525//564
f 584//629 500//524 651//708
f 556//595 614//630 676//709
f 615//631 678//710 653//711
f 652//712 653//713 678//714
f 651//708 615//631 653//711
f 500//524 615//631 651//708
f 557//596 556//595 654//715
f 555//567 557//596 654//715
f 616//597 558//632 655//669
f 617//668 656//716 585//598
f 657//717 655//669 586//633
f 585//598 656//716 587//600
f 658//718 586//633 587//600
f 659//719 589//635 590//636
f 533//527 530//568 619//671
f 460//494 591//637 660//720
f 660//720 661//672 460//494
f 460//494 661//672 534//569
f 621//673 592//639 502//544
f 503//570 662//721 593//641
f 624//644 623//609 710//722
f 663//674 685//723 595//572
f 568//571 713//645 535//474
f 503//570 506//546 662//721
f 625//642 626//643 664//724
f 686//725 566//610 624//644
f 596//614 566//610 778//726
f 596//614 778//726 629//678
f 629//678 570//615 596//614
f 690//727 573//618 689//728
f 573//618 690//727 665//646
f 597//647 489//532 632//680
f 540//577 597//647 598//620
f 541//578 716//681 717//682
f 547//621 598//620 666//729
f 669//650 512//549 599//649
f 512//549 669//650 542//552
f 544//580 669//650 600//652
f 601//655 635//658 692//730
f 636//687 670//731 518//554
f 549//585 670//731 636//687
f 638//688 671//732 635//658
f 640//692 671//732 638//688
f 671//732 640//692 602//663
f 608//665 643//693 610//667
f 611//591 579//624 673//733
f 581//594 644//698 645//699
f 583//627 611//591 675//734
f 613//592 580//625 725//735
f 649//706 647//701 650//707
f 649//706 674//702 647//701
f 613//592 725//735 614//630
f 582//628 645//699 615//631
f 654//715 677//736 555//567
f 678//710 615//631 679//737
f 653//711 678//710 679//737
f 653//711 679//737 651//708
f 617//668 616//597 680//738
f 616//597 655//669 680//738
f 655//669 657//717 681//739
f 587//600 656//716 658//718
f 682//740 586//633 658//718
f 705//638 737//741 702//742
f 683//743 560//601 588//634
f 683//743 588//634 659//719
f 588//634 589//635 659//719
f 705//638 743//744 591//637
f 531//543 620//640 590//636
f 710//722 623//609 749//745
f 595//572 749//745 623//609
f 869//746 684//747 622//611
f 595//572 685//723 749//745
f 710//722 714//748 624//644
f 568//571 712//749 713//645
f 622//611 684//747 504//545
f 537//575 538//574 504//545
f 506//546 628//677 662//721
f 664//724 626//643 536//613
f 566//610 686//725 688//750
f 778//726 566//610 688//750
f 507//547 628//677 539//576
f 574//619 689//728 573//618
f 597//647 632//680 666//729
f 598//620 597//647 666//729
f 575//622 632//680 543//579
f 632//680 575//622 666//729
f 575//622 547//621 666//729
f 669//650 599//649 754//751
f 548//555 691//752 633//651
f 601//655 692//730 667//683
f 668//653 718//753 693//754
f 668//653 693//754 634//656
f 548//555 518//554 719//755
f 518//554 670//731 719//755
f 549//585 608//665 670//731
f 642//694 607//587 694//756
f 673//733 579//624 642//694
f 551//588 672//757 610//667
f 646//700 672//757 551//588
f 644//698 612//626 695//758
f 725//735 726//759 614//630
f 612//626 555//567 695//758
f 584//629 696//760 647//701
f 726//759 676//709 614//630
f 677//761 697//762 698//763
f 677//736 698//764 555//567
f 555//567 698//764 695//758
f 584//629 651//708 696//760
f 677//736 654//715 698//764
f 556//595 676//709 654//715
f 696//760 651//708 679//737
f 617//668 699//765 656//716
f 658//718 656//716 700//766
f 658//718 760//767 682//740
f 739//768 702//742 701//769
f 739//768 704//770 702//742
f 702//742 704//770 764//771
f 705//638 702//742 764//771
f 764//771 743//744 705//638
f 560//601 707//772 530//568
f 591//637 743//744 793//773
f 869//746 622//611 661//672
f 562//573 709//774 594//602
f 593//641 711//775 561//603
f 748//776 709//774 712//749
f 662//721 711//775 593//641
f 712//749 709//774 713//645
f 713//645 709//774 562//573
f 625//642 712//749 568//571
f 624//644 714//748 686//725
f 687//675 569//612 773//777
f 773//777 569//612 627//676
f 537//575 805//778 627//676
f 805//778 537//575 504//545
f 715//779 628//677 507//547
f 571//617 629//678 572//616
f 572//616 629//678 808//780
f 574//619 572//616 808//780
f 668//653 667//683 718//753
f 691//752 548//555 719//755
f 786//781 600//652 669//650
f 576//623 600//652 578//586
f 693//754 602//663 634//656
f 720//782 635//658 671//732
f 602//663 721//783 671//732
f 694//756 607//587 815//784
f 694//756 722//785 723//786
f 724//787 611//591 673//733
f 611//591 724//787 675//734
f 580//625 728//788 725//735
f 727//789 615//631 645//699
f 583//627 675//734 728//788
f 580//625 583//627 728//788
f 727//789 679//737 615//631
f 646//700 650//707 729//790
f 654//715 695//758 698//764
f 655//669 730//791 680//738
f 699//765 617//668 680//738
f 681//739 730//791 655//669
f 657//717 586//633 731//792
f 760//767 658//718 700//766
f 732//793 731//792 586//633
f 682//740 732//793 586//633
f 733//794 682//740 760//767
f 734//795 736//796 701//769
f 735//797 701//769 737//741
f 737//741 701//769 702//742
f 738//798 739//768 701//769
f 738//799 740//800 741//801
f 739//768 738//798 741//802
f 739//768 741//802 704//770
f 739//803 704//804 703//805
f 741//802 764//771 704//770
f 737//741 705//638 706//806
f 706//806 742//807 737//741
f 618//670 706//806 705//638
f 530//568 707//772 708//808
f 530//568 708//808 619//671
f 590//636 744//809 659//719
f 661//672 660//720 745//810
f 765//811 869//746 661//672
f 747//812 746//813 594//602
f 663//674 594//602 746//813
f 709//774 747//812 594//602
f 768//814 797//815 710//722
f 710//722 749//745 768//814
f 748//776 747//812 709//774
f 773//777 774//816 687//675
f 504//545 913//817 805//778
f 913//817 504//545 684//747
f 750//818 625//642 664//724
f 775//819 662//721 628//677
f 574//619 751//820 689//728
f 779//821 507//547 630//679
f 690//727 752//822 665//646
f 665//646 752//822 716//681
f 630//679 631//648 753//823
f 753//823 631//648 633//651
f 754//751 599//649 717//682
f 693//754 854//824 602//663
f 578//586 600//652 817//825
f 854//824 721//783 602//663
f 608//665 816//826 670//731
f 815//784 578//586 817//825
f 578//586 815//784 607//587
f 722//785 694//756 817//825
f 642//694 694//756 723//786
f 722//785 818//827 755//828
f 755//828 723//786 722//785
f 642//694 723//786 673//733
f 672//757 646//700 756//829
f 644//698 757//830 645//699
f 725//735 789//831 726//759
f 695//758 757//830 644//698
f 758//832 676//709 726//759
f 759//833 647//701 696//760
f 650//707 647//701 759//833
f 650//707 759//833 729//790
f 695//758 654//715 790//834
f 654//715 676//709 758//832
f 654//715 758//832 790//834
f 681//739 657//717 731//792
f 732//793 682//740 733//794
f 830//835 736//796 734//795
f 735//797 734//795 701//769
f 761//836 738//798 701//769
f 761//837 762//838 763//839
f 738//798 761//836 763//840
f 738//798 763//840 741//802
f 763//840 764//771 741//802
f 619//671 708//808 836//841
f 794//842 659//719 744//809
f 591//637 793//773 660//720
f 765//811 661//672 745//810
f 766//843 746//813 747//812
f 767//844 747//812 748//776
f 799//845 770//846 746//813
f 746//813 770//846 663//674
f 798//847 663//674 770//846
f 712//749 771//848 748//776
f 685//723 798//847 749//745
f 663//674 798//847 685//723
f 714//748 710//722 797//815
f 771//848 712//749 750//818
f 711//775 662//721 804//849
f 750//818 712//749 625//642
f 774//816 773//777 772//850
f 804//849 662//721 775//819
f 714//748 688//750 686//725
f 687//675 774//816 777//851
f 750//818 664//724 776//852
f 687//675 777//851 536//613
f 664//724 536//613 806//853
f 536//613 777//851 806//853
f 628//677 715//779 775//819
f 808//780 629//678 778//726
f 715//779 507//547 779//821
f 751//820 574//619 808//780
f 718//753 667//683 781//854
f 754//751 780//855 669//650
f 783//856 669//650 780//855
f 783//857 784//858 785//859
f 783//856 785//860 669//650
f 669//650 785//860 786//781
f 693//754 718//753 782//861
f 692//730 635//658 787//862
f 635//658 720//782 787//862
f 816//826 812//863 670//731
f 788//864 720//782 671//732
f 671//732 721//783 788//864
f 608//665 610//667 816//826
f 815//784 817//825 694//756
f 673//733 723//786 819//865
f 725//735 822//866 789//831
f 645//699 757//830 727//789
f 822//866 725//735 728//788
f 679//737 727//789 823//867
f 679//737 791//868 696//760
f 680//738 730//791 792//869
f 699//765 700//766 656//716
f 701//769 736//796 831//870
f 761//836 701//769 831//870
f 761//836 831//870 763//840
f 831//870 764//771 763//840
f 793//773 743//744 764//771
f 659//719 794//842 683//743
f 660//720 793//773 837//871
f 660//720 837//871 745//810
f 838//872 590//636 620//640
f 590//636 838//872 744//809
f 906//873 795//874 837//871
f 837//871 795//874 745//810
f 620//640 592//639 838//872
f 766//843 796//875 746//813
f 768//814 749//745 840//876
f 798//847 799//845 796//875
f 796//875 799//845 746//813
f 799//845 798//847 770//846
f 799//877 770//878 769//879
f 801//880 800//881 621//673
f 561//603 801//880 621//673
f 797//815 803//882 714//748
f 804//849 561//603 711//775
f 801//880 561//603 804//849
f 772//850 802//883 774//816
f 805//778 772//850 773//777
f 627//676 805//778 773//777
f 842//884 805//778 913//817
f 664//724 806//853 776//852
f 779//821 875//885 715//779
f 690//727 689//728 807//886
f 779//821 630//679 753//823
f 753//823 633//651 691//752
f 691//752 809//887 753//823
f 717//682 716//681 810//888
f 717//682 918//889 754//751
f 692//730 787//862 667//683
f 783//856 780//855 811//890
f 785//860 783//856 811//890
f 811//890 786//781 785//860
f 812//863 719//755 670//731
f 782//861 853//891 693//754
f 814//892 853//514 813//893
f 814//894 693//754 853//891
f 814//894 854//824 693//754
f 600//652 887//895 817//825
f 722//785 817//825 818//827
f 610//667 855//896 816//826
f 855//896 610//667 856//897
f 610//667 672//757 856//897
f 755//828 819//865 723//786
f 724//787 673//733 819//865
f 820//898 726//759 789//831
f 978//899 675//734 724//787
f 646//700 821//900 756//829
f 675//734 978//899 728//788
f 727//789 757//830 823//867
f 646//700 729//790 821//900
f 726//759 979//901 758//832
f 695//758 790//834 757//830
f 696//760 791//868 824//902
f 680//738 792//869 699//765
f 825//903 730//791 681//739
f 699//765 826//904 700//766
f 700//766 827//905 760//767
f 828//906 731//792 732//793
f 827//905 829//907 760//767
f 760//767 829//907 733//794
f 732//793 733//794 830//835
f 900//908 830//835 733//794
f 734//795 732//793 830//835
f 737//741 742//807 735//797
f 831//870 861//909 764//771
f 764//771 861//909 832//910
f 764//771 832//910 834//911
f 832//912 833//913 834//914
f 835//915 706//806 618//670
f 683//743 707//772 560//601
f 618//670 619//671 835//915
f 793//773 864//916 837//871
f 837//871 865//917 906//873
f 867//918 795//874 906//873
f 800//881 838//872 592//639
f 768//814 840//876 797//815
f 592//639 621//673 800//881
f 749//745 798//847 841//919
f 802//883 772//850 910//920
f 910//920 772//850 839//921
f 772//850 805//778 842//884
f 801//880 804//849 873//922
f 803//882 688//750 714//748
f 804//849 775//819 843//923
f 775//819 715//779 843//923
f 715//779 875//885 843//923
f 846//924 844//925 845//926
f 846//927 778//726 844//928
f 778//726 688//750 844//928
f 808//780 778//726 846//927
f 808//780 879//929 751//820
f 807//886 752//822 690//727
f 779//821 753//823 847//930
f 809//887 848//931 753//823
f 754//751 918//889 971//932
f 851//933 849//934 850//935
f 851//936 718//753 849//937
f 718//753 781//854 849//937
f 852//938 691//752 719//755
f 754//751 971//932 780//855
f 781//854 667//683 787//862
f 718//753 851//936 782//861
f 852//938 719//755 812//863
f 853//891 782//861 854//824
f 853//891 854//824 814//894
f 786//781 811//890 600//652
f 887//895 600//652 811//890
f 854//824 788//864 721//783
f 817//825 887//895 818//827
f 755//828 818//827 857//939
f 728//788 978//899 822//866
f 757//830 858//940 823//867
f 859//941 821//900 729//790
f 679//737 823//867 791//868
f 927//942 729//790 759//833
f 790//834 758//832 893//943
f 826//904 699//765 792//869
f 825//903 681//739 731//792
f 826//904 827//905 700//766
f 900//908 733//794 829//907
f 830//835 900//908 831//870
f 735//797 860//944 734//795
f 830//835 831//870 736//796
f 742//807 835//915 862//945
f 706//806 835//915 742//807
f 832//910 861//909 834//911
f 861//909 932//946 834//911
f 834//911 932//946 764//771
f 932//946 793//773 764//771
f 619//671 863//947 835//915
f 707//772 683//743 794//842
f 619//671 836//841 863//947
f 837//871 864//916 865//917
f 795//874 867//918 839//921
f 747//812 933//948 766//843
f 795//874 868//949 745//810
f 765//811 745//810 868//949
f 767//844 933//948 747//812
f 868//949 795//874 839//921
f 840//876 749//745 841//919
f 765//811 868//949 869//746
f 771//848 870//950 748//776
f 913//817 684//747 868//949
f 869//746 868//949 684//747
f 800//881 801//880 911//951
f 797//815 871//952 803//882
f 772//850 842//884 839//921
f 771//848 750//818 872//953
f 843//923 873//922 804//849
f 774//816 914//954 777//851
f 803//882 874//955 688//750
f 806//853 777//851 965//956
f 916//957 843//923 875//885
f 844//928 688//750 917//958
f 917//958 688//750 874//955
f 917//959 877//960 878//961
f 844//928 917//958 878//962
f 844//928 878//962 846//927
f 878//962 879//929 808//780
f 878//962 808//780 846//927
f 880//963 876//964 875//885
f 807//886 689//728 751//820
f 779//821 880//963 875//885
f 880//963 779//821 881//965
f 881//965 779//821 847//930
f 882//966 716//681 752//822
f 847//930 753//823 848//931
f 882//966 810//888 716//681
f 717//682 810//888 918//889
f 883//967 849//937 781//854
f 851//936 849//937 883//967
f 883//967 782//861 851//936
f 884//968 854//824 782//861
f 884//969 885//970 886//971
f 854//824 884//968 886//972
f 672//757 756//829 856//897
f 857//939 818//827 888//973
f 889//974 789//831 950//975
f 789//831 822//866 950//975
f 755//828 857//939 819//865
f 724//787 819//865 953//976
f 726//759 820//898 979//901
f 859//977 891//978 892//979
f 821//900 859//941 892//980
f 791//868 823//867 890//981
f 859//941 729//790 927//942
f 859//941 927//942 892//980
f 979//901 893//943 758//832
f 696//760 824//902 894//982
f 759//833 696//760 894//982
f 897//983 896//984 895//985
f 897//986 895//987 730//791
f 897//986 730//791 825//903
f 730//791 898//988 792//869
f 825//903 731//792 899//989
f 734//795 860//944 732//793
f 956//990 861//909 831//870
f 735//797 742//807 901//991
f 903//992 861//909 956//990
f 932//946 861//909 903//992
f 793//773 932//946 864//916
f 707//772 904//993 708//808
f 794//842 905//994 707//772
f 864//916 991//995 865//917
f 991//995 906//873 865//917
f 907//996 794//842 744//809
f 866//997 907//996 744//809
f 908//998 744//809 838//872
f 866//997 744//809 908//998
f 800//881 908//998 838//872
f 797//815 840//876 909//999
f 748//776 934//1000 767//844
f 871//952 797//815 909//999
f 748//776 870//950 934//1000
f 867//918 910//920 839//921
f 912//1001 868//949 839//921
f 912//1001 913//817 868//949
f 839//921 842//884 912//1001
f 913//817 912//1001 842//884
f 802//883 914//954 774//816
f 872//953 750//818 776//852
f 874//955 803//882 940//1002
f 916//957 873//922 843//923
f 965//956 776//852 806//853
f 875//885 876//964 916//957
f 917//958 874//955 878//962
f 878//962 874//955 879//929
f 751//820 941//1003 807//886
f 942//1004 752//822 807//886
f 942//1004 882//966 752//822
f 691//752 852//938 919//1005
f 971//932 918//889 920//1006
f 780//855 971//932 921//1007
f 811//890 780//855 921//1007
f 788//864 787//862 720//782
f 884//968 782//861 883//967
f 884//968 883//967 886//972
f 883//967 788//864 854//824
f 883//967 854//824 886//972
f 887//895 811//890 1027//1008
f 818//827 887//895 922//1009
f 889//974 975//1010 789//831
f 975//1010 820//898 789//831
f 925//1011 890//981 924//1012
f 858//940 924//1012 823//867
f 890//981 823//867 924//1012
f 824//902 791//868 890//981
f 927//942 821//900 892//980
f 926//1013 858//940 790//834
f 790//834 858//940 757//830
f 790//834 893//943 926//1013
f 895//987 898//988 730//791
f 897//986 898//988 895//987
f 898//988 897//986 825//903
f 826//904 792//869 898//988
f 899//989 898//988 825//903
f 828//906 899//989 731//792
f 826//904 928//1014 827//905
f 828//906 732//793 929//1015
f 929//1015 732//793 860//944
f 831//870 900//908 956//990
f 902//1016 903//992 956//990
f 901//991 742//807 930//1017
f 930//1017 742//807 862//945
f 902//1016 931//1018 903//992
f 932//946 903//992 931//1018
f 864//916 932//946 991//995
f 794//842 907//996 1075//1019
f 767//844 934//1000 933//948
f 908//998 800//881 911//951
f 798//847 796//875 935//1020
f 936//1021 840//876 841//919
f 871//952 937//1022 803//882
f 873//922 911//951 801//880
f 938//1023 939//1024 915//1025
f 938//1026 915//1027 937//1022
f 937//1022 915//1027 803//882
f 915//1027 940//1002 803//882
f 915//1027 938//1026 940//1002
f 965//956 872//953 776//852
f 914//954 965//956 777//851
f 941//1003 942//1004 807//886
f 810//888 882//966 943//1028
f 848//931 809//887 969//1029
f 787//862 883//967 781//854
f 883//967 787//862 788//864
f 812//863 816//826 1024//1030
f 816//826 944//1031 1024//1030
f 818//827 922//1009 888//973
f 947//1032 948//1033 945//1034
f 948//1033 923//1035 945//1034
f 945//1034 923//1035 946//1036
f 946//1036 923//1035 949//1037
f 952//1038 948//1033 924//1012
f 925//1011 924//1012 948//1033
f 822//866 978//899 951//1039
f 950//975 822//866 951//1039
f 819//865 857//939 977//1040
f 819//865 977//1040 953//976
f 924//1012 858//940 952//1038
f 756//829 821//900 980//1041
f 978//899 724//787 953//976
f 821//900 927//942 954//1042
f 927//942 759//833 894//982
f 928//1014 829//907 827//905
f 955//1043 860//944 735//797
f 955//1043 735//797 901//991
f 957//1044 930//1045 958//1046
f 957//1047 901//991 930//1017
f 930//1017 862//945 957//1047
f 932//946 931//1018 991//995
f 835//915 863//947 989//1048
f 904//993 707//772 1013//1049
f 905//994 1013//1049 707//772
f 904//993 990//1050 708//808
f 708//808 990//1050 836//841
f 1015//1051 866//997 959//1052
f 960//1053 796//875 766//843
f 766//843 933//948 960//1053
f 910//920 867//918 993//1054
f 908//998 911//951 961//1055
f 993//1054 962//1056 910//920
f 963//1057 802//883 910//920
f 910//920 962//1056 963//1057
f 798//847 935//1020 841//919
f 961//1055 911//951 964//1058
f 963//1057 914//954 802//883
f 914//954 872//953 965//956
f 938//1026 937//1022 940//1002
f 873//922 916//957 966//1059
f 940//1002 967//1060 874//955
f 751//820 879//929 941//1003
f 941//1003 968//1061 942//1004
f 968//1061 882//966 942//1004
f 847//930 848//931 969//1029
f 810//888 943//1028 918//889
f 943//1028 970//1062 918//889
f 691//752 919//1005 809//887
f 1024//1030 1002//1063 812//863
f 971//932 920//1006 972//1064
f 921//1007 971//932 973//1065
f 1027//1008 811//890 921//1007
f 944//1031 816//826 974//1066
f 922//1009 887//895 1027//1008
f 945//1034 1006//1067 947//1032
f 950//975 975//1010 889//974
f 1007//1068 950//975 951//1039
f 820//898 975//1010 976//1069
f 1009//1070 856//897 980//1041
f 923//1035 948//1033 952//1038
f 856//897 756//829 980//1041
f 979//901 820//898 976//1069
f 952//1038 949//1037 923//1035
f 1032//1071 890//981 925//1011
f 981//1072 978//899 953//976
f 890//981 894//982 824//902
f 821//900 954//1042 980//1041
f 927//942 894//982 954//1042
f 926//1013 893//943 982//1073
f 898//988 899//989 826//904
f 899//989 828//906 983//1074
f 829//907 985//1075 900//908
f 929//1015 860//944 984//1076
f 957//1047 986//1077 901//991
f 862//945 986//1077 957//1047
f 989//1048 987//1078 988//1079
f 989//1048 862//945 835//915
f 904//993 987//1078 989//1048
f 931//1018 1014//1080 991//995
f 990//1050 863//947 836//841
f 794//842 992//1081 905//994
f 794//842 1075//1019 992//1081
f 991//995 1096//1082 906//873
f 866//997 1015//1051 907//996
f 1016//1083 1042//1084 1017//1085
f 906//873 1096//1082 867//918
f 1096//1082 993//1054 867//918
f 959//1086 994//1087 995//1088
f 959//1052 995//1089 1015//1051
f 959//1052 866//997 908//998
f 959//1052 908//998 995//1089
f 796//875 960//1053 935//1020
f 909//999 840//876 936//1021
f 936//1021 841//919 935//1020
f 909//999 937//1022 871//952
f 771//848 872//953 870//950
f 870//950 872//953 996//1090
f 914//954 996//1090 872//953
f 997//1091 911//951 873//922
f 873//922 966//1059 997//1091
f 876//964 966//1059 916//957
f 876//964 998//1092 966//1059
f 998//1092 876//964 1000//1093
f 879//929 874//955 999//1094
f 880//963 1000//1093 876//964
f 879//929 999//1094 941//1003
f 1019//1095 943//1028 882//966
f 1019//1095 882//966 968//1061
f 1021//1096 1020//1097 1001//1098
f 1002//1063 919//1005 852//938
f 852//938 812//863 1002//1063
f 920//1006 1003//1099 972//1064
f 973//1065 971//932 972//1064
f 1004//1100 973//1065 972//1064
f 816//826 855//896 974//1066
f 1027//1008 1028//1101 922//1009
f 945//1034 946//1036 1006//1067
f 855//896 856//897 1009//1070
f 1029//1102 946//1036 949//1037
f 947//1032 1008//1103 948//1033
f 975//1010 1063//1104 976//1069
f 1008//1103 925//1011 948//1033
f 857//939 1031//1105 977//1040
f 952//1038 858//940 1010//1106
f 858//940 926//1013 1010//1106
f 894//982 1069//1107 954//1042
f 826//904 899//989 1011//1108
f 1011//1108 928//1014 826//904
f 983//1074 828//906 929//1015
f 928//1014 985//1075 829//907
f 984//1076 860//944 955//1043
f 985//1075 1037//1109 900//908
f 987//1078 1012//1110 988//1079
f 902//1016 1145//1111 931//1018
f 862//945 989//1048 988//1079
f 987//1078 904//993 1013//1049
f 989//1048 990//1050 904//993
f 990//1050 989//1048 863//947
f 1040//1112 907//996 1015//1051
f 995//1089 908//998 1015//1051
f 934//1000 1017//1085 1045//1113
f 1017//1085 934//1000 870//950
f 914//954 963//1057 1079//1114
f 964//1058 911//951 997//1091
f 941//1003 999//1094 1054//1115
f 941//1003 1018//1116 968//1061
f 968//1061 1018//1116 1019//1095
f 1019//1095 970//1062 943//1028
f 1001//1098 1020//1097 1103//1117
f 1022//1118 969//1029 809//887
f 1020//1097 1021//1096 1023//1119
f 1022//1118 809//887 919//1005
f 918//889 970//1062 920//1006
f 1025//1120 972//1064 1003//1099
f 972//1064 1025//1120 1026//1121
f 1004//1100 972//1064 1026//1121
f 1005//1122 1028//1101 1004//1100
f 1029//1102 1006//1067 946//1036
f 1111//1123 888//973 922//1009
f 975//1010 950//975 1007//1068
f 857//939 888//973 1030//1124
f 1031//1105 857//939 1030//1124
f 925//1011 1008//1103 1032//1071
f 1033//1125 1029//1102 949//1037
f 978//899 1088//1126 951//1039
f 1034//1127 953//976 977//1040
f 981//1072 1088//1126 978//899
f 983//1074 1011//1108 899//989
f 1036//1128 983//1074 929//1015
f 1036//1128 929//1015 984//1076
f 900//908 1037//1109 956//990
f 956//990 1037//1109 902//1016
f 902//1016 1037//1109 1145//1111
f 1013//1049 1038//1129 987//1078
f 1074//1130 1014//1080 931//1018
f 1013//1049 905//994 1039//1131
f 1039//1131 905//994 992//1081
f 1075//1019 907//996 1040//1112
f 1014//1080 1094//1132 991//995
f 1016//1083 1041//1133 1042//1084
f 1096//1082 991//995 1094//1132
f 1016//1083 1044//1134 1043//1135
f 1016//1083 1017//1085 1044//1134
f 1042//1084 1045//1113 1017//1085
f 908//998 1046//1136 1015//1051
f 933//948 1047//1137 960//1053
f 1046//1136 908//998 1048//1138
f 870//950 1077//1139 1017//1085
f 908//998 961//1055 1048//1138
f 935//1020 1049//1140 936//1021
f 909//999 936//1021 1050//1141
f 1077//1139 870//950 996//1090
f 1050//1141 937//1022 909//999
f 940//1002 937//1022 1050//1141
f 914//954 1079//1114 996//1090
f 1051//1142 967//1060 940//1002
f 874//955 967//1060 1052//1143
f 874//955 1052//1143 999//1094
f 1000//1093 880//963 1053//1144
f 880//963 881//965 1053//1144
f 1018//1116 941//1003 1054//1115
f 847//930 1080//1145 881//965
f 1103//1117 1020//1097 1055//1146
f 1021//1096 1001//1098 1083//1147
f 1023//1119 1055//1146 1020//1097
f 970//1062 1056//1148 920//1006
f 919//1005 1002//1063 1058//1149
f 1057//1150 1023//1119 1021//1096
f 1059//1151 1003//1099 920//1006
f 921//1007 973//1065 1027//1008
f 1004//1100 1028//1101 973//1065
f 1027//1008 973//1065 1028//1101
f 1004//1100 1026//1121 1005//1122
f 1026//1121 1061//1152 1005//1122
f 1006//1067 1060//1153 947//1032
f 1005//1122 1062//1154 1028//1101
f 922//1009 1028//1101 1111//1123
f 855//896 1009//1070 974//1066
f 1061//1152 1062//1154 1005//1122
f 1008//1103 947//1032 1060//1153
f 1030//1124 888//973 1111//1123
f 1034//1155 1065//1156 1066//1157
f 1034//1127 977//1040 1065//1158
f 977//1040 1031//1105 1065//1158
f 1034//1127 1067//1159 953//976
f 1034//1127 1065//1158 1067//1159
f 949//1037 952//1038 1033//1125
f 976//1069 1035//1160 979//901
f 894//982 890//981 1032//1071
f 1010//1106 1033//1125 952//1038
f 893//943 979//901 1068//1161
f 982//1073 893//943 1070//1162
f 1072//1163 928//1014 1180//1164
f 985//1075 928//1014 1072//1163
f 1143//1165 988//1079 1012//1110
f 988//1079 986//1077 862//945
f 1012//1110 987//1078 1117//1166
f 1117//1166 987//1078 1073//1167
f 1073//1167 987//1078 1038//1129
f 931//1018 1145//1111 1074//1130
f 1038//1129 1013//1049 1039//1131
f 1015//1051 1076//1168 1040//1112
f 1016//1083 1043//1135 1041//1133
f 1095//1169 1042//1084 1041//1133
f 1017//1085 1077//1139 1044//1134
f 1078//1170 934//1000 1045//1113
f 960//1053 1047//1137 935//1020
f 993//1054 963//1057 962//1056
f 936//1021 1049//1140 1050//1141
f 1052//1143 967//1060 1100//1171
f 847//930 969//1029 1080//1145
f 1081//1172 1080//1145 969//1029
f 1081//1172 969//1029 1022//1118
f 970//1062 1019//1095 1082//1173
f 1021//1096 1083//1147 1057//1150
f 1058//1149 1022//1118 919//1005
f 1084//1174 1023//1119 1057//1150
f 920//1006 1056//1148 1085//1175
f 1085//1175 1059//1151 920//1006
f 1003//1099 1059//1151 1025//1120
f 1006//1067 1086//1176 1060//1153
f 1062//1154 1087//1177 1028//1101
f 1028//1101 1087//1177 1111//1123
f 1007//1068 951//1039 1088//1126
f 1007//1068 1088//1126 1089//1178
f 975//1010 1007//1068 1063//1104
f 1063//1104 1007//1068 1089//1178
f 1032//1071 1008//1103 1090//1179
f 1064//1180 1009//1070 980//1041
f 1067//1159 1065//1158 1031//1105
f 1088//1126 981//1072 1114//1181
f 1114//1181 953//976 1067//1159
f 981//1072 953//976 1114//1181
f 979//901 1035//1160 1068//1161
f 893//943 1068//1161 1070//1162
f 1091//1182 1010//1106 926//1013
f 982//1073 1070//1162 1091//1182
f 1091//1182 926//1013 982//1073
f 1071//1183 1011//1108 983//1074
f 1180//1164 928//1014 1092//1184
f 1093//1185 984//1076 955//1043
f 1143//1165 986//1077 988//1079
f 1074//1130 1094//1132 1014//1080
f 1075//1019 1040//1112 1119//1186
f 1094//1132 1043//1135 1096//1082
f 1121//1187 1076//1168 1015//1051
f 1042//1084 1236//1188 1045//1113
f 1044//1134 1096//1082 1043//1135
f 1096//1082 1044//1134 1097//1189
f 1096//1082 1097//1189 993//1054
f 933//948 1098//1190 1047//1137
f 934//1000 1098//1190 933//948
f 934//1000 1078//1170 1098//1190
f 993//1054 1097//1189 963//1057
f 935//1020 1124//1191 1049//1140
f 1077//1139 996//1090 1099//1192
f 961//1055 964//1058 1048//1138
f 996//1090 1079//1114 1099//1192
f 1050//1141 1051//1142 940//1002
f 1101//1193 966//1059 998//1092
f 999//1094 1052//1143 1127//1194
f 881//965 1080//1145 1102//1195
f 1019//1095 1018//1116 1155//1196
f 1001//1098 1103//1117 1203//1197
f 1001//1098 1104//1198 1083//1147
f 970//1062 1082//1173 1056//1148
f 1133//1199 1131//1200 1105//1201
f 1131//1200 1132//1202 1105//1201
f 1083//1147 1244//1203 1057//1150
f 1105//1201 1161//1204 1133//1199
f 1002//1063 1024//1030 1106//1205
f 1029//1102 1214//1206 1006//1067
f 1086//1176 1006//1067 1214//1206
f 1108//1207 974//1066 1009//1070
f 1061//1152 1107//1208 1110//1209
f 1110//1209 1062//1154 1061//1152
f 1110//1209 1112//1210 1062//1154
f 1062//1154 1112//1210 1113//1211
f 1087//1177 1062//1154 1113//1211
f 1111//1123 1087//1177 1113//1211
f 1063//1104 1217//1212 976//1069
f 1029//1102 1033//1125 1109//1213
f 976//1069 1217//1212 1035//1160
f 1032//1071 1115//1214 894//982
f 954//1042 1064//1180 980//1041
f 894//982 1115//1214 1069//1107
f 1011//1108 1092//1184 928//1014
f 984//1076 1181//1215 1036//1128
f 1181//1215 984//1076 1093//1185
f 985//1075 1072//1163 1227//1216
f 985//1075 1227//1216 1037//1109
f 1116//1217 1093//1185 955//1043
f 901//991 1116//1217 955//1043
f 901//991 986//1077 1116//1217
f 1037//1109 1144//1218 1145//1111
f 1143//1165 1012//1110 1117//1166
f 1145//1111 1146//1219 1074//1130
f 1074//1130 1118//1220 1094//1132
f 1119//1186 992//1081 1075//1019
f 1040//1112 1148//1221 1119//1186
f 1120//1222 1041//1133 1043//1135
f 1120//1222 1043//1135 1094//1132
f 1095//1169 1236//1188 1042//1084
f 1045//1113 1236//1188 1078//1170
f 1121//1187 1015//1051 1046//1136
f 1077//1139 1122//1223 1044//1134
f 1044//1134 1122//1223 1097//1189
f 935//1020 1047//1137 1123//1224
f 1122//1223 963//1057 1097//1189
f 1079//1114 963//1057 1122//1223
f 1123//1224 1124//1191 935//1020
f 1125//1225 997//1091 1126//1226
f 1126//1226 997//1091 966//1059
f 1100//1171 967//1060 1051//1142
f 1100//1171 1127//1194 1052//1143
f 1127//1194 1054//1115 999//1094
f 1127//1194 1018//1116 1054//1115
f 1128//1227 1018//1116 1127//1194
f 1001//1098 1203//1197 1129//1228
f 1104//1198 1001//1098 1129//1228
f 1081//1172 1022//1118 1130//1229
f 1082//1173 1019//1095 1155//1196
f 1056//1148 1082//1173 1134//1230
f 1022//1118 1058//1149 1163//1231
f 1002//1063 1164//1232 1058//1149
f 1056//1148 1135//1233 1085//1175
f 1164//1232 1002//1063 1106//1205
f 1167//1234 1024//1030 944//1031
f 1026//1121 1107//1208 1061//1152
f 1060//1153 1086//1176 1136//1235
f 1171//1236 1060//1153 1136//1235
f 1214//1206 1029//1102 1109//1213
f 1060//1153 1171//1236 1008//1103
f 1008//1103 1171//1236 1090//1179
f 1108//1207 1009//1070 1064//1180
f 1113//1211 1139//1237 1111//1123
f 1173//1238 1088//1126 1114//1181
f 1140//1239 1032//1071 1090//1179
f 1115//1214 1032//1071 1140//1239
f 1064//1180 954//1042 1253//1240
f 1010//1106 1091//1182 1033//1125
f 1115//1214 1253//1240 954//1042
f 954//1042 1069//1107 1115//1214
f 1092//1184 1011//1108 1141//1241
f 1011//1108 1071//1183 1141//1241
f 1223//1242 1071//1183 983//1074
f 983//1074 1036//1128 1223//1242
f 1093//1185 1142//1243 1181//1215
f 1143//1165 1116//1217 986//1077
f 1146//1219 1231//1244 1074//1130
f 1187//1245 1038//1129 1039//1131
f 992//1081 1147//1246 1039//1131
f 1094//1132 1118//1220 1120//1222
f 1188//1247 1149//1248 1189//1249
f 1040//1112 1076//1168 1190//1250
f 1149//1248 1192//1251 1189//1249
f 1150//1252 1046//1136 1048//1138
f 1122//1223 1077//1139 1099//1192
f 1151//1253 1050//1141 1049//1140
f 1124//1191 1151//1253 1049//1140
f 1122//1223 1099//1192 1079//1114
f 964//1058 1198//1254 1152//1255
f 1152//1255 1048//1138 964//1058
f 964//1058 997//1091 1198//1254
f 966//1059 1101//1193 1126//1226
f 1153//1256 1101//1193 998//1092
f 1153//1256 998//1092 1000//1093
f 1100//1171 1200//1257 1127//1194
f 881//965 1102//1195 1154//1258
f 1154//1258 1053//1144 881//965
f 1055//1146 1156//1259 1103//1117
f 1131//1200 1157//1260 1132//1202
f 1134//1230 1082//1173 1205//1261
f 1156//1259 1055//1146 1159//1262
f 1055//1146 1023//1119 1159//1262
f 1162//1263 1163//1231 1058//1149
f 1159//1262 1023//1119 1084//1174
f 1058//1149 1164//1232 1162//1263
f 1056//1148 1134//1230 1165//1264
f 1244//1203 1084//1174 1057//1150
f 1165//1264 1135//1233 1056//1148
f 1210//1265 1105//1201 1132//1202
f 1059//1151 1085//1175 1166//1266
f 1105//1201 1210//1265 1161//1204
f 1059//1151 1212//1267 1025//1120
f 1169//1268 1136//1235 1086//1176
f 1168//1269 1026//1121 1025//1120
f 1213//1270 1137//1271 1136//1235
f 1170//1272 1167//1234 944//1031
f 1026//1121 1168//1269 1107//1208
f 944//1031 974//1066 1170//1272
f 1171//1236 1136//1235 1137//1271
f 1108//1207 1172//1273 974//1066
f 1089//1178 1088//1126 1138//1274
f 1216//1275 1067//1159 1031//1105
f 1089//1178 1138//1274 1174//1276
f 1174//1277 1175//1278 1176//1279
f 1174//1276 1176//1280 1089//1178
f 1217//1212 1089//1178 1176//1280
f 1063//1104 1089//1178 1217//1212
f 1113//1211 1112//1210 1177//1281
f 1139//1237 1113//1211 1177//1281
f 1217//1212 1178//1282 1035//1160
f 1223//1242 1179//1283 1221//1284
f 1181//1215 1179//1283 1223//1242
f 1071//1183 1223//1242 1183//1285
f 1181//1215 1223//1242 1036//1128
f 1180//1164 1182//1286 1072//1163
f 1072//1163 1182//1286 1227//1216
f 1093//1185 1184//1287 1142//1243
f 1227//1216 1185//1288 1037//1109
f 1184//1287 1093//1185 1116//1217
f 1037//1109 1185//1288 1144//1218
f 1117//1166 1186//1289 1143//1165
f 1146//1219 1264//1290 1231//1244
f 1144//1218 1264//1290 1146//1219
f 1145//1111 1144//1218 1146//1219
f 1187//1245 1073//1167 1038//1129
f 1187//1245 1039//1131 1147//1246
f 1118//1220 1074//1130 1231//1244
f 1190//1250 1148//1221 1040//1112
f 1120//1222 1191//1291 1041//1133
f 1190//1250 1076//1168 1193//1292
f 1274//1293 1232//1294 1189//1249
f 1192//1251 1274//1293 1189//1249
f 1076//1168 1121//1187 1193//1292
f 1237//1295 1098//1190 1078//1170
f 1046//1136 1150//1252 1121//1187
f 1194//1296 1121//1187 1150//1252
f 1098//1190 1123//1224 1047//1137
f 1197//1297 1196//1298 1277//1299
f 1195//1300 1197//1297 1277//1299
f 997//1091 1125//1225 1198//1254
f 1151//1253 1199//1301 1050//1141
f 1197//1297 1239//1302 1196//1298
f 1050//1141 1199//1301 1051//1142
f 1199//1301 1100//1171 1051//1142
f 1053//1144 1153//1256 1000//1093
f 1153//1256 1053//1144 1154//1258
f 1128//1227 1127//1194 1201//1303
f 1080//1145 1202//1304 1102//1195
f 1080//1145 1081//1172 1202//1304
f 1128//1227 1155//1196 1018//1116
f 1103//1117 1156//1259 1241//1305
f 1130//1229 1022//1118 1158//1306
f 1205//1261 1082//1173 1155//1196
f 1131//1200 1133//1199 1206//1307
f 1207//1308 1132//1202 1157//1260
f 1022//1118 1163//1231 1158//1306
f 1104//1198 1244//1203 1083//1147
f 1132//1202 1207//1308 1160//1309
f 1133//1199 1161//1204 1206//1307
f 1134//1230 1205//1261 1165//1264
f 1132//1202 1160//1309 1208//1310
f 1166//1266 1085//1175 1135//1233
f 1211//1311 1210//1265 1132//1202
f 1208//1310 1211//1311 1132//1202
f 1161//1204 1210//1265 1209//1312
f 1166//1266 1212//1267 1059//1151
f 1024//1030 1167//1234 1106//1205
f 1213//1270 1136//1235 1169//1268
f 1245//1313 1169//1268 1086//1176
f 1215//1314 1171//1236 1137//1271
f 1248//1315 1030//1124 1111//1123
f 1030//1124 1248//1315 1031//1105
f 1088//1126 1173//1238 1138//1274
f 1108//1207 1064//1180 1219//1316
f 1217//1212 1174//1276 1138//1274
f 1176//1280 1174//1276 1217//1212
f 1219//1316 1064//1180 1253//1240
f 1178//1282 1217//1212 1293//1317
f 1220//1318 1035//1160 1178//1282
f 1035//1160 1220//1318 1068//1161
f 1180//1164 1222//1319 1255//1320
f 1092//1184 1222//1319 1180//1164
f 1180//1164 1255//1320 1182//1286
f 1181//1215 1224//1321 1179//1283
f 1182//1286 1263//1322 1227//1216
f 1116//1217 1228//1323 1184//1287
f 1265//1324 1144//1218 1185//1288
f 1116//1217 1143//1165 1228//1323
f 1265//1324 1230//1325 1144//1218
f 1264//1290 1144//1218 1230//1325
f 1271//1326 1341//1327 1119//1186
f 1119//1186 1148//1221 1271//1326
f 1341//1327 992//1081 1119//1186
f 1341//1327 1147//1246 992//1081
f 1188//1247 1189//1249 1232//1294
f 1188//1247 1233//1328 1149//1248
f 1095//1169 1041//1133 1234//1329
f 1236//1188 1095//1169 1234//1329
f 1149//1248 1235//1330 1192//1251
f 1306//1331 1078//1170 1236//1188
f 1237//1295 1078//1170 1306//1331
f 1194//1296 1193//1292 1121//1187
f 1194//1296 1238//1332 1193//1292
f 1048//1138 1152//1255 1150//1252
f 1277//1299 1196//1298 1310//1333
f 1239//1302 1310//1333 1196//1298
f 1154//1258 1102//1195 1202//1304
f 1202//1304 1081//1172 1130//1229
f 1241//1305 1203//1197 1103//1117
f 1128//1227 1204//1334 1155//1196
f 1204//1334 1242//1335 1155//1196
f 1242//1335 1205//1261 1155//1196
f 1240//1336 1242//1335 1204//1334
f 1131//1200 1243//1337 1157//1260
f 1243//1337 1131//1200 1206//1307
f 1205//1261 1281//1338 1165//1264
f 1399//1339 1084//1174 1244//1203
f 1211//1311 1169//1268 1210//1265
f 1169//1268 1245//1313 1210//1265
f 1025//1120 1212//1267 1168//1269
f 1213//1270 1283//1340 1137//1271
f 1086//1176 1246//1341 1245//1313
f 1086//1176 1214//1206 1246//1341
f 1137//1271 1247//1342 1215//1314
f 1170//1272 974//1066 1172//1273
f 1172//1273 1108//1207 1219//1316
f 1250//1343 1172//1273 1219//1316
f 1249//1344 1140//1239 1090//1179
f 1326//1345 1112//1210 1110//1209
f 1216//1275 1291//1346 1067//1159
f 1112//1210 1326//1345 1177//1281
f 1251//1347 1139//1237 1177//1281
f 1138//1274 1293//1317 1217//1212
f 1115//1214 1140//1239 1252//1348
f 1218//1349 1033//1125 1091//1182
f 1115//1214 1252//1348 1253//1240
f 1178//1282 1293//1317 1254//1350
f 1068//1161 1220//1318 1070//1162
f 1330//1351 1091//1182 1070//1162
f 1221//1284 1179//1283 1333//1352
f 1333//1352 1179//1283 1334//1353
f 1222//1319 1092//1184 1256//1354
f 1183//1285 1223//1242 1221//1284
f 1141//1241 1256//1354 1092//1184
f 1257//1355 1179//1283 1224//1321
f 1225//1356 1258//1357 1259//1358
f 1258//1357 1257//1355 1260//1359
f 1259//1358 1258//1357 1260//1359
f 1225//1356 1259//1358 1226//1360
f 1225//1356 1226//1360 1261//1361
f 1224//1321 1260//1359 1257//1355
f 1259//1358 1260//1359 1262//1362
f 1182//1286 1298//1363 1263//1322
f 1224//1321 1142//1243 1260//1359
f 1142//1243 1224//1321 1181//1215
f 1184//1287 1299//1364 1142//1243
f 1263//1322 1185//1288 1227//1216
f 1265//1324 1185//1288 1264//1290
f 1265//1324 1264//1290 1230//1325
f 1265//1365 1230//1366 1229//803
f 1143//1165 1186//1289 1228//1323
f 1269//1367 1266//1368 1267//1369
f 1117//1166 1268//1370 1186//1289
f 1073//1167 1268//1370 1117//1166
f 1073//1167 1270//1371 1268//1370
f 1187//1245 1270//1371 1073//1167
f 1269//1367 1267//1369 1271//1326
f 1188//1247 1428//1372 1233//1328
f 1120//1222 1118//1220 1273//1373
f 1148//1221 1190//1250 1272//1374
f 1233//1328 1235//1330 1149//1248
f 1191//1291 1234//1329 1041//1133
f 1236//1188 1234//1329 1306//1331
f 1194//1296 1275//1375 1238//1332
f 1123//1224 1098//1190 1276//1376
f 1194//1296 1150//1252 1278//1377
f 1124//1191 1309//1378 1151//1253
f 1124//1191 1123//1224 1309//1378
f 1310//1333 1239//1302 1312//1379
f 1126//1226 1101//1193 1353//1380
f 1353//1380 1101//1193 1153//1256
f 1314//1381 1200//1257 1100//1171
f 1200//1257 1201//1303 1127//1194
f 1204//1334 1128//1227 1201//1303
f 1279//1382 1204//1334 1201//1303
f 1204//1334 1279//1382 1240//1336
f 1281//1338 1205//1261 1242//1335
f 1084//1174 1399//1339 1159//1262
f 1245//1313 1209//1312 1210//1265
f 1169//1268 1323//1383 1213//1270
f 1283//1340 1284//1384 1137//1271
f 1324//1385 1167//1234 1170//1272
f 1247//1342 1137//1271 1287//1386
f 1137//1271 1284//1384 1287//1386
f 1168//1269 1286//1387 1107//1208
f 1247//1342 1287//1386 1215//1314
f 1247//1388 1285//1389 1287//1390
f 1368//1391 1171//1236 1215//1314
f 1286//1387 1110//1209 1107//1208
f 1171//1236 1368//1391 1090//1179
f 1090//1179 1368//1391 1249//1344
f 1031//1105 1248//1315 1216//1275
f 1248//1315 1111//1123 1288//1392
f 1219//1316 1289//1393 1250//1343
f 1111//1123 1139//1237 1288//1392
f 1138//1274 1173//1238 1290//1394
f 1109//1213 1033//1125 1218//1349
f 1288//1392 1139//1237 1251//1347
f 1138//1274 1290//1394 1293//1317
f 1067//1159 1292//1395 1114//1181
f 1291//1346 1292//1395 1067//1159
f 1294//1396 1070//1162 1220//1318
f 1091//1182 1330//1351 1328//1397
f 1376//1398 1295//1399 1331//1400
f 1295//1399 1376//1398 1296//1401
f 1295//1399 1296//1401 1334//1353
f 1333//1352 1183//1285 1221//1284
f 1334//1353 1179//1283 1257//1355
f 1222//1319 1336//1402 1255//1320
f 1257//1355 1258//1357 1417//1403
f 1297//1404 1225//1356 1261//1361
f 1255//1320 1298//1363 1182//1286
f 1299//1364 1262//1362 1260//1359
f 1226//1360 1259//1358 1300//1405
f 1299//1364 1260//1359 1142//1243
f 1266//1368 1387//1406 1267//1369
f 1302//1407 1267//1369 1387//1406
f 1269//1367 1301//1408 1266//1368
f 1302//1407 1341//1327 1267//1369
f 1267//1369 1341//1327 1271//1326
f 1269//1367 1271//1326 1303//1409
f 1341//1327 1187//1245 1147//1246
f 1231//1244 1304//1410 1118//1220
f 1271//1326 1148//1221 1303//1409
f 1188//1247 1232//1294 1428//1372
f 1272//1374 1190//1250 1193//1292
f 1235//1330 1305//1411 1192//1251
f 1306//1331 1234//1329 1345//1412
f 1307//1413 1344//1414 1274//1293
f 1192//1251 1307//1413 1274//1293
f 1306//1331 1308//1415 1237//1295
f 1098//1190 1237//1295 1308//1415
f 1150//1252 1152//1255 1392//1416
f 1150//1252 1392//1416 1278//1377
f 1275//1375 1194//1296 1278//1377
f 1195//1300 1311//1417 1197//1297
f 1126//1226 1198//1254 1125//1225
f 1197//1297 1313//1418 1239//1302
f 1311//1417 1313//1418 1197//1297
f 1353//1380 1153//1256 1315//1419
f 1153//1256 1154//1258 1394//1420
f 1316//1421 1201//1303 1200//1257
f 1104//1198 1129//1228 1396//1422
f 1207//1308 1157//1260 1317//1423
f 1319//1424 1318//1425 1280//1426
f 1319//1427 1280//1428 1317//1423
f 1317//1423 1280//1428 1207//1308
f 1280//1428 1319//1427 1207//1308
f 1207//1308 1443//1429 1160//1309
f 1206//1307 1161//1204 1400//1430
f 1161//1204 1209//1312 1400//1430
f 1106//1205 1320//1431 1164//1232
f 1135//1233 1321//1432 1166//1266
f 1322//1433 1135//1233 1165//1264
f 1320//1431 1106//1205 1282//1434
f 1167//1234 1282//1434 1106//1205
f 1363//1435 1209//1312 1245//1313
f 1169//1268 1211//1311 1323//1383
f 1213//1270 1323//1383 1283//1340
f 1324//1385 1282//1434 1167//1234
f 1446//1436 1245//1313 1246//1341
f 1287//1386 1284//1384 1215//1314
f 1286//1387 1326//1345 1110//1209
f 1109//1213 1218//1349 1325//1437
f 1370//1438 1140//1239 1249//1344
f 1219//1316 1327//1439 1289//1393
f 1173//1238 1114//1181 1290//1394
f 1140//1239 1370//1438 1252//1348
f 1114//1181 1292//1395 1290//1394
f 1218//1349 1091//1182 1328//1397
f 1254//1350 1329//1440 1178//1282
f 1178//1282 1329//1440 1220//1318
f 1329//1440 1294//1396 1220//1318
f 1294//1396 1330//1351 1070//1162
f 1376//1398 1377//1441 1296//1401
f 1295//1399 1332//1442 1331//1400
f 1335//1443 1332//1442 1295//1399
f 1377//1441 1333//1352 1296//1401
f 1333//1352 1334//1353 1296//1401
f 1335//1443 1295//1399 1334//1353
f 1505//1444 1183//1285 1333//1352
f 1459//1445 1258//1357 1380//1446
f 1380//1446 1258//1357 1225//1356
f 1141//1241 1379//1447 1256//1354
f 1141//1241 1338//1448 1379//1447
f 1071//1183 1338//1448 1141//1241
f 1071//1183 1183//1285 1338//1448
f 1263//1322 1298//1363 1339//1449
f 1226//1360 1300//1405 1261//1361
f 1263//1322 1339//1449 1185//1288
f 1264//1290 1185//1288 1340//1450
f 1386//1451 1266//1368 1301//1408
f 1269//1367 1303//1409 1301//1408
f 1187//1245 1341//1327 1302//1407
f 1232//1294 1342//1452 1428//1372
f 1303//1409 1148//1221 1272//1374
f 1233//1328 1428//1372 1343//1453
f 1120//1222 1273//1373 1191//1291
f 1274//1293 1342//1452 1232//1294
f 1344//1414 1342//1452 1274//1293
f 1191//1291 1433//1454 1234//1329
f 1195//1300 1277//1299 1348//1455
f 1277//1299 1310//1333 1347//1456
f 1276//1376 1350//1457 1123//1224
f 1152//1255 1198//1254 1349//1458
f 1309//1378 1351//1459 1151//1253
f 1199//1301 1151//1253 1351//1459
f 1352//1460 1312//1379 1239//1302
f 1353//1380 1198//1254 1126//1226
f 1199//1301 1314//1381 1100//1171
f 1354//1461 1200//1257 1314//1381
f 1315//1419 1153//1256 1394//1420
f 1355//1462 1356//1463 1316//1464
f 1355//1465 1316//1421 1200//1257
f 1316//1421 1355//1465 1201//1303
f 1154//1258 1202//1304 1395//1466
f 1523//1467 1279//1382 1201//1303
f 1357//1468 1202//1304 1130//1229
f 1130//1229 1158//1306 1357//1468
f 1104//1198 1396//1422 1244//1203
f 1159//1262 1399//1339 1156//1259
f 1443//1429 1319//1427 1317//1423
f 1207//1308 1319//1427 1443//1429
f 1358//1469 1158//1306 1163//1231
f 1162//1263 1358//1469 1163//1231
f 1162//1263 1164//1232 1320//1431
f 1358//1469 1162//1263 1320//1431
f 1165//1264 1281//1338 1359//1470
f 1443//1429 1361//1471 1160//1309
f 1209//1312 1360//1472 1400//1430
f 1160//1309 1361//1471 1208//1310
f 1359//1470 1322//1433 1165//1264
f 1166//1266 1321//1432 1362//1473
f 1208//1310 1361//1471 1211//1311
f 1361//1471 1364//1474 1211//1311
f 1166//1266 1362//1473 1212//1267
f 1362//1473 1168//1269 1212//1267
f 1168//1269 1366//1475 1286//1387
f 1368//1391 1215//1314 1284//1384
f 1214//1206 1109//1213 1325//1437
f 1288//1392 1251//1347 1492//1476
f 1216//1275 1369//1477 1291//1346
f 1326//1345 1408//1478 1177//1281
f 1177//1281 1408//1478 1251//1347
f 1327//1439 1219//1316 1371//1479
f 1372//1480 1293//1317 1290//1394
f 1253//1240 1371//1479 1219//1316
f 1373//1481 1371//1479 1253//1240
f 1253//1240 1252//1348 1373//1481
f 1374//1482 1293//1317 1372//1480
f 1293//1317 1374//1482 1254//1350
f 1254//1350 1412//1483 1329//1440
f 1328//1397 1330//1351 1456//1484
f 1331//1400 1375//1485 1376//1398
f 1335//1443 1334//1353 1417//1403
f 1257//1355 1417//1403 1334//1353
f 1255//1320 1336//1402 1337//1486
f 1256//1354 1378//1487 1222//1319
f 1379//1447 1378//1487 1256//1354
f 1258//1357 1459//1445 1417//1403
f 1225//1356 1297//1404 1380//1446
f 1338//1448 1183//1285 1505//1444
f 1337//1486 1298//1363 1255//1320
f 1262//1362 1381//1488 1259//1358
f 1381//1488 1262//1362 1299//1364
f 1383//1489 1419//1490 1184//1287
f 1419//1490 1299//1364 1184//1287
f 1382//1491 1185//1288 1339//1449
f 1228//1323 1383//1489 1184//1287
f 1228//1323 1384//1492 1383//1489
f 1185//1288 1382//1491 1340//1450
f 1228//1323 1186//1289 1385//1493
f 1231//1244 1264//1290 1340//1450
f 1387//1406 1420//1494 1302//1407
f 1340//1450 1304//1410 1231//1244
f 1302//1407 1420//1494 1187//1245
f 1187//1245 1420//1494 1270//1371
f 1301//1408 1303//1409 1388//1495
f 1118//1220 1304//1410 1273//1373
f 1272//1374 1193//1292 1389//1496
f 1305//1411 1307//1413 1192//1251
f 1344//1414 1346//1497 1390//1498
f 1346//1497 1344//1414 1307//1413
f 1434//1499 1389//1496 1193//1292
f 1193//1292 1238//1332 1434//1499
f 1391//1500 1308//1415 1306//1331
f 1277//1299 1347//1456 1348//1455
f 1098//1190 1308//1415 1276//1376
f 1392//1416 1152//1255 1349//1458
f 1123//1224 1350//1457 1309//1378
f 1355//1465 1200//1257 1393//1501
f 1355//1465 1393//1501 1201//1303
f 1394//1420 1154//1258 1395//1466
f 1357//1468 1395//1466 1202//1304
f 1241//1305 1396//1422 1203//1197
f 1396//1422 1129//1228 1203//1197
f 1279//1382 1398//1502 1240//1336
f 1241//1305 1156//1259 1397//1503
f 1157//1260 1243//1337 1317//1423
f 1525//1504 1242//1335 1240//1336
f 1242//1335 1525//1504 1281//1338
f 1156//1259 1399//1339 1397//1503
f 1243//1337 1206//1307 1400//1430
f 1244//1203 1396//1422 1399//1339
f 1363//1435 1360//1472 1209//1312
f 1445//1505 1320//1431 1282//1434
f 1364//1474 1401//1506 1211//1311
f 1282//1434 1324//1385 1445//1505
f 1245//1313 1446//1436 1363//1435
f 1211//1311 1401//1506 1323//1383
f 1449//1507 1448//1508 1365//1509
f 1448//1508 1402//1510 1365//1509
f 1362//1473 1403//1511 1168//1269
f 1365//1509 1404//1512 1449//1507
f 1404//1512 1365//1509 1402//1510
f 1246//1341 1214//1206 1367//1513
f 1449//1507 1404//1512 1405//1514
f 1406//1515 1405//1514 1404//1512
f 1250//1343 1407//1516 1172//1273
f 1325//1437 1367//1513 1214//1206
f 1452//1517 1453//1518 1368//1391
f 1368//1391 1453//1518 1249//1344
f 1248//1315 1288//1392 1494//1519
f 1216//1275 1248//1315 1494//1519
f 1325//1437 1218//1349 1409//1520
f 1453//1518 1370//1438 1249//1344
f 1216//1275 1494//1519 1369//1477
f 1218//1349 1328//1397 1409//1520
f 1290//1394 1292//1395 1410//1521
f 1411//1522 1252//1348 1370//1438
f 1413//1523 1330//1351 1294//1396
f 1376//1398 1414//1524 1377//1441
f 1332//1442 1335//1443 1415//1525
f 1416//1526 1333//1352 1377//1441
f 1297//1404 1261//1361 1418//1527
f 1259//1358 1381//1488 1300//1405
f 1228//1323 1385//1493 1384//1492
f 1266//1368 1386//1451 1387//1406
f 1268//1370 1467//1528 1186//1289
f 1388//1529 1424//1530 1425//1531
f 1388//1495 1425//1532 1301//1408
f 1423//1533 1512//1534 1422//1535
f 1388//1495 1303//1409 1427//1536
f 1388//1495 1427//1536 1425//1532
f 1427//1536 1303//1409 1426//1537
f 1426//1537 1303//1409 1272//1374
f 1423//1533 1470//1538 1512//1534
f 1343//1453 1429//1539 1233//1328
f 1233//1328 1429//1539 1235//1330
f 1272//1374 1389//1496 1430//1540
f 1433//1454 1191//1291 1273//1373
f 1474//1541 1342//1452 1344//1414
f 1432//1542 1474//1541 1344//1414
f 1515//1543 1432//1542 1344//1414
f 1517//1544 1515//1543 1390//1498
f 1515//1543 1344//1414 1390//1498
f 1307//1413 1435//1545 1346//1497
f 1310//1333 1436//1546 1347//1456
f 1278//1377 1392//1416 1437//1547
f 1310//1333 1312//1379 1436//1546
f 1349//1458 1198//1254 1439//1548
f 1351//1459 1314//1381 1199//1301
f 1198//1254 1353//1380 1439//1548
f 1239//1302 1313//1418 1352//1460
f 1563//1549 1353//1380 1315//1419
f 1393//1501 1200//1257 1354//1461
f 1440//1550 1201//1303 1393//1501
f 1394//1420 1395//1466 1441//1551
f 1397//1503 1396//1422 1241//1305
f 1525//1504 1240//1336 1398//1502
f 1317//1423 1243//1337 1528//1552
f 1400//1430 1442//1553 1243//1337
f 1399//1339 1396//1422 1397//1503
f 1358//1469 1357//1468 1158//1306
f 1358//1469 1320//1431 1445//1505
f 1445//1505 1444//1554 1358//1469
f 1321//1432 1135//1233 1532//1555
f 1322//1433 1532//1555 1135//1233
f 1448//1508 1449//1507 1447//1556
f 1283//1340 1323//1383 1538//1557
f 1284//1384 1283//1340 1538//1557
f 1403//1511 1366//1475 1168//1269
f 1450//1558 1246//1341 1367//1513
f 1451//1559 1449//1507 1405//1514
f 1172//1273 1489//1560 1170//1272
f 1172//1273 1407//1516 1489//1560
f 1250//1343 1289//1393 1407//1516
f 1490//1561 1408//1478 1326//1345
f 1286//1387 1490//1561 1326//1345
f 1492//1476 1494//1519 1288//1392
f 1492//1476 1251//1347 1408//1478
f 1289//1393 1327//1439 1611//1562
f 1372//1480 1290//1394 1410//1521
f 1373//1481 1252//1348 1411//1522
f 1328//1397 1456//1484 1454//1563
f 1374//1482 1455//1564 1254//1350
f 1412//1483 1254//1350 1455//1564
f 1330//1351 1413//1523 1456//1484
f 1294//1396 1501//1565 1413//1523
f 1376//1398 1375//1485 1414//1524
f 1332//1442 1457//1566 1331//1400
f 1415//1525 1335//1443 1458//1567
f 1458//1567 1335//1443 1459//1445
f 1416//1526 1505//1444 1333//1352
f 1459//1445 1335//1443 1417//1403
f 1222//1319 1378//1487 1336//1402
f 1379//1447 1338//1448 1505//1444
f 1337//1486 1460//1568 1298//1363
f 1418//1527 1261//1361 1461//1569
f 1261//1361 1300//1405 1461//1569
f 1300//1405 1381//1488 1462//1570
f 1507//1571 1463//1572 1462//1570
f 1386//1451 1466//1573 1387//1406
f 1385//1493 1465//1574 1384//1492
f 1421//1575 1386//1451 1301//1408
f 1385//1493 1467//1528 1465//1574
f 1186//1289 1467//1528 1385//1493
f 1507//1571 1467//1528 1268//1370
f 1268//1370 1270//1371 1507//1571
f 1340//1450 1511//1576 1304//1410
f 1301//1408 1425//1532 1421//1575
f 1425//1532 1427//1536 1421//1575
f 1469//1577 1426//1578 1468//1579
f 1469//1580 1427//1536 1426//1537
f 1426//1537 1272//1374 1469//1580
f 1470//1538 1471//1581 1512//1534
f 1423//1533 1472//1582 1470//1538
f 1513//1583 1428//1372 1342//1452
f 1471//1581 1470//1538 1473//1584
f 1472//1582 1473//1584 1470//1538
f 1474//1541 1515//1543 1342//1452
f 1474//1541 1432//1542 1515//1543
f 1474//1585 1431//1586 1432//1587
f 1234//1329 1433//1454 1345//1412
f 1235//1330 1429//1539 1305//1411
f 1305//1411 1475//1588 1307//1413
f 1390//1498 1346//1497 1517//1544
f 1476//1589 1434//1499 1238//1332
f 1477//1590 1346//1497 1435//1545
f 1476//1589 1238//1332 1275//1375
f 1311//1417 1195//1300 1348//1455
f 1350//1457 1438//1591 1309//1378
f 1351//1459 1309//1378 1478//1592
f 1438//1591 1478//1592 1309//1378
f 1436//1546 1312//1379 1521//1593
f 1312//1379 1352//1460 1521//1593
f 1313//1418 1311//1417 1598//1594
f 1314//1381 1351//1459 1478//1592
f 1313//1418 1598//1594 1352//1460
f 1394//1420 1563//1549 1315//1419
f 1440//1595 1479//1596 1480//1597
f 1440//1550 1393//1501 1479//1598
f 1440//1550 1523//1467 1201//1303
f 1440//1550 1479//1598 1523//1467
f 1395//1466 1357//1468 1481//1599
f 1483//1600 1442//1601 1482//1602
f 1483//1603 1528//1552 1442//1553
f 1528//1552 1243//1337 1442//1553
f 1442//1553 1400//1430 1483//1603
f 1400//1430 1360//1472 1484//1604
f 1281//1338 1525//1504 1359//1470
f 1362//1473 1321//1432 1485//1605
f 1538//1557 1323//1383 1401//1506
f 1246//1341 1488//1606 1446//1436
f 1246//1341 1450//1558 1488//1606
f 1402//1510 1487//1607 1404//1512
f 1486//1608 1449//1507 1451//1559
f 1324//1385 1170//1272 1539//1609
f 1539//1609 1170//1272 1489//1560
f 1286//1387 1366//1475 1490//1561
f 1452//1517 1368//1391 1538//1557
f 1284//1384 1538//1557 1368//1391
f 1491//1610 1404//1512 1487//1607
f 1404//1512 1491//1610 1406//1515
f 1452//1517 1367//1513 1453//1518
f 1492//1476 1490//1561 1608//1611
f 1493//1612 1451//1559 1405//1514
f 1406//1515 1493//1612 1405//1514
f 1453//1518 1367//1513 1409//1520
f 1492//1476 1408//1478 1490//1561
f 1367//1513 1325//1437 1409//1520
f 1453//1518 1542//1613 1370//1438
f 1371//1479 1611//1562 1327//1439
f 1409//1520 1328//1397 1496//1614
f 1291//1346 1369//1477 1495//1615
f 1291//1346 1495//1615 1292//1395
f 1496//1614 1328//1397 1454//1563
f 1412//1483 1294//1396 1329//1440
f 1547//1616 1454//1563 1456//1484
f 1547//1617 1498//1618 1499//1619
f 1547//1616 1499//1620 1454//1563
f 1500//1621 1454//1563 1499//1620
f 1497//1622 1454//1563 1500//1621
f 1374//1482 1545//1623 1455//1564
f 1331//1400 1502//1624 1375//1485
f 1457//1566 1502//1624 1331//1400
f 1457//1566 1332//1442 1415//1525
f 1414//1524 1416//1526 1377//1441
f 1504//1625 1336//1402 1378//1487
f 1416//1526 1503//1626 1505//1444
f 1297//1404 1553//1627 1380//1446
f 1299//1364 1419//1490 1381//1488
f 1339//1449 1506//1628 1382//1491
f 1300//1405 1463//1572 1461//1569
f 1463//1572 1300//1405 1462//1570
f 1464//1629 1461//1569 1463//1572
f 1555//1630 1340//1450 1382//1491
f 1463//1572 1507//1571 1508//1631
f 1464//1629 1463//1572 1508//1631
f 1464//1629 1387//1406 1466//1573
f 1387//1406 1464//1629 1508//1631
f 1270//1371 1508//1631 1507//1571
f 1387//1406 1508//1631 1420//1494
f 1508//1631 1270//1371 1420//1494
f 1422//1535 1510//1632 1423//1533
f 1272//1374 1427//1536 1469//1580
f 1343//1453 1428//1372 1514//1633
f 1273//1373 1304//1410 1655//1634
f 1433//1454 1273//1373 1516//1635
f 1345//1412 1433//1454 1593//1636
f 1593//1636 1391//1500 1345//1412
f 1345//1412 1391//1500 1306//1331
f 1307//1413 1475//1588 1435//1545
f 1391//1500 1518//1637 1308//1415
f 1275//1375 1437//1547 1476//1589
f 1347//1456 1436//1546 1519//1638
f 1348//1455 1347//1456 1519//1638
f 1437//1547 1275//1375 1278//1377
f 1520//1639 1276//1376 1308//1415
f 1519//1638 1311//1417 1348//1455
f 1520//1639 1350//1457 1276//1376
f 1438//1591 1350//1457 1520//1639
f 1521//1593 1352//1460 1598//1594
f 1563//1549 1394//1420 1565//1640
f 1479//1598 1393//1501 1523//1467
f 1524//1641 1441//1551 1395//1466
f 1395//1466 1481//1599 1524//1641
f 1523//1467 1398//1502 1279//1382
f 1526//1642 1527//1643 1569//1644
f 1527//1643 1529//1645 1569//1644
f 1400//1430 1528//1552 1483//1603
f 1443//1429 1317//1423 1570//1646
f 1357//1468 1358//1469 1530//1647
f 1361//1471 1443//1429 1571//1648
f 1444//1554 1530//1647 1358//1469
f 1361//1471 1571//1648 1364//1474
f 1321//1432 1532//1555 1485//1605
f 1531//1649 1322//1433 1359//1470
f 1531//1649 1532//1555 1322//1433
f 1448//1508 1447//1556 1533//1650
f 1364//1474 1534//1651 1401//1506
f 1402//1510 1448//1508 1533//1650
f 1403//1511 1362//1473 1485//1605
f 1536//1652 1403//1511 1574//1653
f 1535//1654 1538//1557 1401//1506
f 1447//1556 1449//1507 1486//1608
f 1488//1606 1537//1655 1446//1436
f 1536//1652 1366//1475 1403//1511
f 1490//1561 1366//1475 1536//1652
f 1536//1652 1608//1611 1490//1561
f 1540//1656 1491//1610 1487//1607
f 1450//1558 1367//1513 1577//1657
f 1367//1513 1452//1517 1577//1657
f 1538//1557 1577//1657 1452//1517
f 1407//1516 1289//1393 1609//1658
f 1609//1658 1289//1393 1611//1562
f 1453//1518 1409//1520 1541//1659
f 1579//1660 1369//1477 1494//1519
f 1541//1659 1409//1520 1496//1614
f 1410//1521 1612//1661 1580//1662
f 1495//1615 1612//1661 1292//1395
f 1612//1661 1410//1521 1292//1395
f 1410//1521 1580//1662 1372//1480
f 1581//1663 1371//1479 1373//1481
f 1542//1613 1543//1664 1370//1438
f 1543//1664 1411//1522 1370//1438
f 1543//1664 1544//1665 1411//1522
f 1372//1480 1545//1623 1374//1482
f 1454//1563 1497//1622 1613//1666
f 1613//1666 1497//1622 1543//1664
f 1497//1622 1546//1667 1543//1664
f 1548//1668 1294//1396 1412//1483
f 1549//1669 1547//1616 1456//1484
f 1499//1620 1549//1669 1500//1621
f 1499//1620 1547//1616 1549//1669
f 1500//1621 1546//1667 1497//1622
f 1294//1396 1548//1668 1501//1565
f 1375//1485 1550//1670 1551//1671
f 1375//1485 1502//1624 1550//1670
f 1375//1485 1551//1671 1414//1524
f 1379//1447 1552//1672 1378//1487
f 1503//1626 1552//1672 1379//1447
f 1503//1626 1379//1447 1505//1444
f 1504//1625 1337//1486 1336//1402
f 1339//1449 1298//1363 1460//1568
f 1460//1568 1554//1673 1339//1449
f 1339//1449 1554//1673 1506//1628
f 1381//1488 1419//1490 1588//1674
f 1381//1488 1588//1674 1462//1570
f 1649//1675 1507//1571 1462//1570
f 1386//1451 1556//1676 1466//1573
f 1386//1451 1421//1575 1556//1676
f 1507//1571 1649//1675 1467//1528
f 1422//1535 1509//1677 1510//1632
f 1557//1678 1589//1679 1421//1575
f 1421//1575 1427//1536 1557//1678
f 1512//1534 1558//1680 1422//1535
f 1511//1576 1655//1634 1304//1410
f 1471//1581 1558//1680 1512//1534
f 1423//1533 1510//1632 1472//1582
f 1517//1544 1560//1681 1515//1543
f 1305//1411 1429//1539 1695//1682
f 1389//1496 1559//1683 1430//1540
f 1389//1496 1434//1499 1559//1683
f 1559//1683 1434//1499 1561//1684
f 1346//1497 1594//1685 1517//1544
f 1518//1637 1520//1639 1308//1415
f 1521//1593 1519//1638 1436//1546
f 1519//1638 1598//1594 1311//1417
f 1314//1381 1478//1592 1562//1686
f 1562//1686 1354//1461 1314//1381
f 1600//1687 1563//1549 1565//1640
f 1522//1688 1564//1689 1600//1687
f 1354//1461 1626//1690 1393//1501
f 1600//1687 1565//1640 1522//1688
f 1441//1551 1565//1640 1394//1420
f 1567//1691 1398//1502 1523//1467
f 1524//1641 1481//1599 1663//1692
f 1481//1599 1568//1693 1663//1692
f 1317//1423 1528//1552 1570//1646
f 1529//1645 1606//1694 1569//1644
f 1400//1430 1484//1604 1528//1552
f 1525//1504 1572//1695 1359//1470
f 1444//1554 1445//1505 1573//1696
f 1574//1653 1532//1555 1531//1649
f 1532//1555 1574//1653 1485//1605
f 1445//1505 1324//1385 1575//1697
f 1574//1653 1403//1511 1485//1605
f 1534//1651 1535//1654 1401//1506
f 1533//1650 1487//1607 1402//1510
f 1575//1697 1324//1385 1539//1609
f 1538//1557 1535//1654 1577//1657
f 1577//1657 1535//1654 1450//1558
f 1491//1610 1540//1656 1578//1698
f 1608//1611 1636//1699 1492//1476
f 1492//1476 1636//1699 1494//1519
f 1610//1700 1493//1612 1406//1515
f 1541//1659 1542//1613 1453//1518
f 1542//1613 1613//1666 1543//1664
f 1373//1481 1411//1522 1581//1663
f 1496//1614 1454//1563 1613//1666
f 1544//1665 1543//1664 1546//1667
f 1500//1621 1549//1669 1616//1701
f 1500//1621 1642//1702 1546//1667
f 1500//1621 1616//1701 1642//1702
f 1457//1566 1415//1525 1582//1703
f 1416//1526 1414//1524 1583//1704
f 1583//1704 1584//1705 1416//1526
f 1416//1526 1584//1705 1503//1626
f 1552//1672 1503//1626 1584//1705
f 1380//1446 1553//1627 1459//1445
f 1459//1445 1553//1627 1617//1706
f 1585//1707 1337//1486 1504//1625
f 1460//1568 1337//1486 1585//1707
f 1553//1627 1297//1404 1418//1527
f 1460//1568 1586//1708 1554//1673
f 1554//1709 1587//1710 1586//1711
f 1554//1673 1586//1708 1506//1628
f 1506//1628 1555//1630 1382//1491
f 1621//1712 1340//1450 1555//1630
f 1511//1576 1340//1450 1621//1712
f 1650//1713 1465//1574 1467//1528
f 1467//1528 1649//1675 1650//1713
f 1509//1677 1422//1535 1558//1680
f 1557//1678 1427//1536 1590//1714
f 1427//1536 1272//1374 1590//1714
f 1272//1374 1430//1540 1590//1714
f 1655//1634 1624//1715 1273//1373
f 1473//1584 1472//1582 1657//1716
f 1592//1717 1624//1718 1591//1719
f 1592//1720 1273//1373 1624//1715
f 1273//1373 1592//1720 1516//1635
f 1433//1454 1516//1635 1593//1636
f 1305//1411 1695//1682 1475//1588
f 1475//1588 1595//1721 1435//1545
f 1434//1499 1476//1589 1561//1684
f 1435//1545 1595//1721 1477//1590
f 1597//1722 1596//1723 1392//1416
f 1437//1547 1392//1416 1596//1723
f 1520//1639 1659//1724 1438//1591
f 1349//1458 1597//1722 1392//1416
f 1478//1592 1438//1591 1659//1724
f 1598//1594 1519//1638 1521//1593
f 1349//1458 1439//1548 1599//1725
f 1439//1548 1353//1380 1563//1549
f 1564//1689 1522//1688 1602//1726
f 1601//1727 1564//1689 1602//1726
f 1393//1501 1626//1690 1523//1467
f 1522//1688 1565//1640 1566//1728
f 1522//1688 1629//1729 1602//1726
f 1566//1728 1629//1729 1522//1688
f 1663//1692 1604//1730 1524//1641
f 1398//1502 1605//1731 1525//1504
f 1526//1642 1607//1732 1527//1643
f 1357//1468 1530//1647 1481//1599
f 1606//1694 1529//1645 1631//1733
f 1572//1695 1525//1504 1605//1731
f 1527//1643 1607//1732 1632//1734
f 1529//1645 1527//1643 1632//1734
f 1570//1646 1571//1648 1443//1429
f 1359//1470 1572//1695 1531//1649
f 1364//1474 1571//1648 1534//1651
f 1363//1435 1446//1436 1537//1655
f 1573//1696 1445//1505 1575//1697
f 1574//1653 1576//1735 1536//1652
f 1536//1652 1576//1735 1608//1611
f 1489//1560 1407//1516 1609//1658
f 1406//1515 1491//1610 1610//1700
f 1494//1519 1636//1699 1579//1660
f 1637//1736 1611//1562 1371//1479
f 1493//1612 1580//1662 1612//1661
f 1610//1700 1580//1662 1493//1612
f 1372//1480 1580//1662 1610//1700
f 1637//1736 1371//1479 1581//1663
f 1613//1666 1541//1659 1496//1614
f 1495//1615 1369//1477 1639//1737
f 1413//1523 1614//1738 1456//1484
f 1413//1523 1501//1565 1548//1668
f 1546//1667 1615//1739 1544//1665
f 1644//1740 1502//1624 1457//1566
f 1583//1704 1414//1524 1551//1671
f 1378//1487 1646//1741 1504//1625
f 1552//1672 1646//1741 1378//1487
f 1617//1706 1458//1567 1459//1445
f 1553//1627 1418//1527 1647//1742
f 1585//1707 1618//1743 1460//1568
f 1461//1569 1647//1742 1418//1527
f 1618//1743 1506//1628 1460//1568
f 1460//1568 1506//1628 1586//1708
f 1383//1489 1588//1674 1419//1490
f 1506//1628 1686//1744 1555//1630
f 1465//1574 1588//1674 1383//1489
f 1464//1629 1620//1745 1461//1569
f 1383//1489 1384//1492 1465//1574
f 1466//1573 1556//1676 1651//1746
f 1421//1575 1622//1747 1556//1676
f 1622//1747 1421//1575 1589//1679
f 1510//1632 1742//1748 1472//1582
f 1428//1372 1513//1583 1514//1633
f 1558//1680 1471//1581 1689//1749
f 1514//1633 1694//1750 1343//1453
f 1624//1715 1655//1634 1516//1635
f 1694//1750 1429//1539 1343//1453
f 1624//1715 1516//1635 1592//1720
f 1695//1682 1429//1539 1694//1750
f 1745//1751 1391//1500 1593//1636
f 1518//1637 1391//1500 1745//1751
f 1517//1544 1594//1685 1625//1752
f 1346//1497 1477//1590 1594//1685
f 1349//1458 1599//1725 1597//1722
f 1599//1725 1439//1548 1563//1549
f 1562//1686 1626//1690 1354//1461
f 1698//1753 1564//1689 1601//1727
f 1600//1687 1564//1689 1698//1753
f 1523//1467 1626//1690 1627//1754
f 1441//1551 1603//1755 1565//1640
f 1565//1640 1603//1755 1566//1728
f 1441//1551 1604//1730 1628//1756
f 1629//1729 1566//1728 1704//1757
f 1441//1551 1524//1641 1604//1730
f 1567//1691 1605//1731 1398//1502
f 1526//1642 1569//1644 1665//1758
f 1570//1646 1528//1552 1630//1759
f 1570//1646 1630//1759 1571//1648
f 1529//1645 1632//1734 1631//1733
f 1360//1472 1708//1760 1484//1604
f 1530//1647 1444//1554 1573//1696
f 1537//1655 1633//1761 1363//1435
f 1575//1697 1713//1762 1573//1696
f 1634//1763 1447//1556 1486//1608
f 1535//1654 1534//1651 1450//1558
f 1487//1607 1635//1764 1540//1656
f 1636//1699 1608//1611 1576//1735
f 1486//1608 1451//1559 1671//1765
f 1609//1658 1637//1736 1489//1560
f 1578//1698 1638//1766 1491//1610
f 1610//1700 1491//1610 1638//1766
f 1609//1658 1611//1562 1637//1736
f 1541//1659 1613//1666 1542//1613
f 1369//1477 1579//1660 1639//1737
f 1640//1767 1495//1615 1639//1737
f 1372//1480 1641//1768 1545//1623
f 1581//1663 1411//1522 1675//1769
f 1678//1770 1677//1771 1412//1483
f 1455//1564 1678//1770 1412//1483
f 1679//1772 1614//1738 1413//1523
f 1544//1665 1615//1739 1411//1522
f 1545//1623 1641//1768 1455//1564
f 1412//1483 1677//1771 1548//1668
f 1413//1523 1548//1668 1679//1772
f 1614//1738 1549//1669 1456//1484
f 1643//1773 1502//1624 1644//1740
f 1502//1624 1643//1773 1550//1670
f 1457//1566 1582//1703 1644//1740
f 1583//1704 1551//1671 1645//1774
f 1645//1774 1584//1705 1583//1704
f 1553//1627 1647//1742 1617//1706
f 1461//1569 1619//1775 1647//1742
f 1648//1776 1686//1744 1506//1628
f 1462//1570 1588//1674 1649//1675
f 1620//1745 1464//1629 1651//1746
f 1555//1630 1686//1744 1621//1712
f 1650//1713 1588//1674 1465//1574
f 1649//1675 1588//1674 1650//1713
f 1466//1573 1651//1746 1464//1629
f 1623//1777 1652//1778 1740//1779
f 1509//1677 1653//1780 1654//1781
f 1510//1632 1509//1677 1654//1781
f 1509//1677 1558//1680 1653//1780
f 1739//1782 1655//1634 1511//1576
f 1656//1783 1689//1749 1471//1581
f 1473//1584 1656//1783 1471//1581
f 1473//1584 1657//1716 1656//1783
f 1342//1452 1515//1543 1513//1583
f 1516//1635 1692//1784 1593//1636
f 1658//1785 1518//1637 1745//1751
f 1518//1637 1749//1786 1520//1639
f 1520//1639 1749//1786 1659//1724
f 1596//1723 1660//1787 1437//1547
f 1599//1725 1563//1549 1697//1788
f 1697//1788 1563//1549 1600//1687
f 1661//1789 1562//1686 1478//1592
f 1627//1754 1567//1691 1523//1467
f 1662//1790 1604//1730 1663//1692
f 1567//1691 1705//1791 1605//1731
f 1702//1792 1664//1793 1784//1794
f 1665//1758 1569//1644 1606//1694
f 1526//1642 1665//1758 1666//1795
f 1526//1642 1666//1795 1607//1732
f 1667//1796 1568//1693 1481//1599
f 1481//1599 1530//1647 1667//1796
f 1630//1759 1528//1552 1484//1604
f 1571//1648 1630//1759 1709//1797
f 1360//1472 1363//1435 1708//1760
f 1708//1760 1363//1435 1633//1761
f 1709//1797 1534//1651 1571//1648
f 1633//1761 1537//1655 1712//1798
f 1531//1649 1668//1799 1574//1653
f 1533//1650 1447//1556 1669//1800
f 1574//1653 1668//1799 1576//1735
f 1669//1800 1487//1607 1533//1650
f 1539//1609 1670//1801 1575//1697
f 1537//1655 1488//1606 1712//1798
f 1712//1798 1450//1558 1534//1651
f 1450//1558 1712//1798 1488//1606
f 1635//1764 1672//1802 1540//1656
f 1489//1560 1764//1803 1670//1801
f 1489//1560 1670//1801 1539//1609
f 1715//1804 1636//1699 1576//1735
f 1672//1802 1578//1698 1540//1656
f 1671//1765 1451//1559 1673//1805
f 1764//1803 1489//1560 1637//1736
f 1638//1766 1578//1698 1674//1806
f 1637//1736 1581//1663 1718//1807
f 1372//1480 1610//1700 1638//1766
f 1718//1807 1581//1663 1675//1769
f 1720//1808 1639//1737 1579//1660
f 1676//1809 1372//1480 1638//1766
f 1641//1768 1372//1480 1676//1809
f 1640//1767 1612//1661 1495//1615
f 1411//1522 1615//1739 1680//1810
f 1681//1811 1549//1669 1614//1738
f 1642//1702 1723//1812 1546//1667
f 1643//1773 1796//1813 1550//1670
f 1725//1814 1551//1671 1726//1815
f 1550//1670 1726//1815 1551//1671
f 1644//1740 1582//1703 1727//1816
f 1725//1814 1682//1817 1551//1671
f 1645//1774 1551//1671 1682//1817
f 1584//1705 1729//1818 1552//1672
f 1585//1707 1504//1625 1851//1819
f 1585//1707 1851//1819 1683//1820
f 1683//1820 1618//1743 1585//1707
f 1685//1821 1619//1775 1620//1745
f 1461//1569 1620//1745 1619//1775
f 1648//1776 1684//1822 1686//1744
f 1621//1712 1686//1744 1735//1823
f 1739//1782 1621//1712 1687//1824
f 1623//1777 1687//1824 1652//1778
f 1621//1712 1739//1782 1511//1576
f 1688//1825 1687//1824 1623//1777
f 1510//1632 1654//1781 1742//1748
f 1690//1826 1623//1777 1740//1779
f 1690//1826 1688//1825 1623//1777
f 1688//1825 1655//1634 1739//1782
f 1655//1634 1688//1825 1516//1635
f 1688//1825 1690//1826 1516//1635
f 1516//1635 1690//1826 1692//1784
f 1514//1633 1513//1583 1691//1827
f 1430//1540 1693//1828 1590//1714
f 1472//1582 1742//1748 1657//1716
f 1694//1750 1514//1633 1775//1829
f 1696//1830 1693//1828 1430//1540
f 1692//1784 1745//1751 1593//1636
f 1430//1540 1559//1683 1696//1830
f 1775//1829 1475//1588 1695//1682
f 1560//1681 1517//1544 1625//1752
f 1595//1721 1475//1588 1800//1831
f 1561//1684 1476//1589 1748//1832
f 1659//1724 1661//1789 1478//1592
f 1626//1690 1805//1833 1627//1754
f 1441//1551 1628//1756 1603//1755
f 1566//1728 1603//1755 1701//1834
f 1662//1790 1700//1835 1604//1730
f 1703//1836 1702//1792 1784//1794
f 1753//1837 1664//1793 1702//1792
f 1664//1793 1757//1838 1784//1794
f 1706//1839 1665//1758 1606//1694
f 1568//1693 1707//1840 1663//1692
f 1630//1759 1484//1604 1708//1760
f 1709//1797 1630//1759 1708//1760
f 1711//1841 1531//1649 1572//1695
f 1534//1651 1709//1797 1633//1761
f 1534//1651 1633//1761 1712//1798
f 1668//1799 1531//1649 1711//1841
f 1669//1800 1447//1556 1634//1763
f 1487//1607 1669//1800 1714//1842
f 1487//1607 1714//1842 1635//1764
f 1668//1799 1715//1804 1576//1735
f 1671//1765 1634//1763 1486//1608
f 1788//1843 1716//1844 1635//1764
f 1716//1844 1672//1802 1635//1764
f 1765//1845 1578//1698 1672//1802
f 1674//1806 1578//1698 1765//1845
f 1764//1803 1637//1736 1718//1807
f 1451//1559 1493//1612 1673//1805
f 1673//1805 1493//1612 1719//1846
f 1721//1847 1641//1768 1676//1809
f 1677//1771 1722//1848 1679//1772
f 1455//1564 1721//1847 1678//1770
f 1679//1772 1548//1668 1677//1771
f 1675//1769 1411//1522 1680//1810
f 1721//1847 1455//1564 1641//1768
f 1681//1811 1616//1701 1549//1669
f 1796//1813 1795//1849 1726//1815
f 1643//1773 1644//1740 1724//1850
f 1795//1849 1725//1814 1726//1815
f 1550//1670 1796//1813 1726//1815
f 1582//1703 1415//1525 1728//1851
f 1729//1818 1646//1741 1552//1672
f 1645//1774 1769//1852 1584//1705
f 1415//1525 1458//1567 1728//1851
f 1646//1741 1730//1853 1504//1625
f 1728//1851 1458//1567 1617//1706
f 1617//1706 1770//1854 1728//1851
f 1647//1742 1731//1855 1617//1706
f 1618//1743 1683//1820 1733//1856
f 1648//1776 1732//1857 1684//1822
f 1733//1856 1732//1857 1648//1776
f 1506//1628 1733//1856 1648//1776
f 1618//1743 1733//1856 1506//1628
f 1771//1858 1684//1822 1732//1857
f 1684//1822 1735//1823 1686//1744
f 1620//1745 1651//1746 1734//1859
f 1737//1860 1621//1712 1735//1823
f 1621//1712 1737//1860 1687//1824
f 1736//1861 1652//1778 1737//1860
f 1687//1824 1737//1860 1652//1778
f 1652//1778 1736//1861 1738//1862
f 1738//1862 1740//1779 1652//1778
f 1739//1782 1687//1824 1688//1825
f 1653//1780 1558//1680 1689//1749
f 1743//1863 1740//1779 1741//1864
f 1740//1779 1743//1863 1690//1826
f 1690//1826 1745//1751 1692//1784
f 1746//1865 1691//1827 1513//1583
f 1513//1583 1515//1543 1746//1865
f 1746//1865 1515//1543 1560//1681
f 1695//1682 1694//1750 1775//1829
f 1559//1683 1747//1866 1696//1830
f 1747//1866 1559//1683 1561//1684
f 1748//1832 1747//1866 1561//1684
f 1658//1785 1749//1786 1518//1637
f 1477//1590 1595//1721 1594//1685
f 1476//1589 1437//1547 1779//1867
f 1597//1722 1599//1725 1596//1723
f 1750//1868 1600//1687 1804//1869
f 1697//1788 1600//1687 1750//1868
f 1600//1687 1698//1753 1804//1869
f 1698//1753 1601//1727 1699//1870
f 1698//1753 1699//1870 1751//1871
f 1601//1727 1602//1726 1699//1870
f 1602//1726 1629//1729 1752//1872
f 1604//1730 1700//1835 1628//1756
f 1704//1757 1566//1728 1701//1834
f 1810//1873 1705//1791 1567//1691
f 1664//1793 1753//1837 1754//1874
f 1662//1790 1663//1692 1755//1875
f 1756//1876 1664//1793 1754//1874
f 1664//1793 1756//1876 1757//1838
f 1605//1731 1785//1877 1572//1695
f 1606//1694 1631//1733 1706//1839
f 1530//1647 1812//1878 1758//1879
f 1632//1734 1759//1880 1631//1733
f 1530//1647 1573//1696 1812//1878
f 1710//1881 1572//1695 1760//1882
f 1709//1797 1708//1760 1633//1761
f 1711//1841 1572//1695 1710//1881
f 1575//1697 1670//1801 1761//1883
f 1711//1841 1715//1804 1668//1799
f 1788//1843 1762//1884 1716//1844
f 1762//1884 1763//1885 1716//1844
f 1672//1802 1716//1844 1816//1886
f 1816//1886 1716//1844 1763//1885
f 1715//1804 1717//1887 1636//1699
f 1816//1886 1765//1845 1672//1802
f 1670//1801 1764//1803 1766//1888
f 1764//1803 1718//1807 1766//1888
f 1717//1887 1579//1660 1636//1699
f 1612//1661 1719//1846 1493//1612
f 1612//1661 1640//1767 1719//1846
f 1675//1769 1790//1889 1718//1807
f 1680//1810 1615//1739 1767//1890
f 1546//1667 1767//1890 1615//1739
f 1546//1667 1723//1812 1767//1890
f 1616//1701 1723//1812 1642//1702
f 1768//1891 1793//1892 1794//1893
f 1795//1849 1768//1891 1725//1814
f 1796//1813 1643//1773 1724//1850
f 1727//1816 1724//1850 1644//1740
f 1584//1705 1769//1852 1729//1818
f 1504//1625 1730//1853 1851//1819
f 1617//1706 1731//1855 1770//1854
f 1798//1894 1647//1742 1619//1775
f 1684//1822 1771//1858 1735//1823
f 1772//1895 1556//1676 1622//1747
f 1738//1862 1741//1864 1740//1779
f 1622//1747 1589//1679 1773//1896
f 1557//1678 1590//1714 1744//1897
f 1690//1826 1743//1863 1745//1751
f 1774//1898 1689//1749 1656//1783
f 1742//1748 1774//1898 1657//1716
f 1590//1714 1693//1828 1744//1897
f 1657//1716 1774//1898 1656//1783
f 1691//1827 1775//1829 1514//1633
f 1746//1865 1560//1681 1776//1899
f 1775//1829 1800//1831 1475//1588
f 1594//1685 1778//1900 1625//1752
f 1779//1867 1748//1832 1476//1589
f 1594//1685 1595//1721 1778//1900
f 1777//1901 1659//1724 1749//1786
f 1599//1725 1780//1902 1596//1723
f 1780//1902 1599//1725 1697//1788
f 1751//1871 1804//1869 1698//1753
f 1626//1690 1562//1686 1805//1833
f 1699//1870 1602//1726 1752//1872
f 1703//1836 1781//1903 1702//1792
f 1702//1792 1781//1903 1753//1837
f 1629//1729 1704//1757 1782//1904
f 1783//1905 1703//1836 1784//1794
f 1755//1875 1663//1692 1707//1840
f 1666//1795 1665//1758 1706//1839
f 1786//1906 1784//1794 1757//1838
f 1705//1791 1785//1877 1605//1731
f 1568//1693 1667//1796 1707//1840
f 1631//1733 1787//1907 1706//1839
f 1759//1880 1607//1732 1666//1795
f 1530//1647 1758//1879 1667//1796
f 1607//1732 1759//1880 1632//1734
f 1787//1907 1631//1733 1759//1880
f 1572//1695 1785//1877 1760//1882
f 1812//1878 1573//1696 1713//1762
f 1813//1908 1711//1841 1710//1881
f 1813//1908 1715//1804 1711//1841
f 1839//1909 1670//1801 1815//1910
f 1761//1883 1670//1801 1839//1909
f 1814//1911 1634//1763 1671//1765
f 1814//1911 1715//1804 1813//1908
f 1789//1912 1715//1804 1814//1911
f 1766//1888 1815//1910 1670//1801
f 1766//1888 1718//1807 1817//1913
f 1718//1807 1790//1889 1817//1913
f 1680//1810 1790//1889 1675//1769
f 1677//1771 1678//1770 1721//1847
f 1679//1772 1791//1914 1614//1738
f 1792//1915 1616//1701 1681//1811
f 1723//1812 1616//1701 1792//1915
f 1820//1916 1794//1893 1793//1892
f 1768//1891 1795//1849 1793//1892
f 1847//1917 1795//1849 1796//1813
f 1797//1918 1725//1814 1768//1891
f 1728//1851 1823//1919 1582//1703
f 1850//1920 1730//1853 1646//1741
f 1647//1742 1798//1894 1731//1855
f 1732//1857 1733//1856 1799//1921
f 1771//1858 1732//1857 1824//1922
f 1773//1896 1772//1895 1622//1747
f 1654//1781 1774//1898 1742//1748
f 1557//1678 1773//1896 1589//1679
f 1744//1897 1773//1896 1557//1678
f 1774//1898 1653//1780 1689//1749
f 1691//1827 1746//1865 1800//1831
f 1775//1829 1691//1827 1800//1831
f 1746//1865 1776//1899 1800//1831
f 1801//1923 1776//1899 1560//1681
f 1560//1681 1625//1752 1801//1923
f 1800//1831 1829//1924 1595//1721
f 1749//1786 1802//1925 1777//1901
f 1595//1721 1829//1924 1778//1900
f 1437//1547 1660//1787 1779//1867
f 1858//1926 1660//1787 1596//1723
f 1780//1902 1697//1788 1861//1927
f 1805//1833 1832//1928 1806//1929
f 1805//1833 1806//1929 1627//1754
f 1700//1835 1807//1930 1628//1756
f 1700//1835 1808//1931 1807//1930
f 1700//1835 1662//1790 1808//1931
f 1628//1756 1701//1834 1603//1755
f 1629//1729 1782//1904 1752//1872
f 1662//1790 1755//1875 1809//1932
f 1783//1905 1784//1794 1811//1933
f 1755//1875 1707//1840 1809//1932
f 1784//1794 1786//1906 1811//1933
f 1761//1883 1713//1762 1575//1697
f 1814//1911 1813//1908 1710//1881
f 1635//1764 1868//1934 1788//1843
f 1715//1804 1789//1912 1717//1887
f 1814//1911 1671//1765 1789//1912
f 1789//1912 1671//1765 1673//1805
f 1815//1910 1766//1888 1817//1913
f 1717//1887 1720//1808 1579//1660
f 1638//1766 1674//1806 1676//1809
f 1640//1767 1842//1935 1719//1846
f 1721//1847 1819//1936 1677//1771
f 1679//1772 1722//1848 1875//1937
f 1679//1772 1875//1937 1791//1914
f 1820//1916 1844//1938 1845//1939
f 1793//1892 1795//1849 1821//1940
f 1822//1941 1724//1850 1727//1816
f 1849//1942 1682//1817 1725//1814
f 1850//1920 1646//1741 1729//1818
f 1729//1818 1769//1852 1878//1943
f 1853//1944 1798//1894 1619//1775
f 1685//1821 1853//1944 1619//1775
f 1620//1745 1825//1945 1685//1821
f 1620//1745 1734//1859 1825//1945
f 1826//1946 1825//1945 1734//1859
f 1826//1946 1734//1859 1651//1746
f 1827//1947 1651//1746 1556//1676
f 1736//1861 1828//1948 1738//1862
f 1827//1947 1556//1676 1772//1895
f 1654//1781 1653//1780 1774//1898
f 1856//1949 1745//1751 1743//1863
f 1745//1751 1890//1950 1658//1785
f 1658//1785 1802//1925 1749//1786
f 1801//1923 1625//1752 1778//1900
f 1803//1951 1659//1724 1777//1901
f 1659//1724 1803//1951 1661//1789
f 1830//1952 1751//1871 1699//1870
f 1562//1686 1862//1953 1805//1833
f 1831//1954 1805//1833 1862//1953
f 1831//1954 1832//1928 1805//1833
f 1752//1872 1833//1955 1699//1870
f 1806//1929 1567//1691 1627//1754
f 1662//1790 1809//1932 1808//1931
f 1810//1873 1567//1691 1806//1929
f 1753//1837 1781//1903 1754//1874
f 1666//1795 1706//1839 1787//1907
f 1667//1796 1758//1879 1834//1956
f 1666//1795 1787//1907 1759//1880
f 1707//1840 1667//1796 1835//1957
f 1836//1958 1713//1762 1761//1883
f 1669//1800 1634//1763 1837//1959
f 1710//1881 1869//1960 1814//1911
f 1868//1934 1635//1764 1867//1961
f 1868//1934 1838//1962 1788//1843
f 1788//1843 1838//1962 1762//1884
f 1789//1912 1673//1805 1717//1887
f 1674//1806 1765//1845 1871//1963
f 1840//1964 1673//1805 1719//1846
f 1674//1806 1871//1963 1841//1965
f 1720//1808 1717//1887 1872//1966
f 1818//1967 1817//1913 1790//1889
f 1674//1806 1841//1965 1676//1809
f 1640//1767 1639//1737 1842//1935
f 1680//1810 1876//1968 1790//1889
f 1791//1914 1681//1811 1614//1738
f 1903//1969 1767//1890 1723//1812
f 1723//1812 1792//1915 1903//1969
f 1843//1970 1845//1939 1844//1938
f 1820//1916 1793//1892 1877//1971
f 1793//1892 1821//1940 1877//1971
f 1820//1916 1845//1939 1846//1972
f 1847//1917 1821//1940 1795//1849
f 1820//1916 1846//1972 1794//1893
f 1724//1850 1848//1973 1796//1813
f 1768//1891 1794//1893 1797//1918
f 1797//1918 1849//1942 1725//1814
f 1937//1974 1727//1816 1582//1703
f 1645//1774 1682//1817 1769//1852
f 1878//1943 1850//1920 1729//1818
f 1728//1851 1770//1854 1879//1975
f 1731//1855 1852//1976 1770//1854
f 1884//1977 1911//1978 1731//1855
f 1851//1819 1912//1979 1683//1820
f 1799//1921 1733//1856 1912//1979
f 1683//1820 1912//1979 1733//1856
f 1732//1857 1799//1921 1824//1922
f 1737//1860 1735//1823 1854//1980
f 1651//1746 1827//1947 1886//1981
f 1736//1861 1737//1860 1828//1948
f 1827//1947 1772//1895 1773//1896
f 1741//1864 1855//1982 1743//1863
f 1693//1828 1857//1983 1744//1897
f 1857//1983 1693//1828 1696//1830
f 1776//1899 1829//1924 1800//1831
f 1888//1984 1829//1924 1776//1899
f 1658//1785 1890//1950 1802//1925
f 1888//1984 1801//1923 1778//1900
f 1829//1924 1888//1984 1778//1900
f 1858//1926 1596//1723 1780//1902
f 1661//1789 1803//1951 1859//1985
f 1750//1868 1804//1869 1860//1986
f 1891//1987 1661//1789 1859//1985
f 1891//1987 1562//1686 1661//1789
f 1891//1987 1862//1953 1562//1686
f 1699//1870 1863//1988 1830//1952
f 1832//1928 1831//1954 1892//1989
f 1701//1834 1628//1756 1864//1990
f 1704//1757 1701//1834 1782//1904
f 1705//1791 1810//1873 1785//1877
f 1757//1838 1756//1876 1865//1991
f 1865//1991 1786//1906 1757//1838
f 1834//1956 1758//1879 1866//1992
f 1897//1993 1760//1882 1785//1877
f 1899//1994 1812//1878 1713//1762
f 1713//1762 1836//1958 1899//1994
f 1837//1959 1867//1961 1669//1800
f 1669//1800 1867//1961 1714//1842
f 1714//1842 1867//1961 1635//1764
f 1761//1883 1839//1909 1836//1958
f 1814//1911 1869//1960 1634//1763
f 1762//1884 1838//1962 1870//1995
f 1762//1884 1870//1995 1763//1885
f 1839//1909 1815//1910 1924//1996
f 1763//1885 1927//1997 1816//1886
f 1717//1887 1673//1805 1872//1966
f 1872//1966 1673//1805 1840//1964
f 1817//1913 1818//1967 1902//1998
f 1840//1964 1719//1846 1842//1935
f 1841//1965 1873//1999 1676//1809
f 1872//1966 1842//1935 1720//1808
f 1842//1935 1639//1737 1720//1808
f 1676//1809 1873//1999 1721//1847
f 1722//1848 1874//2000 1875//1937
f 1876//1968 1818//1967 1790//1889
f 1722//1848 1677//1771 1874//2000
f 1677//1771 1819//1936 1874//2000
f 1721//1847 1873//1999 1819//1936
f 1903//1969 1876//1968 1680//1810
f 1681//1811 1791//1914 1792//1915
f 1680//1810 1767//1890 1903//1969
f 1844//1938 1905//2001 1843//1970
f 1844//1938 1820//1916 1877//1971
f 1822//1941 1848//1973 1724//1850
f 1823//1919 1728//1851 1879//1975
f 1730//1853 1850//1920 1880//2002
f 1730//1853 1880//2002 1881//2003
f 1881//2004 1882//2005 1883//2006
f 1881//2003 1883//2007 1730//1853
f 1730//1853 1883//2007 1910//2008
f 1910//2008 1851//1819 1730//1853
f 1731//1855 1911//1978 1852//1976
f 1731//1855 1798//1894 1884//1977
f 1685//1821 1825//1945 1885//2009
f 1771//1858 1854//1980 1735//1823
f 1826//1946 1651//1746 1886//1981
f 1738//1862 1855//1982 1741//1864
f 1827//1947 1773//1896 1744//1897
f 1855//1982 1856//1949 1743//1863
f 1856//1949 1917//2010 1745//1751
f 1889//2011 1887//2012 1747//1866
f 1748//1832 1889//2011 1747//1866
f 1888//1984 1776//1899 1801//1923
f 1660//1787 1858//1926 1779//1867
f 1751//1871 1860//1986 1804//1869
f 1750//1868 1860//1986 1861//1927
f 1697//1788 1750//1868 1861//1927
f 1863//1988 1699//1870 1833//1955
f 1808//1931 1893//2013 1807//1930
f 1833//1955 1752//1872 1988//2014
f 1628//1756 1807//1930 1893//2013
f 1894//2015 1781//1903 1703//1836
f 1781//1903 1894//2015 1990//2016
f 1754//1874 1781//1903 1990//2016
f 1988//2014 1782//1904 1701//1834
f 1806//1929 1895//2017 1810//1873
f 1990//2016 1756//1876 1754//1874
f 1810//1873 1895//2017 1785//1877
f 1809//1932 1707//1840 1896//2018
f 1707//1840 1835//1957 1896//2018
f 1811//1933 1786//1906 1865//1991
f 1667//1796 1834//1956 1835//1957
f 1812//1878 1898//2019 1758//1879
f 1710//1881 1900//2020 1869//1960
f 1869//1960 1965//2021 1634//1763
f 1837//1959 1634//1763 1965//2021
f 1836//1958 1839//1909 1901//2022
f 1901//2022 1839//1909 1924//1996
f 1870//1995 1927//1997 1763//1885
f 1998//2023 1924//1996 1815//1910
f 1815//1910 1817//1913 1998//2023
f 1817//1913 1902//1998 1928//2024
f 1792//1915 1791//1914 1904//2025
f 1903//1969 1792//1915 1904//2025
f 1843//1970 1906//2026 1845//1939
f 1908//2027 1794//1893 1846//1972
f 1796//1813 1848//1973 1936//2028
f 1794//1893 1908//2027 1797//1918
f 1727//1816 1937//1974 1822//1941
f 1582//1703 1823//1919 1937//1974
f 1682//1817 1971//2029 1769//1852
f 1880//2002 1850//1920 1972//2030
f 1881//2003 1880//2002 1910//2008
f 1881//2003 1910//2008 1883//2007
f 1852//1976 1879//1975 1770//1854
f 1910//2008 1912//1979 1851//1819
f 1799//1921 1913//2031 1824//1922
f 1824//1922 1913//2031 1771//1858
f 1685//1821 1885//2009 1853//1944
f 1854//1980 1771//1858 1913//2031
f 1946//2032 1943//2033 1914//2034
f 1744//1897 1915//2035 1827//1947
f 1915//2035 1744//1897 1916//2036
f 1744//1897 1857//1983 1916//2036
f 1857//1983 1696//1830 1979//2037
f 1696//1830 1747//1866 1979//2037
f 1745//1751 1917//2010 1890//1950
f 1748//1832 1779//1867 1889//2011
f 1953//2038 1779//1867 1858//1926
f 1803//1951 1777//1901 1918//2039
f 1919//2040 1860//1986 1751//1871
f 1955//2041 1861//1927 1860//1986
f 1780//1902 1861//1927 1955//2041
f 1830//1952 1956//2042 1751//1871
f 1959//2043 1892//1989 1831//1954
f 1920//2044 1806//1929 1832//1928
f 1806//1929 1920//2044 1895//2017
f 1752//1872 1782//1904 1988//2014
f 1628//1756 1893//2013 1864//1990
f 1809//1932 1989//2045 1808//1931
f 1921//2046 1701//1834 1864//1990
f 1703//1836 1783//1905 1894//2015
f 1896//2018 1989//2045 1809//1932
f 1811//1933 1962//2047 1783//1905
f 1758//1879 1898//2019 1866//1992
f 1812//1878 2027//2048 1898//2019
f 1899//1994 2027//2048 1812//1878
f 1964//2049 1900//2020 1760//1882
f 1760//1882 1900//2020 1710//1881
f 1922//2050 1867//1961 1837//1959
f 1923//2051 1926//2052 1925//2053
f 1923//2054 1924//1996 1926//2055
f 1924//1996 1969//2056 1926//2055
f 1969//2056 1924//1996 1998//2023
f 1817//1913 1928//2024 1998//2023
f 1765//1845 1816//1886 1927//1997
f 1841//1965 1871//1963 1929//2057
f 1872//1966 1840//1964 1842//1935
f 1791//1914 1875//1937 1999//2058
f 1903//1969 1931//2059 1876//1968
f 1932//2060 1906//2026 1843//1970
f 1844//1938 1877//1971 1905//2001
f 1906//2026 1907//2061 1845//1939
f 1877//1971 1821//1940 1847//1917
f 1846//1972 1845//1939 1907//2061
f 1846//1972 1935//2062 1908//2027
f 1936//2028 1847//1917 1796//1813
f 1848//1973 1822//1941 1937//1974
f 1849//1942 1971//2029 1682//1817
f 1937//1974 1823//1919 1939//2063
f 1823//1919 1879//1975 1939//2063
f 1769//1852 1971//2029 1878//1943
f 1850//1920 1878//1943 1909//2064
f 1880//2002 1940//2065 1910//2008
f 2005//2066 1852//1976 1911//1978
f 1884//1977 2005//2066 1911//1978
f 1941//2067 2005//2066 1884//1977
f 1885//2009 2007//2068 1853//1944
f 1914//2034 1943//2033 1942//2069
f 1944//2070 1854//1980 1913//2031
f 1946//2032 1945//2071 1943//2033
f 1947//2072 1946//2032 1914//2034
f 1828//1948 1737//1860 1854//1980
f 1948//2073 1945//2071 1946//2032
f 1949//2074 1886//1981 1827//1947
f 1738//1862 1828//1948 1950//2075
f 1951//2076 1949//2074 1827//1947
f 1855//1982 1738//1862 1950//2075
f 1951//2076 1827//1947 1915//2035
f 1979//2037 1747//1866 1887//2012
f 1952//2077 1802//1925 1890//1950
f 1777//1901 1802//1925 1952//2077
f 1953//2038 1889//2011 1779//1867
f 1777//1901 1952//2077 1918//2039
f 1859//1985 1803//1951 1918//2039
f 1954//2078 1780//1902 1955//2041
f 1751//1871 1956//2042 1919//2040
f 1957//2079 1862//1953 1891//1987
f 1831//1954 1862//1953 1959//2043
f 1960//2080 1986//2081 1958//2082
f 1863//1988 1833//1955 2025//2083
f 1833//1955 1988//2014 2025//2083
f 1808//1931 1989//2045 1893//2013
f 1961//2084 1988//2014 1701//1834
f 1701//1834 1921//2046 1961//2084
f 1962//2047 1894//2015 1783//1905
f 1990//2016 1865//1991 1756//1876
f 1991//2085 1835//1957 1834//1956
f 1896//2018 1835//1957 1991//2085
f 1895//2017 2026//2086 1785//1877
f 2026//2086 1963//2087 1785//1877
f 1785//1877 1963//2087 1897//1993
f 1993//2088 1965//2021 1900//2020
f 1965//2021 1869//1960 1900//2020
f 1838//1962 1868//1934 1966//2089
f 1995//2090 1836//1958 1901//2022
f 1867//1961 1922//2050 1967//2091
f 1969//2056 1968//2092 1923//2054
f 1924//1996 1923//2054 1968//2092
f 1923//2054 1926//2055 1969//2056
f 1765//1845 1927//1997 1871//1963
f 1873//1999 1841//1965 1929//2057
f 2000//2093 1999//2058 1875//1937
f 1875//1937 1874//2000 2000//2093
f 1930//2094 1791//1914 1999//2058
f 1843//1970 1905//2001 1932//2060
f 1846//1972 1907//2061 1935//2062
f 1847//1917 1936//2028 1934//2095
f 1848//1973 1970//2096 1936//2028
f 1938//2097 1849//1942 1797//1918
f 1937//1974 1939//2063 1848//1973
f 1850//1920 1909//2064 1972//2030
f 1799//1921 2037//2098 2071//2099
f 2037//2098 1799//1921 1912//1979
f 2071//2099 1913//2031 1799//1921
f 1942//2069 1973//2100 1914//2034
f 1886//1981 1825//1945 1826//1946
f 1828//1948 1854//1980 1975//2101
f 1976//2102 1948//2073 1946//2032
f 1946//2032 1947//2072 1976//2102
f 1856//1949 1855//1982 1977//2103
f 1856//1949 1977//2103 1917//2010
f 1978//2104 1917//2010 1977//2103
f 1917//2010 1980//2105 1890//1950
f 1890//1950 1980//2105 1952//2077
f 1953//2038 1858//1926 1981//2106
f 1982//2107 1981//2106 1858//1926
f 1780//1902 1982//2107 1858//1926
f 1954//2078 1982//2107 1780//1902
f 1983//2108 1860//1986 1919//2040
f 1860//1986 1983//2108 1955//2041
f 2023//2109 2015//2110 1958//2082
f 2017//2111 1958//2082 2015//2110
f 2019//2112 1863//1988 2020//2113
f 1830//1952 1863//1988 1956//2042
f 1956//2042 1863//1988 2019//2112
f 2023//2109 1958//2082 1985//2114
f 1957//2079 1959//2043 1862//1953
f 1958//2082 1986//2081 1985//2114
f 1960//2080 1958//2082 1987//2115
f 1920//2044 1832//1928 1892//1989
f 1989//2045 1864//1990 1893//2013
f 1990//2016 1894//2015 1962//2047
f 1989//2045 1991//2085 1864//1990
f 1864//1990 1991//2085 1921//2046
f 1989//2045 1896//2018 1991//2085
f 1990//2016 1962//2047 1865//1991
f 1865//1991 1962//2047 1811//1933
f 1992//2116 1834//1956 1866//1992
f 1897//1993 1963//2087 1964//2049
f 1964//2049 1760//1882 1897//1993
f 1994//2117 1965//2021 1993//2088
f 1837//1959 1965//2021 1994//2117
f 1837//1959 1994//2117 1922//2050
f 1868//1934 1867//1961 1966//2089
f 1867//1961 1967//2091 1966//2089
f 1838//1962 1966//2089 1997//2118
f 1968//2092 1995//2090 1901//2022
f 1996//2119 1836//1958 1995//2090
f 1901//2022 1924//1996 1968//2092
f 1838//1962 1997//2118 1870//1995
f 1818//1967 1876//1968 2001//2120
f 1931//2059 2001//2120 1876//1968
f 1903//1969 1904//2025 1931//2059
f 1877//1971 1933//2121 1905//2001
f 2002//2122 1877//1971 1847//1917
f 1849//1942 2003//2123 1971//2029
f 1939//2063 1879//1975 2004//2124
f 1880//2002 1972//2030 2034//2125
f 1909//2064 1878//1943 1971//2029
f 1880//2002 2034//2125 1940//2065
f 2005//2066 2035//2126 1852//1976
f 1940//2065 2006//2127 1910//2008
f 1798//1894 1853//1944 2007//2068
f 2041//2128 1885//2009 2008//2129
f 1825//1945 2008//2129 1885//2009
f 1914//2034 2009//2130 1947//2072
f 2010//2131 2008//2129 1825//1945
f 2010//2132 2012//2133 2011//2134
f 2010//2131 1825//1945 2012//2135
f 1886//1981 2012//2135 1825//1945
f 1945//2071 1948//2073 1974//2136
f 1886//1981 1949//2074 2013//2137
f 1975//2101 1950//2075 1828//1948
f 1977//2103 1855//1982 1950//2075
f 1915//2035 1916//2036 1951//2076
f 1916//2036 1857//1983 1979//2037
f 1887//2012 1889//2011 2014//2138
f 1889//2011 1953//2038 2078//2139
f 2047//2140 2017//2111 2015//2110
f 1918//2039 2016//2141 1859//1985
f 2018//2142 2017//2111 2047//2140
f 1954//2078 2022//2143 1982//2107
f 2048//2144 2019//2112 2020//2113
f 1958//2082 2017//2111 2018//2142
f 2021//2145 1958//2082 2018//2142
f 2049//2146 1919//2040 1956//2042
f 1955//2041 2022//2143 1954//2078
f 2080//2147 2015//2110 2023//2109
f 1919//2040 2049//2146 2111//2148
f 2024//2149 1955//2041 1983//2108
f 2023//2109 1985//2114 2080//2147
f 2023//2150 1984//2151 1985//2152
f 2080//2147 1985//2114 1986//2081
f 1958//2082 2021//2145 1987//2115
f 1863//1988 2025//2083 2020//2113
f 2026//2086 1895//2017 1920//2044
f 1921//2046 2060//2153 1961//2084
f 1991//2085 2060//2153 1921//2046
f 1991//2085 1834//1956 2060//2153
f 1834//1956 1992//2116 2060//2153
f 1964//2049 1993//2088 1900//2020
f 1996//2119 1899//1994 1836//1958
f 1969//2056 1998//2023 2029//2154
f 1871//1963 2030//2155 1929//2057
f 2031//2156 2000//2093 1874//2000
f 2064//2157 1819//1936 1873//1999
f 1819//1936 2064//2157 2031//2156
f 1874//2000 1819//1936 2031//2156
f 1791//1914 1930//2094 2032//2158
f 2032//2158 1904//2025 1791//1914
f 1931//2059 1904//2025 2032//2158
f 1906//2026 2033//2159 1907//2061
f 1933//2121 1877//1971 2002//2122
f 1847//1917 1934//2095 2002//2122
f 2130//2160 1934//2095 1936//2028
f 1970//2096 1848//1973 1939//2063
f 1908//2027 1938//2097 1797//1918
f 1849//1942 1938//2097 2003//2123
f 1971//2029 2066//2161 1909//2064
f 2004//2124 1879//1975 2035//2126
f 1852//1976 2035//2126 1879//1975
f 2005//2066 2067//2162 2035//2126
f 2005//2066 2068//2163 2067//2162
f 2068//2163 2005//2066 2036//2164
f 2036//2164 2005//2066 1941//2067
f 2037//2098 1912//1979 1910//2008
f 1884//1977 2038//2165 1941//2067
f 2039//2166 1884//1977 1798//1894
f 2039//2166 2038//2165 1884//1977
f 2039//2166 1798//1894 2007//2068
f 2139//2167 1913//2031 2071//2099
f 2040//2168 1942//2069 1943//2033
f 1944//2070 1913//2031 2139//2167
f 2007//2068 1885//2009 2041//2128
f 1943//2033 1945//2071 2040//2168
f 1973//2100 2009//2130 1914//2034
f 1945//2071 1974//2136 2040//2168
f 2013//2137 2008//2129 2010//2131
f 2012//2135 2013//2137 2010//2131
f 2012//2135 1886//1981 2013//2137
f 2042//2169 1854//1980 1944//2070
f 1854//1980 2042//2169 1975//2101
f 2074//2170 2013//2137 1949//2074
f 1950//2075 1975//2101 2075//2171
f 1949//2074 1951//2076 2043//2172
f 2044//2173 1979//2037 1887//2012
f 1917//2010 1978//2104 1980//2105
f 2014//2138 1889//2011 2078//2139
f 1952//2077 2104//2174 1918//2039
f 1953//2038 1981//2106 2045//2175
f 1918//2039 2046//2176 2016//2141
f 1859//1985 2016//2141 2051//2177
f 1859//1985 2050//2178 1891//1987
f 2050//2178 1859//1985 2051//2177
f 2019//2112 2049//2146 1956//2042
f 1955//2041 2024//2149 2022//2143
f 1891//1987 2050//2178 1957//2079
f 1983//2108 1919//2040 2111//2148
f 2052//2179 1959//2043 1957//2079
f 2053//2180 2080//2147 1986//2081
f 1959//2043 2052//2179 1892//1989
f 2020//2113 2025//2083 2054//2181
f 2053//2180 2055//2182 2081//2183
f 2053//2180 1986//2081 1960//2080
f 2055//2182 2057//2184 2081//2183
f 2058//2185 2025//2083 1988//2014
f 2082//2186 2057//2184 2055//2182
f 1961//2084 2058//2185 1988//2014
f 1920//2044 2156//2187 2026//2086
f 2059//2188 1961//2084 2060//2153
f 2119//2189 1963//2087 2026//2086
f 1866//1992 2084//2190 1992//2116
f 1866//1992 1898//2019 2084//2190
f 2028//2191 2027//2048 1899//1994
f 1899//1994 1996//2119 2028//2191
f 2088//2192 1968//2092 1969//2056
f 2088//2192 1969//2056 2029//2154
f 1927//1997 1870//1995 2061//2193
f 1927//1997 2061//2193 1871//1963
f 2029//2154 1998//2023 2090//2194
f 2062//2195 2090//2194 1998//2023
f 1998//2023 1928//2024 2062//2195
f 1928//2024 1902//1998 2062//2195
f 1902//1998 2063//2196 2062//2195
f 1902//1998 1818//1967 2063//2196
f 2064//2157 1873//1999 1929//2057
f 2063//2196 1818//1967 2001//2120
f 1905//2001 1933//2121 2065//2197
f 2033//2159 1906//2026 1932//2060
f 1935//2062 2172//2198 1908//2027
f 1971//2029 2003//2123 2066//2161
f 2038//2199 2069//2200 2070//2201
f 1941//2067 2038//2165 2070//2202
f 2038//2165 2039//2166 2070//2202
f 2040//2168 2095//2203 1942//2069
f 1942//2069 2072//2204 1973//2100
f 2007//2068 2041//2128 2073//2205
f 2043//2172 2074//2170 1949//2074
f 1950//2075 2075//2171 1977//2103
f 2075//2171 2076//2206 1977//2103
f 2102//2207 1951//2076 1916//2036
f 1977//2103 2076//2206 1978//2104
f 2103//2208 2102//2207 1916//2036
f 1979//2037 2103//2208 1916//2036
f 2044//2173 1887//2012 2077//2209
f 1887//2012 2014//2138 2077//2209
f 1953//2038 2045//2175 2078//2139
f 1918//2039 2104//2174 2046//2176
f 2047//2140 2015//2110 2105//2210
f 2047//2140 2105//2210 2079//2211
f 2047//2140 2079//2211 2018//2142
f 2049//2146 2019//2112 2108//2212
f 1982//2107 2022//2143 2107//2213
f 2016//2141 2080//2147 2051//2177
f 2051//2177 2081//2183 2050//2178
f 2080//2147 2053//2180 2051//2177
f 2053//2180 2081//2183 2051//2177
f 1892//1989 2052//2179 2153//2214
f 1920//2044 1892//1989 2153//2214
f 2081//2183 2057//2184 2112//2215
f 2119//2189 2026//2086 2156//2187
f 1963//2087 2083//2216 1964//2049
f 1898//2019 2027//2048 2084//2190
f 2083//2216 1993//2088 1964//2049
f 1994//2117 1993//2088 2085//2217
f 2086//2218 1966//2089 2160//2219
f 1997//2118 1966//2089 2086//2218
f 2087//2220 1967//2091 1922//2050
f 1997//2118 2089//2221 1870//1995
f 2061//2193 1870//1995 2089//2221
f 2061//2193 2089//2221 2124//2222
f 2124//2222 2126//2223 2061//2193
f 1871//1963 2061//2193 2030//2155
f 2090//2194 2125//2224 2029//2154
f 1929//2057 2030//2155 2091//2225
f 2000//2093 2031//2156 2127//2226
f 1999//2058 2000//2093 2247//2227
f 1930//2094 1999//2058 2247//2227
f 1930//2094 2092//2228 2032//2158
f 1932//2060 1905//2001 2065//2197
f 2172//2198 1938//2097 1908//2027
f 1939//2063 2134//2229 1970//2096
f 2035//2126 2067//2162 2004//2124
f 2006//2127 1940//2065 2176//2230
f 2034//2125 2176//2230 1940//2065
f 1972//2030 1909//2064 2093//2231
f 1909//2064 2094//2232 2093//2231
f 1909//2064 2066//2161 2094//2232
f 2037//2098 1910//2008 2006//2127
f 2070//2202 2039//2166 1941//2067
f 2037//2098 2182//2233 2071//2099
f 1942//2069 2095//2203 2072//2204
f 2140//2234 1944//2070 2139//2167
f 2042//2169 1944//2070 2140//2234
f 2008//2129 2096//2235 2041//2128
f 2008//2129 2013//2137 2096//2235
f 2097//2236 1975//2101 2042//2169
f 1948//2073 2098//2237 1974//2136
f 1947//2072 2009//2130 2143//2238
f 2097//2236 2075//2171 1975//2101
f 1976//2102 1947//2072 2143//2238
f 2101//2239 2100//2240 2099//2241
f 2101//2242 2099//2243 1951//2076
f 1951//2076 2102//2207 2101//2242
f 1979//2037 2044//2173 2103//2208
f 1952//2077 1980//2105 2104//2174
f 1981//2106 2106//2244 2045//2175
f 2150//2245 2106//2244 1981//2106
f 1981//2106 1982//2107 2107//2213
f 1983//2108 2111//2148 2110//2246
f 1957//2079 2050//2178 2112//2215
f 2081//2183 2112//2215 2050//2178
f 1957//2079 2112//2215 2052//2179
f 1960//2080 2113//2247 2056//2248
f 2054//2181 2025//2083 2114//2249
f 2025//2083 2115//2250 2154//2251
f 2055//2182 2053//2180 2116//2252
f 2025//2083 2058//2185 2115//2250
f 2115//2250 1961//2084 2192//2253
f 2153//2214 2117//2254 1920//2044
f 2155//2255 2112//2215 2057//2184
f 2055//2182 2116//2252 2082//2186
f 1961//2084 2115//2250 2058//2185
f 2057//2184 2082//2186 2118//2256
f 1992//2116 2084//2190 2120//2257
f 2027//2048 2121//2258 2084//2190
f 1993//2088 2083//2216 2085//2217
f 2027//2048 2028//2191 2121//2258
f 2087//2220 2160//2219 1966//2089
f 1996//2119 2122//2259 2028//2191
f 1996//2119 1995//2090 2122//2259
f 1966//2089 1967//2091 2087//2220
f 2123//2260 1995//2090 1968//2092
f 1968//2092 2088//2192 2123//2260
f 2088//2192 2029//2154 2125//2224
f 2205//2261 2126//2223 2124//2222
f 2091//2225 2064//2157 1929//2057
f 2031//2156 2128//2262 2127//2226
f 2064//2157 2128//2262 2031//2156
f 2001//2120 1931//2059 2167//2263
f 1931//2059 2032//2158 2169//2264
f 2033//2159 1932//2060 2065//2197
f 1907//2061 2033//2159 2129//2265
f 2129//2265 1935//2062 1907//2061
f 2002//2122 2130//2160 2173//2266
f 2130//2160 2002//2122 1934//2095
f 2131//2267 1938//2097 2172//2198
f 1936//2028 2132//2268 2130//2160
f 1936//2028 1970//2096 2132//2268
f 1939//2063 2004//2124 2134//2229
f 1972//2030 2179//2269 2034//2125
f 2093//2231 2179//2269 1972//2030
f 2066//2161 2135//2270 2094//2232
f 1941//2067 2039//2166 2136//2271
f 2039//2166 2007//2068 2138//2272
f 2182//2233 2137//2273 2139//2167
f 2071//2099 2182//2233 2139//2167
f 2137//2273 2185//2274 2139//2167
f 2186//2275 2042//2169 2140//2234
f 2040//2168 1974//2136 2141//2276
f 2042//2169 2186//2275 2097//2236
f 2013//2137 2074//2170 2262//2277
f 1948//2073 1976//2102 2098//2237
f 1976//2102 2143//2238 2098//2237
f 2187//2278 2043//2172 2099//2243
f 2043//2172 1951//2076 2099//2243
f 2099//2243 2101//2242 2187//2278
f 2187//2278 2101//2242 2102//2207
f 2044//2173 2144//2279 2103//2208
f 2077//2209 2144//2279 2044//2173
f 2076//2206 2145//2280 1978//2104
f 1978//2104 2145//2280 1980//2105
f 2104//2174 2146//2281 2046//2176
f 2106//2244 2148//2282 2045//2175
f 2189//2283 2105//2210 2015//2110
f 2106//2244 2150//2245 2148//2282
f 2106//2284 2148//2285 2147//2286
f 2189//2283 2016//2141 2046//2176
f 2016//2141 2189//2283 2080//2147
f 2189//2283 2015//2110 2080//2147
f 1981//2106 2107//2213 2150//2245
f 2019//2112 2048//2144 2149//2287
f 2018//2142 2079//2211 2109//2288
f 2021//2145 2018//2142 2109//2288
f 2024//2149 1983//2108 2152//2289
f 1983//2108 2110//2246 2152//2289
f 2021//2145 2109//2288 1987//2115
f 2151//2290 2111//2148 2049//2146
f 2151//2290 2192//2253 2111//2148
f 1960//2080 1987//2115 2113//2247
f 1960//2080 2116//2252 2053//2180
f 1960//2080 2056//2248 2116//2252
f 2025//2083 2154//2251 2114//2249
f 2052//2179 2112//2215 2153//2214
f 2155//2255 2153//2214 2112//2215
f 2155//2255 2057//2184 2118//2256
f 1920//2044 2117//2254 2156//2187
f 2194//2291 2158//2292 2156//2187
f 2158//2292 2196//2293 2156//2187
f 2119//2189 2156//2187 2196//2293
f 2060//2153 1992//2116 2120//2257
f 2083//2216 2159//2294 2085//2217
f 2086//2218 2160//2219 2239//2295
f 1997//2118 2086//2218 2161//2296
f 2122//2259 1995//2090 2123//2260
f 2162//2297 2089//2221 1997//2118
f 2089//2221 2162//2297 2124//2222
f 2126//2223 2205//2261 2163//2298
f 2062//2195 2165//2299 2090//2194
f 2064//2157 2091//2225 2128//2262
f 2092//2228 2166//2300 2032//2158
f 2167//2263 1931//2059 2169//2264
f 2032//2158 2166//2300 2168//2301
f 2032//2158 2168//2301 2169//2264
f 2170//2302 2065//2197 1933//2121
f 1933//2121 2002//2122 2170//2302
f 2170//2302 2002//2122 2173//2266
f 2251//2303 2171//2304 2208//2305
f 2172//2198 1935//2062 2129//2265
f 2173//2266 2131//2267 2172//2198
f 2131//2267 2133//2306 1938//2097
f 2134//2229 2132//2268 1970//2096
f 2174//2307 2214//2308 2175//2309
f 2134//2229 2004//2124 2213//2310
f 2213//2310 2004//2124 2215//2311
f 2175//2309 2214//2308 2006//2127
f 2176//2230 2175//2309 2006//2127
f 2215//2311 2004//2124 2067//2162
f 2068//2163 2178//2312 2067//2162
f 2179//2269 2176//2230 2034//2125
f 2135//2313 2181//2314 2180//2315
f 2135//2270 2066//2161 2181//2316
f 2066//2161 2177//2317 2181//2316
f 2068//2163 2036//2164 2178//2312
f 2135//2270 2181//2316 2094//2232
f 2136//2271 2036//2164 1941//2067
f 2136//2271 2039//2166 2138//2272
f 2138//2272 2007//2068 2183//2318
f 2137//2273 2218//2319 2185//2274
f 2184//2320 2183//2318 2007//2068
f 2184//2320 2007//2068 2073//2205
f 2139//2167 2185//2274 2140//2234
f 2140//2234 2185//2274 2224//2321
f 1973//2100 2072//2204 2009//2130
f 2140//2234 2224//2321 2186//2275
f 2073//2205 2041//2128 2096//2235
f 2262//2277 2096//2235 2013//2137
f 2141//2276 1974//2136 2098//2237
f 2009//2130 2142//2322 2143//2238
f 2103//2208 2144//2279 2229//2323
f 2077//2209 2014//2138 2078//2139
f 2104//2174 1980//2105 2267//2324
f 2104//2174 2267//2324 2270//2325
f 2104//2174 2270//2325 2146//2281
f 2189//2283 2232//2326 2105//2210
f 2045//2175 2148//2282 2150//2245
f 2019//2112 2149//2287 2108//2212
f 2048//2144 2020//2113 2273//2327
f 2020//2113 2054//2181 2273//2327
f 2108//2212 2191//2328 2049//2146
f 2022//2143 2024//2149 2190//2329
f 2191//2328 2151//2290 2049//2146
f 2109//2288 2316//2330 1987//2115
f 2151//2290 2115//2250 2192//2253
f 1987//2115 2316//2330 2113//2247
f 2192//2253 2110//2246 2111//2148
f 2059//2188 2060//2153 2193//2331
f 2236//2332 2194//2291 2156//2187
f 2194//2291 2236//2332 2158//2292
f 2194//2333 2158//2334 2157//2335
f 2120//2257 2195//2336 2060//2153
f 2158//2292 2236//2332 2196//2293
f 2119//2189 2197//2337 1963//2087
f 2083//2216 1963//2087 2197//2337
f 2121//2258 2238//2338 2084//2190
f 2121//2258 2028//2191 2198//2339
f 2121//2258 2198//2339 2199//2340
f 2201//2341 2199//2342 2200//2343
f 2201//2344 2121//2258 2199//2340
f 2202//2345 2121//2258 2201//2344
f 1994//2117 2085//2217 2203//2346
f 1922//2050 1994//2117 2203//2346
f 2123//2260 2204//2347 2122//2259
f 1997//2118 2161//2296 2162//2297
f 2242//2348 2124//2222 2162//2297
f 2205//2261 2124//2222 2242//2348
f 2030//2155 2061//2193 2206//2349
f 2061//2193 2164//2350 2206//2349
f 2126//2223 2164//2350 2061//2193
f 2164//2350 2126//2223 2207//2351
f 2163//2298 2207//2351 2126//2223
f 1930//2094 2247//2227 2092//2228
f 2001//2120 2167//2263 2063//2196
f 2065//2197 2129//2265 2033//2159
f 2170//2302 2129//2265 2065//2197
f 2337//2352 2208//2305 2336//2353
f 2208//2305 2171//2304 2336//2353
f 2209//2354 2336//2353 2171//2304
f 2172//2198 2129//2265 2170//2302
f 2173//2266 2172//2198 2170//2302
f 2131//2267 2173//2266 2130//2160
f 2132//2268 2287//2355 2130//2160
f 2210//2356 2132//2268 2134//2229
f 2211//2357 2210//2356 2134//2229
f 2133//2306 2212//2358 1938//2097
f 1938//2097 2212//2358 2003//2123
f 2066//2161 2003//2123 2293//2359
f 2292//2360 2006//2127 2214//2308
f 2217//2361 2255//2362 2215//2311
f 2217//2361 2215//2311 2067//2162
f 2216//2363 2176//2230 2179//2269
f 2178//2312 2217//2361 2067//2162
f 2181//2316 2177//2317 2094//2232
f 2137//2273 2182//2233 2259//2364
f 2037//2098 2259//2364 2182//2233
f 2183//2318 2220//2365 2138//2272
f 2183//2318 2184//2320 2220//2365
f 2183//2366 2220//2367 2219//2368
f 2221//2369 2095//2203 2040//2168
f 2218//2319 2222//2370 2185//2274
f 2073//2205 2223//2371 2184//2320
f 2222//2370 2224//2321 2185//2274
f 2072//2204 2142//2322 2009//2130
f 2142//2322 2264//2372 2143//2238
f 2074//2170 2226//2373 2262//2277
f 2098//2237 2143//2238 2225//2374
f 2097//2236 2227//2375 2075//2171
f 2075//2171 2227//2375 2076//2206
f 2230//2376 1980//2105 2145//2280
f 1980//2105 2230//2376 2267//2324
f 2188//2377 2078//2139 2045//2175
f 2046//2176 2146//2281 2189//2283
f 2022//2143 2190//2329 2107//2213
f 2190//2329 2024//2149 2152//2289
f 2273//2327 2054//2181 2233//2378
f 2056//2248 2113//2247 2317//2379
f 2275//2380 2154//2251 2115//2250
f 2234//2381 2117//2254 2153//2214
f 2082//2186 2116//2252 2235//2382
f 2082//2186 2235//2382 2118//2256
f 2117//2254 2236//2332 2156//2187
f 2193//2331 2060//2153 2195//2336
f 2119//2189 2196//2293 2237//2383
f 2159//2294 2083//2216 2197//2337
f 2160//2219 2279//2384 2239//2295
f 2161//2296 2086//2218 2239//2295
f 2122//2259 2240//2385 2028//2191
f 2198//2339 2028//2191 2240//2385
f 2368//2386 2199//2340 2198//2339
f 2201//2344 2199//2340 2368//2386
f 2368//2386 2202//2345 2201//2344
f 2121//2258 2202//2345 2238//2338
f 2202//2345 2280//2387 2238//2338
f 2204//2347 2240//2385 2122//2259
f 2203//2346 2241//2388 1922//2050
f 2241//2388 2087//2220 1922//2050
f 2243//2389 2163//2298 2205//2261
f 2245//2390 2030//2155 2206//2349
f 2030//2155 2245//2390 2091//2225
f 2127//2226 2164//2350 2207//2351
f 2063//2196 2165//2299 2062//2195
f 2246//2391 2000//2093 2127//2226
f 2247//2227 2000//2093 2246//2391
f 2092//2228 2248//2392 2166//2300
f 2168//2301 2166//2300 2249//2393
f 2208//2305 2337//2352 2250//2394
f 2250//2394 2251//2303 2208//2305
f 2209//2354 2171//2304 2252//2395
f 2130//2160 2287//2355 2131//2267
f 2131//2267 2287//2355 2253//2396
f 2385//2397 2287//2355 2132//2268
f 2210//2356 2385//2397 2132//2268
f 2211//2357 2339//2398 2210//2356
f 2211//2357 2134//2229 2213//2310
f 2175//2309 2176//2230 2254//2399
f 2215//2311 2255//2362 2213//2310
f 2176//2230 2216//2363 2254//2399
f 2066//2161 2293//2359 2177//2317
f 2217//2361 2178//2312 2256//2400
f 2297//2401 2006//2127 2292//2360
f 2297//2401 2258//2402 2006//2127
f 2136//2271 2178//2312 2036//2164
f 2006//2127 2258//2402 2037//2098
f 2037//2098 2258//2402 2259//2364
f 2220//2365 2184//2320 2138//2272
f 2221//2369 2072//2204 2095//2203
f 2261//2403 2072//2204 2260//2404
f 2221//2369 2040//2168 2141//2276
f 2072//2204 2261//2403 2142//2322
f 2222//2370 2186//2275 2224//2321
f 2097//2236 2186//2275 2263//2405
f 2098//2237 2225//2374 2141//2276
f 2227//2375 2228//2406 2076//2206
f 2076//2206 2308//2407 2145//2280
f 2229//2323 2265//2408 2103//2208
f 2103//2208 2265//2408 2102//2207
f 2144//2279 2077//2209 2266//2409
f 2078//2139 2266//2409 2077//2209
f 2078//2139 2268//2410 2266//2409
f 2267//2324 2269//2411 2270//2325
f 2188//2377 2268//2410 2078//2139
f 2270//2325 2271//2412 2146//2281
f 2231//2413 2105//2210 2232//2326
f 2189//2283 2146//2281 2272//2414
f 2232//2326 2189//2283 2272//2414
f 2079//2211 2105//2210 2231//2413
f 2048//2144 2273//2327 2149//2287
f 2107//2213 2274//2415 2150//2245
f 2107//2213 2190//2329 2274//2415
f 2109//2288 2079//2211 2357//2416
f 2152//2289 2110//2246 2315//2417
f 2444//2418 2115//2250 2151//2290
f 2114//2249 2154//2251 2275//2380
f 2155//2255 2277//2419 2153//2214
f 2235//2382 2116//2252 2276//2420
f 2192//2253 1961//2084 2193//2331
f 1961//2084 2059//2188 2193//2331
f 2278//2421 2236//2332 2117//2254
f 2119//2189 2237//2383 2197//2337
f 2084//2190 2238//2338 2120//2257
f 2365//2422 2161//2296 2239//2295
f 2241//2388 2160//2219 2087//2220
f 2281//2423 2242//2348 2161//2296
f 2242//2348 2162//2297 2161//2296
f 2283//2424 2205//2261 2242//2348
f 2243//2389 2205//2261 2283//2424
f 2244//2425 2125//2224 2090//2194
f 2164//2350 2245//2390 2206//2349
f 2207//2351 2246//2391 2127//2226
f 2164//2350 2127//2226 2245//2390
f 2128//2262 2091//2225 2245//2390
f 2127//2226 2128//2262 2245//2390
f 2285//2426 2284//2427 2249//2428
f 2285//2429 2249//2393 2166//2300
f 2249//2393 2285//2429 2168//2301
f 2286//2430 2335//2431 2337//2352
f 2171//2304 2251//2303 2386//2432
f 2287//2355 2385//2397 2428//2433
f 2171//2304 2386//2432 2252//2395
f 2253//2396 2288//2434 2131//2267
f 2131//2267 2288//2434 2133//2306
f 2175//2309 2389//2435 2174//2307
f 2289//2436 2291//2437 2290//2438
f 2289//2439 2213//2310 2291//2440
f 2213//2310 2255//2362 2291//2440
f 2294//2441 2255//2362 2217//2361
f 2179//2269 2295//2442 2216//2363
f 2296//2443 2094//2232 2177//2317
f 2259//2364 2297//2401 2292//2360
f 2093//2231 2295//2442 2179//2269
f 2093//2231 2094//2232 2395//2444
f 2094//2232 2296//2443 2395//2444
f 2298//2445 2217//2361 2256//2400
f 2297//2401 2259//2364 2258//2402
f 2297//2446 2258//2447 2257//2448
f 2178//2312 2136//2271 2256//2400
f 2218//2319 2137//2273 2299//2449
f 2072//2204 2221//2369 2301//2450
f 2260//2451 2302//2452 2303//2451
f 2260//2404 2072//2204 2302//2453
f 2260//2404 2302//2453 2261//2403
f 2223//2371 2073//2205 2096//2235
f 2096//2235 2262//2277 2223//2371
f 2263//2405 2227//2375 2097//2236
f 2143//2238 2264//2372 2345//2454
f 2074//2170 2043//2172 2226//2373
f 2043//2172 2187//2278 2346//2455
f 2187//2278 2304//2456 2346//2455
f 2187//2278 2306//2457 2304//2456
f 2304//2458 2306//2459 2305//2460
f 2306//2457 2187//2278 2307//2461
f 2228//2406 2308//2407 2076//2206
f 2187//2278 2102//2207 2307//2461
f 2102//2207 2265//2408 2309//2462
f 2349//2463 2267//2324 2230//2376
f 2410//2464 2045//2175 2311//2465
f 2313//2466 2312//2467 2311//2468
f 2313//2469 2311//2465 2045//2175
f 2313//2469 2045//2175 2150//2245
f 2079//2211 2231//2413 2357//2416
f 2190//2329 2152//2289 2314//2470
f 2357//2416 2316//2330 2109//2288
f 2113//2247 2316//2330 2317//2379
f 2233//2378 2054//2181 2114//2249
f 2444//2418 2275//2380 2115//2250
f 2110//2246 2192//2253 2318//2471
f 2192//2253 2193//2331 2318//2471
f 2056//2248 2359//2472 2116//2252
f 2319//2473 2234//2381 2153//2214
f 2321//2474 2320//2475 2319//2476
f 2321//2477 2319//2473 2153//2214
f 2321//2477 2153//2214 2277//2419
f 2155//2255 2118//2256 2361//2478
f 2193//2331 2195//2336 2322//2479
f 2323//2480 2196//2293 2236//2332
f 2324//2481 2197//2337 2237//2383
f 2085//2217 2159//2294 2203//2346
f 2281//2423 2161//2296 2365//2422
f 2282//2482 2241//2388 2203//2346
f 2204//2347 2325//2483 2240//2385
f 2283//2484 2326//2485 2327//2486
f 2283//2424 2242//2348 2326//2487
f 2283//2424 2326//2487 2243//2389
f 2325//2483 2204//2347 2123//2260
f 2328//2488 2123//2260 2088//2192
f 2328//2488 2088//2192 2125//2224
f 2329//2489 2125//2224 2244//2425
f 2375//2490 2090//2194 2165//2299
f 2165//2299 2330//2491 2375//2490
f 2063//2196 2332//2492 2165//2299
f 2331//2493 2165//2299 2332//2492
f 2092//2228 2247//2227 2248//2392
f 2167//2263 2332//2492 2063//2196
f 2248//2392 2333//2494 2166//2300
f 2169//2264 2378//2495 2167//2263
f 2166//2300 2333//2494 2285//2429
f 2169//2264 2168//2301 2378//2495
f 2168//2301 2285//2429 2333//2494
f 2380//2496 2379//2497 2334//2498
f 2425//2499 2335//2431 2286//2430
f 2336//2353 2286//2430 2337//2352
f 2250//2394 2337//2352 2384//2500
f 2336//2353 2209//2354 2338//2501
f 2386//2432 2251//2303 2250//2394
f 2211//2357 2213//2310 2340//2502
f 2175//2309 2254//2399 2389//2435
f 2341//2503 2213//2310 2289//2439
f 2289//2439 2291//2440 2341//2503
f 2291//2440 2255//2362 2341//2503
f 2212//2358 2393//2504 2003//2123
f 2003//2123 2393//2504 2293//2359
f 2093//2231 2395//2444 2295//2442
f 2177//2317 2293//2359 2296//2443
f 2217//2361 2298//2445 2294//2441
f 2136//2271 2342//2505 2256//2400
f 2137//2273 2259//2364 2299//2449
f 2300//2506 2218//2319 2299//2449
f 2136//2271 2138//2272 2342//2505
f 2218//2319 2300//2506 2222//2370
f 2302//2453 2072//2204 2399//2507
f 2302//2453 2399//2507 2261//2403
f 2467//2508 2184//2320 2223//2371
f 2186//2275 2222//2370 2400//2509
f 2344//2510 2223//2371 2262//2277
f 2262//2277 2226//2373 2344//2510
f 2143//2238 2345//2454 2225//2374
f 2226//2373 2043//2172 2346//2455
f 2304//2456 2306//2457 2346//2455
f 2346//2455 2306//2457 2307//2461
f 2307//2461 2102//2207 2309//2462
f 2265//2408 2229//2323 2347//2511
f 2229//2323 2144//2279 2266//2409
f 2265//2408 2310//2512 2309//2462
f 2348//2513 2309//2462 2310//2512
f 2348//2514 2351//2515 2350//2516
f 2348//2513 2310//2512 2351//2517
f 2265//2408 2352//2518 2310//2512
f 2349//2463 2353//2519 2267//2324
f 2310//2512 2354//2520 2351//2517
f 2269//2411 2267//2324 2353//2519
f 2354//2520 2310//2512 2352//2518
f 2268//2410 2188//2377 2409//2521
f 2270//2325 2269//2411 2408//2522
f 2356//2523 2409//2521 2188//2377
f 2410//2464 2356//2523 2188//2377
f 2188//2377 2045//2175 2410//2464
f 2150//2245 2410//2464 2311//2465
f 2271//2412 2272//2414 2146//2281
f 2311//2465 2313//2469 2150//2245
f 2150//2245 2274//2415 2412//2524
f 2274//2415 2314//2470 2413//2525
f 2274//2415 2190//2329 2314//2470
f 2314//2470 2152//2289 2315//2417
f 2151//2290 2191//2328 2444//2418
f 2114//2249 2275//2380 2233//2378
f 2276//2420 2116//2252 2359//2472
f 2056//2248 2360//2526 2359//2472
f 2056//2248 2317//2379 2360//2526
f 2358//2527 2361//2478 2276//2420
f 2276//2420 2361//2478 2235//2382
f 2321//2477 2234//2381 2319//2473
f 2234//2381 2321//2477 2277//2419
f 2155//2255 2361//2478 2277//2419
f 2361//2478 2118//2256 2235//2382
f 2193//2331 2322//2479 2479//2528
f 2278//2421 2323//2480 2236//2332
f 2196//2293 2323//2480 2237//2383
f 2197//2337 2324//2481 2362//2529
f 2416//2530 2159//2294 2197//2337
f 2120//2257 2238//2338 2363//2531
f 2238//2338 2280//2387 2363//2531
f 2364//2532 2279//2384 2160//2219
f 2364//2532 2160//2219 2241//2388
f 2366//2533 2280//2387 2202//2345
f 2198//2339 2240//2385 2368//2386
f 2281//2423 2367//2534 2242//2348
f 2369//2535 2240//2385 2325//2483
f 2368//2386 2240//2385 2369//2535
f 2326//2487 2242//2348 2243//2389
f 2369//2535 2325//2483 2370//2536
f 2123//2260 2328//2488 2372//2537
f 2328//2488 2125//2224 2329//2489
f 2328//2488 2329//2489 2372//2537
f 2328//2538 2372//2539 2371//2540
f 2243//2389 2373//2541 2163//2298
f 2163//2298 2373//2541 2374//2542
f 2244//2425 2090//2194 2375//2490
f 2330//2491 2165//2299 2331//2493
f 2331//2493 2332//2492 2377//2543
f 2248//2392 2247//2227 2376//2544
f 2332//2492 2167//2263 2378//2495
f 2379//2497 2423//2545 2334//2498
f 2423//2545 2422//2546 2381//2547
f 2423//2545 2381//2547 2382//2548
f 2423//2545 2382//2548 2334//2498
f 2335//2431 2383//2549 2337//2352
f 2427//2550 2457//2551 2428//2433
f 2209//2354 2252//2395 2387//2552
f 2339//2398 2211//2357 2388//2553
f 2252//2395 2386//2432 2389//2435
f 2211//2357 2340//2502 2388//2553
f 2212//2358 2133//2306 2288//2434
f 2390//2554 2174//2307 2389//2435
f 2389//2435 2254//2399 2506//2555
f 2390//2554 2392//2556 2174//2307
f 2174//2307 2392//2556 2214//2308
f 2394//2557 2254//2399 2216//2363
f 2463//2558 2395//2444 2296//2443
f 2396//2559 2259//2364 2292//2360
f 2397//2560 2298//2445 2256//2400
f 2184//2320 2467//2508 2342//2505
f 2138//2272 2184//2320 2342//2505
f 2300//2506 2398//2561 2222//2370
f 2221//2369 2343//2562 2301//2450
f 2072//2204 2301//2450 2399//2507
f 2221//2369 2141//2276 2343//2562
f 2401//2563 2343//2562 2141//2276
f 2186//2275 2400//2509 2263//2405
f 2261//2403 2402//2564 2142//2322
f 2141//2276 2225//2374 2401//2563
f 2142//2322 2402//2564 2264//2372
f 2346//2455 2469//2565 2226//2373
f 2346//2455 2307//2461 2469//2565
f 2347//2511 2229//2323 2266//2409
f 2403//2566 2230//2376 2145//2280
f 2405//2567 2309//2462 2348//2513
f 2230//2376 2404//2568 2349//2463
f 2348//2513 2351//2517 2405//2567
f 2265//2408 2347//2511 2352//2518
f 2268//2410 2352//2518 2347//2511
f 2266//2409 2268//2410 2347//2511
f 2351//2517 2354//2520 2405//2567
f 2406//2569 2405//2567 2354//2520
f 2352//2518 2407//2570 2354//2520
f 2409//2521 2410//2464 2268//2410
f 2409//2521 2356//2523 2410//2464
f 2409//2571 2355//2572 2356//2573
f 2270//2325 2408//2522 2271//2412
f 2410//2464 2150//2245 2412//2524
f 2271//2412 2411//2574 2272//2414
f 2413//2525 2412//2524 2274//2415
f 2149//2287 2273//2327 2414//2575
f 2108//2212 2149//2287 2414//2575
f 2316//2330 2415//2576 2317//2379
f 2233//2378 2275//2380 2444//2418
f 2117//2254 2234//2381 2278//2421
f 2120//2257 2322//2479 2195//2336
f 2416//2530 2197//2337 2362//2529
f 2239//2295 2279//2384 2365//2422
f 2203//2346 2159//2294 2416//2530
f 2417//2577 2203//2346 2416//2530
f 2282//2482 2203//2346 2417//2577
f 2367//2534 2484//2578 2242//2348
f 2242//2348 2484//2578 2243//2389
f 2325//2483 2487//2579 2370//2536
f 2123//2260 2372//2537 2329//2489
f 2207//2351 2163//2298 2374//2542
f 2246//2391 2418//2580 2247//2227
f 2377//2543 2332//2492 2420//2581
f 2248//2392 2419//2582 2333//2494
f 2378//2495 2168//2301 2419//2582
f 2419//2582 2168//2301 2333//2494
f 2421//2583 2379//2497 2380//2496
f 2452//2584 2381//2547 2422//2546
f 2382//2548 2381//2547 2454//2585
f 2424//2586 2382//2548 2454//2585
f 2335//2431 2425//2499 2383//2549
f 2425//2499 2286//2430 2426//2587
f 2456//2588 2457//2551 2427//2550
f 2384//2500 2337//2352 2383//2549
f 2336//2353 2338//2501 2286//2430
f 2428//2433 2385//2397 2427//2550
f 2338//2501 2209//2354 2387//2552
f 2287//2355 2428//2433 2544//2589
f 2210//2356 2429//2590 2385//2397
f 2429//2590 2210//2356 2339//2398
f 2250//2394 2430//2591 2386//2432
f 2287//2355 2544//2589 2253//2396
f 2429//2590 2339//2398 2388//2553
f 2391//2592 2213//2310 2341//2503
f 2214//2308 2392//2556 2292//2360
f 2431//2593 2293//2359 2393//2504
f 2432//2594 2255//2362 2294//2441
f 2216//2363 2295//2442 2394//2557
f 2256//2400 2342//2505 2397//2560
f 2342//2505 2465//2595 2397//2560
f 2300//2506 2299//2449 2434//2596
f 2467//2508 2223//2371 2435//2597
f 2400//2509 2222//2370 2398//2561
f 2307//2461 2437//2598 2469//2565
f 2307//2461 2309//2462 2437//2598
f 2145//2280 2308//2407 2518//2599
f 2403//2566 2145//2280 2438//2600
f 2438//2600 2145//2280 2518//2599
f 2353//2519 2349//2463 2439//2601
f 2354//2520 2407//2570 2406//2569
f 2268//2410 2407//2570 2352//2518
f 2410//2464 2407//2570 2268//2410
f 2410//2464 2412//2524 2407//2570
f 2411//2574 2232//2326 2272//2414
f 2597//2602 2232//2326 2411//2574
f 2232//2326 2440//2603 2231//2413
f 2441//2604 2413//2525 2442//2605
f 2108//2212 2414//2575 2191//2328
f 2413//2525 2314//2470 2442//2605
f 2314//2470 2315//2417 2442//2605
f 2443//2606 2316//2330 2357//2416
f 2474//2607 2414//2575 2273//2327
f 2474//2607 2273//2327 2233//2378
f 2474//2607 2233//2378 2444//2418
f 2110//2246 2318//2471 2315//2417
f 2358//2527 2276//2420 2359//2472
f 2358//2527 2476//2608 2361//2478
f 2479//2528 2477//2609 2193//2331
f 2237//2383 2323//2480 2528//2610
f 2281//2423 2365//2422 2570//2611
f 2281//2423 2570//2611 2367//2534
f 2363//2531 2280//2387 2366//2533
f 2241//2388 2447//2612 2364//2532
f 2241//2388 2282//2482 2447//2612
f 2202//2345 2368//2386 2366//2533
f 2448//2613 2368//2386 2369//2535
f 2329//2489 2325//2483 2123//2260
f 2369//2535 2370//2536 2448//2613
f 2244//2425 2375//2490 2329//2489
f 2330//2491 2535//2614 2375//2490
f 2418//2580 2246//2391 2207//2351
f 2247//2227 2418//2580 2376//2544
f 2330//2491 2331//2493 2449//2615
f 2377//2543 2449//2615 2331//2493
f 2248//2392 2489//2616 2419//2582
f 2420//2581 2332//2492 2378//2495
f 2491//2617 2490//2618 2495//2619
f 2495//2619 2450//2620 2491//2617
f 2380//2496 2451//2621 2421//2583
f 2380//2496 2334//2498 2451//2621
f 2451//2621 2334//2498 2382//2548
f 2381//2547 2452//2584 2454//2585
f 2454//2585 2455//2622 2424//2586
f 2456//2588 2424//2586 2455//2622
f 2456//2588 2427//2550 2500//2623
f 2457//2551 2456//2588 2459//2624
f 2457//2551 2459//2624 2503//2625
f 2503//2625 2544//2589 2457//2551
f 2428//2433 2457//2551 2544//2589
f 2385//2397 2429//2590 2504//2626
f 2384//2500 2430//2591 2250//2394
f 2253//2396 2544//2589 2621//2627
f 2389//2435 2506//2555 2252//2395
f 2461//2628 2390//2554 2389//2435
f 2213//2310 2391//2592 2340//2502
f 2462//2629 2292//2360 2392//2556
f 2432//2594 2341//2503 2255//2362
f 2464//2630 2395//2444 2463//2558
f 2464//2630 2394//2557 2295//2442
f 2395//2444 2464//2630 2295//2442
f 2298//2445 2397//2560 2294//2441
f 2299//2449 2259//2364 2466//2631
f 2433//2632 2466//2631 2259//2364
f 2465//2595 2342//2505 2467//2508
f 2261//2403 2399//2507 2556//2633
f 2556//2633 2402//2564 2261//2403
f 2468//2634 2435//2597 2223//2371
f 2468//2634 2223//2371 2344//2510
f 2227//2375 2263//2405 2436//2635
f 2228//2406 2561//2636 2470//2637
f 2470//2637 2308//2407 2228//2406
f 2438//2638 2472//2639 2471//2640
f 2438//2600 2518//2599 2472//2641
f 2438//2600 2472//2641 2403//2566
f 2230//2376 2403//2566 2404//2568
f 2353//2519 2408//2522 2269//2411
f 2271//2412 2408//2522 2520//2642
f 2411//2574 2271//2412 2520//2642
f 2440//2603 2232//2326 2597//2602
f 2441//2604 2473//2643 2413//2525
f 2412//2524 2413//2525 2473//2643
f 2191//2328 2414//2575 2474//2607
f 2191//2328 2474//2607 2444//2418
f 2316//2330 2443//2606 2415//2576
f 2315//2417 2318//2471 2475//2644
f 2604//2645 2318//2471 2193//2331
f 2360//2526 2521//2646 2359//2472
f 2477//2609 2445//2647 2478//2648
f 2479//2528 2445//2647 2477//2609
f 2361//2478 2522//2649 2277//2419
f 2445//2647 2524//2650 2478//2648
f 2479//2528 2480//2651 2445//2647
f 2526//2652 2524//2650 2445//2647
f 2526//2652 2445//2647 2482//2653
f 2480//2651 2482//2653 2445//2647
f 2480//2651 2479//2528 2322//2479
f 2234//2381 2483//2654 2278//2421
f 2323//2480 2278//2421 2483//2654
f 2120//2257 2527//2655 2322//2479
f 2120//2257 2446//2656 2527//2655
f 2483//2654 2528//2610 2323//2480
f 2237//2383 2528//2610 2324//2481
f 2637//2657 2416//2530 2362//2529
f 2120//2257 2363//2531 2446//2656
f 2570//2611 2365//2422 2532//2658
f 2533//2659 2366//2533 2368//2386
f 2484//2578 2485//2660 2243//2389
f 2486//2661 2373//2541 2243//2389
f 2329//2489 2487//2579 2325//2483
f 2534//2662 2370//2536 2487//2579
f 2370//2536 2534//2662 2448//2613
f 2207//2351 2374//2542 2418//2580
f 2449//2615 2377//2543 2488//2663
f 2376//2544 2489//2616 2248//2392
f 2492//2664 2491//2617 2450//2620
f 2492//2664 2450//2620 2497//2665
f 2493//2666 2492//2664 2497//2665
f 2450//2620 2495//2619 2496//2667
f 2495//2619 2421//2583 2496//2667
f 2538//2668 2493//2666 2497//2665
f 2498//2669 2423//2545 2379//2497
f 2450//2620 2539//2670 2497//2665
f 2423//2545 2619//2671 2422//2546
f 2423//2545 2498//2669 2619//2671
f 2451//2621 2496//2667 2421//2583
f 2539//2670 2496//2667 2451//2621
f 2539//2670 2451//2621 2453//2672
f 2451//2621 2382//2548 2499//2673
f 2454//2585 2452//2584 2584//2674
f 2382//2548 2424//2586 2499//2673
f 2500//2623 2424//2586 2456//2588
f 2427//2550 2458//2675 2500//2623
f 2456//2588 2544//2589 2459//2624
f 2459//2676 2503//2677 2460//2678
f 2459//2624 2544//2589 2503//2625
f 2504//2626 2458//2675 2427//2550
f 2286//2430 2338//2501 2505//2679
f 2427//2550 2385//2397 2504//2626
f 2387//2552 2505//2679 2338//2501
f 2687//2680 2253//2396 2621//2627
f 2288//2434 2253//2396 2687//2680
f 2506//2555 2387//2552 2252//2395
f 2461//2628 2389//2435 2386//2432
f 2463//2558 2296//2443 2507//2681
f 2296//2443 2293//2359 2507//2681
f 2507//2681 2293//2359 2431//2593
f 2462//2629 2396//2559 2292//2360
f 2259//2364 2396//2559 2433//2632
f 2466//2631 2433//2632 2509//2682
f 2466//2631 2552//2683 2299//2449
f 2466//2631 2509//2682 2552//2683
f 2466//2684 2508//2685 2509//2686
f 2300//2506 2434//2596 2398//2561
f 2301//2450 2343//2562 2511//2687
f 2400//2509 2398//2561 2512//2688
f 2467//2508 2435//2597 2510//2689
f 2468//2690 2514//28 2513//2691
f 2468//2634 2513//2692 2435//2597
f 2468//2634 2344//2510 2513//2692
f 2402//2564 2345//2454 2264//2372
f 2226//2373 2559//2693 2344//2510
f 2560//2694 2559//2693 2226//2373
f 2226//2373 2516//2695 2560//2694
f 2516//2695 2469//2565 2517//2696
f 2516//2695 2226//2373 2469//2565
f 2518//2599 2308//2407 2470//2637
f 2437//2598 2309//2462 2405//2567
f 2472//2641 2518//2599 2403//2566
f 2404//2568 2439//2601 2349//2463
f 2404//2568 2519//2697 2439//2601
f 2404//2568 2403//2566 2519//2697
f 2412//2524 2473//2643 2596//2698
f 2407//2570 2412//2524 2596//2698
f 2442//2605 2315//2417 2475//2644
f 2475//2644 2318//2471 2604//2645
f 2415//2576 2360//2526 2317//2379
f 2193//2331 2477//2609 2604//2645
f 2522//2649 2361//2478 2476//2608
f 2478//2648 2524//2650 2523//2699
f 2525//2700 2277//2419 2522//2649
f 2525//2700 2234//2381 2277//2419
f 2482//2653 2524//2650 2526//2652
f 2482//2701 2526//2702 2481//2703
f 2524//2650 2482//2653 2480//2651
f 2525//2700 2483//2654 2234//2381
f 2527//2655 2480//2651 2322//2479
f 2528//2610 2636//2704 2324//2481
f 2362//2529 2324//2481 2637//2657
f 2324//2481 2636//2704 2637//2657
f 2363//2531 2529//2705 2446//2656
f 2570//2611 2567//2706 2367//2534
f 2366//2533 2571//2707 2363//2531
f 2416//2530 2531//2708 2417//2577
f 2279//2384 2530//2709 2365//2422
f 2365//2422 2572//2710 2532//2658
f 2535//2614 2487//2579 2329//2489
f 2534//2662 2487//2579 2535//2614
f 2535//2614 2329//2489 2375//2490
f 2488//2663 2377//2543 2420//2581
f 2420//2581 2378//2495 2578//2711
f 2536//2712 2580//2713 2614//2714
f 2493//2666 2537//2715 2492//2664
f 2493//2666 2494//2716 2537//2715
f 2582//2717 2495//2619 2490//2618
f 2538//2668 2494//2716 2493//2666
f 2498//2669 2379//2497 2421//2583
f 2450//2620 2496//2667 2539//2670
f 2539//2670 2538//2668 2497//2665
f 2422//2546 2646//2718 2452//2584
f 2540//2719 2539//2670 2453//2672
f 2451//2621 2499//2673 2453//2672
f 2541//2720 2540//2719 2453//2672
f 2499//2673 2541//2720 2453//2672
f 2454//2585 2584//2674 2455//2622
f 2499//2673 2424//2586 2500//2623
f 2586//2721 2383//2549 2425//2499
f 2426//2587 2586//2721 2425//2499
f 2458//2675 2501//2722 2541//2720
f 2502//2723 2542//2724 2501//2722
f 2426//2587 2286//2430 2543//2725
f 2455//2622 2587//2726 2456//2588
f 2587//2726 2544//2589 2456//2588
f 2545//2727 2501//2722 2458//2675
f 2545//2727 2546//2728 2501//2722
f 2546//2728 2502//2723 2501//2722
f 2543//2725 2286//2430 2505//2679
f 2430//2591 2384//2500 2620//2729
f 2288//2434 2687//2680 2589//2730
f 2340//2502 2547//2731 2388//2553
f 2288//2434 2589//2730 2212//2358
f 2340//2502 2391//2592 2547//2731
f 2254//2399 2590//2732 2506//2555
f 2549//2733 2590//2732 2254//2399
f 2393//2504 2212//2358 2550//2734
f 2390//2554 2548//2735 2392//2556
f 2549//2733 2254//2399 2394//2557
f 2550//2734 2431//2593 2393//2504
f 2463//2558 2724//2736 2464//2630
f 2396//2559 2551//2737 2433//2632
f 2433//2632 2552//2683 2509//2682
f 2465//2595 2554//2738 2553//2739
f 2434//2596 2299//2449 2555//2740
f 2552//2683 2555//2740 2299//2449
f 2465//2595 2467//2508 2554//2738
f 2434//2596 2512//2688 2398//2561
f 2467//2508 2510//2689 2554//2738
f 2511//2687 2556//2633 2301//2450
f 2301//2450 2556//2633 2399//2507
f 2512//2688 2623//2741 2263//2405
f 2263//2405 2400//2509 2512//2688
f 2343//2562 2401//2563 2511//2687
f 2558//2742 2402//2564 2556//2633
f 2435//2597 2513//2692 2557//2743
f 2344//2510 2557//2743 2513//2692
f 2225//2374 2558//2742 2401//2563
f 2402//2564 2558//2742 2345//2454
f 2225//2374 2345//2454 2558//2742
f 2227//2375 2436//2635 2228//2406
f 2436//2635 2593//2744 2228//2406
f 2560//2694 2516//2695 2559//2693
f 2560//2745 2515//2746 2516//2747
f 2516//2695 2517//2696 2559//2693
f 2561//2636 2228//2406 2593//2744
f 2469//2565 2437//2598 2594//2748
f 2353//2519 2439//2601 2562//2749
f 2405//2567 2406//2569 2563//2750
f 2353//2519 2562//2749 2408//2522
f 2599//2751 2440//2603 2597//2602
f 2440//2603 2564//2752 2231//2413
f 2441//2604 2442//2605 2565//2753
f 2231//2413 2564//2752 2357//2416
f 2443//2606 2357//2416 2564//2752
f 2443//2606 2564//2752 2600//2754
f 2600//2754 2566//2755 2443//2606
f 2443//2606 2566//2755 2415//2576
f 2415//2576 2566//2755 2602//2756
f 2528//2610 2483//2654 2525//2700
f 2569//2757 2567//2706 2568//2758
f 2571//2707 2529//2705 2363//2531
f 2637//2657 2531//2708 2416//2530
f 2279//2384 2364//2532 2530//2709
f 2367//2534 2567//2706 2569//2757
f 2609//2759 2571//2707 2366//2533
f 2530//2709 2572//2710 2365//2422
f 2609//2759 2366//2533 2574//2760
f 2608//2761 2367//2534 2569//2757
f 2533//2659 2574//2760 2366//2533
f 2531//2708 2575//2762 2417//2577
f 2484//2578 2367//2534 2608//2761
f 2485//2660 2484//2578 2608//2761
f 2673//2763 2533//2659 2368//2386
f 2282//2482 2576//2764 2447//2612
f 2282//2482 2417//2577 2576//2764
f 2368//2386 2448//2613 2673//2763
f 2485//2660 2486//2661 2243//2389
f 2374//2542 2373//2541 2611//2765
f 2535//2614 2330//2491 2577//2766
f 2330//2491 2449//2615 2577//2766
f 2378//2495 2419//2582 2742//2767
f 2378//2495 2742//2767 2578//2711
f 2420//2581 2579//2768 2488//2663
f 2420//2581 2578//2711 2579//2768
f 2491//2617 2581//2769 2490//2618
f 2494//2716 2616//2770 2537//2715
f 2582//2717 2645//2771 2495//2619
f 2645//2771 2421//2583 2495//2619
f 2422//2546 2619//2671 2646//2718
f 2647//2772 2538//2668 2539//2670
f 2540//2719 2541//2720 2583//2773
f 2541//2720 2499//2673 2585//2774
f 2583//2773 2541//2720 2501//2722
f 2583//2773 2501//2722 2542//2724
f 2585//2774 2499//2673 2500//2623
f 2541//2720 2585//2774 2458//2675
f 2584//2674 2587//2726 2455//2622
f 2500//2623 2458//2675 2585//2774
f 2587//2726 2621//2627 2544//2589
f 2545//2727 2458//2675 2504//2626
f 2545//2727 2504//2626 2429//2590
f 2430//2591 2461//2628 2386//2432
f 2429//2590 2388//2553 2547//2731
f 2387//2552 2506//2555 2588//2775
f 2588//2775 2506//2555 2590//2732
f 2589//2730 2550//2734 2212//2358
f 2391//2592 2341//2503 2432//2594
f 2392//2556 2548//2735 2462//2629
f 2394//2557 2464//2630 2592//2776
f 2464//2630 2724//2736 2592//2776
f 2294//2441 2591//2777 2432//2594
f 2553//2739 2397//2560 2465//2595
f 2512//2688 2434//2596 2555//2740
f 2556//2633 2511//2687 2558//2742
f 2558//2742 2511//2687 2401//2563
f 2263//2405 2624//2778 2436//2635
f 2517//2696 2469//2565 2594//2748
f 2627//2779 2437//2598 2405//2567
f 2405//2567 2628//2780 2627//2779
f 2595//2781 2563//2750 2406//2569
f 2408//2522 2562//2749 2520//2642
f 2407//2570 2595//2781 2406//2569
f 2596//2698 2595//2781 2407//2570
f 2630//2782 2519//2697 2411//2574
f 2519//2697 2597//2602 2411//2574
f 2598//2783 2597//2602 2519//2697
f 2630//2782 2411//2574 2520//2642
f 2599//2751 2597//2602 2598//2783
f 2440//2603 2599//2751 2564//2752
f 2359//2472 2601//2784 2358//2527
f 2523//2699 2603//2785 2478//2648
f 2477//2609 2478//2648 2603//2785
f 2604//2645 2477//2609 2603//2785
f 2359//2472 2521//2646 2601//2784
f 2476//2608 2605//2786 2522//2649
f 2524//2650 2527//2655 2607//2787
f 2480//2651 2527//2655 2524//2650
f 2525//2700 2606//2788 2528//2610
f 2636//2704 2528//2610 2606//2788
f 2609//2759 2574//2760 2571//2707
f 2609//2789 2573//2790 2574//2791
f 2571//2707 2574//2760 2533//2659
f 2364//2532 2447//2612 2610//2792
f 2417//2577 2575//2762 2576//2764
f 2448//2613 2711//2793 2673//2763
f 2611//2765 2373//2541 2486//2661
f 2534//2662 2535//2614 2640//2794
f 2418//2580 2374//2542 2611//2765
f 2418//2580 2641//2795 2376//2544
f 2376//2544 2641//2795 2489//2616
f 2489//2616 2612//2796 2419//2582
f 2612//2796 2742//2767 2419//2582
f 2580//2713 2613//2797 2614//2714
f 2490//2618 2581//2769 2677//2798
f 2580//2713 2536//2712 2615//2799
f 2677//2798 2582//2717 2490//2618
f 2581//2769 2491//2617 2492//2664
f 2617//2800 2615//2799 2536//2712
f 2614//2714 2617//2800 2536//2712
f 2616//2770 2494//2716 2618//2801
f 2494//2716 2538//2668 2618//2801
f 2421//2583 2645//2771 2498//2669
f 2540//2719 2647//2772 2539//2670
f 2505//2679 2387//2552 2655//2802
f 2430//2591 2656//2803 2461//2628
f 2387//2552 2588//2775 2655//2802
f 2390//2554 2461//2628 2548//2735
f 2808//2804 2431//2593 2550//2734
f 2507//2681 2431//2593 2808//2804
f 2394//2557 2592//2776 2549//2733
f 2724//2736 2463//2558 2507//2681
f 2548//2735 2622//2805 2462//2629
f 2462//2629 2622//2805 2396//2559
f 2294//2441 2397//2560 2591//2777
f 2551//2737 2552//2683 2433//2632
f 2555//2740 2552//2683 2623//2741
f 2623//2741 2512//2688 2555//2740
f 2263//2405 2623//2741 2727//2806
f 2624//2778 2263//2405 2727//2806
f 2435//2597 2625//2807 2510//2689
f 2435//2597 2557//2743 2625//2807
f 2344//2510 2559//2693 2557//2743
f 2626//2808 2470//2637 2561//2636
f 2437//2598 2627//2779 2594//2748
f 2695//2809 2518//2599 2470//2637
f 2629//2810 2403//2566 2518//2599
f 2562//2749 2439//2601 2630//2782
f 2628//2780 2405//2567 2563//2750
f 2628//2780 2563//2750 2697//2811
f 2439//2601 2519//2697 2630//2782
f 2519//2697 2403//2566 2598//2783
f 2595//2812 2632//2813 2631//2814
f 2595//2781 2631//2815 2563//2750
f 2595//2781 2596//2698 2631//2815
f 2630//2782 2520//2642 2562//2749
f 2564//2752 2599//2751 2634//2816
f 2600//2754 2564//2752 2634//2816
f 2442//2605 2475//2644 2565//2753
f 2358//2527 2601//2784 2476//2608
f 2415//2576 2602//2756 2360//2526
f 2605//2786 2635//2817 2522//2649
f 2523//2699 2524//2650 2607//2787
f 2606//2788 2525//2700 2666//2818
f 2522//2649 2666//2818 2525//2700
f 2606//2788 2666//2818 2636//2704
f 2637//2657 2636//2704 2666//2818
f 2666//2818 2703//2819 2637//2657
f 2568//2758 2567//2706 2668//2820
f 2568//2758 2638//2821 2569//2757
f 2567//2706 2570//2611 2669//2822
f 2364//2532 2610//2792 2530//2709
f 2571//2707 2533//2659 2671//2823
f 2608//2761 2639//2824 2485//2660
f 2671//2823 2533//2659 2673//2763
f 2711//2793 2448//2613 2640//2794
f 2448//2613 2534//2662 2640//2794
f 2641//2795 2418//2580 2611//2765
f 2577//2766 2449//2615 2488//2663
f 2613//2797 2580//2713 2642//2825
f 2615//2799 2642//2825 2580//2713
f 2745//2826 2614//2714 2613//2797
f 2615//2799 2582//2717 2677//2798
f 2492//2664 2643//2827 2581//2769
f 2614//2714 2745//2826 2644//2828
f 2617//2800 2645//2771 2615//2799
f 2582//2717 2615//2799 2645//2771
f 2614//2714 2644//2828 2679//2829
f 2617//2800 2614//2714 2679//2829
f 2645//2771 2617//2800 2498//2669
f 2619//2671 2617//2800 2679//2829
f 2498//2669 2617//2800 2619//2671
f 2619//2671 2679//2829 2646//2718
f 2647//2772 2618//2801 2538//2668
f 2452//2584 2646//2718 2648//2830
f 2648//2830 2584//2674 2452//2584
f 2542//2724 2649//2831 2583//2773
f 2652//2832 2383//2549 2586//2721
f 2586//2721 2426//2587 2653//2833
f 2426//2587 2543//2725 2653//2833
f 2584//2674 2650//2834 2587//2726
f 2542//2724 2502//2723 2651//2835
f 2383//2549 2652//2832 2384//2500
f 2502//2723 2546//2728 2651//2835
f 2384//2500 2652//2832 2620//2729
f 2543//2725 2505//2679 2654//2836
f 2684//2837 2621//2627 2587//2726
f 2654//2836 2505//2679 2655//2802
f 2430//2591 2620//2729 2656//2803
f 2656//2803 2657//2838 2461//2628
f 2391//2592 2689//2839 2547//2731
f 2658//2840 2689//2839 2391//2592
f 2549//2733 2592//2776 2754//2841
f 2551//2737 2396//2559 2622//2805
f 2591//2777 2397//2560 2691//2842
f 2397//2560 2553//2739 2691//2842
f 2553//2739 2554//2738 2756//2843
f 2623//2741 2552//2683 2727//2806
f 2436//2635 2659//2844 2593//2744
f 2729//2845 2559//2693 2517//2696
f 2598//2783 2403//2566 2629//2810
f 2563//2750 2631//2815 2661//2846
f 2596//2698 2661//2846 2631//2815
f 2633//2847 2599//2751 2598//2783
f 2596//2698 2473//2643 2662//2848
f 2634//2816 2599//2751 2633//2847
f 2473//2643 2441//2604 2698//2849
f 2475//2644 2604//2645 2663//2850
f 2604//2645 2603//2785 2701//2851
f 2664//2852 2605//2786 2476//2608
f 2601//2784 2664//2852 2476//2608
f 2602//2756 2700//2853 2360//2526
f 2523//2699 2607//2787 2665//2854
f 2666//2818 2522//2649 2635//2817
f 2607//2787 2527//2655 2846//2855
f 2527//2655 2446//2656 2667//2856
f 2667//2856 2446//2656 2529//2705
f 2567//2706 2669//2822 2668//2820
f 2637//2657 2703//2819 2531//2708
f 2638//2821 2608//2761 2569//2757
f 2572//2710 2669//2822 2532//2658
f 2705//2857 2669//2822 2572//2710
f 2570//2611 2532//2658 2669//2822
f 2530//2709 2670//2858 2572//2710
f 2531//2708 2706//2859 2575//2762
f 2706//2859 2576//2764 2575//2762
f 2447//2612 2672//2860 2610//2792
f 2672//2860 2447//2612 2709//2861
f 2709//2861 2447//2612 2576//2764
f 2767//2862 2673//2763 2711//2793
f 2486//2661 2485//2660 2674//2863
f 2486//2661 2674//2863 2611//2765
f 2640//2794 2535//2614 2740//2864
f 2740//2864 2535//2614 2577//2766
f 2611//2765 2675//2865 2641//2795
f 2641//2795 2676//2866 2489//2616
f 2676//2866 2612//2796 2489//2616
f 2677//2798 2642//2825 2615//2799
f 2616//2770 2678//2867 2537//2715
f 2537//2715 2678//2867 2492//2664
f 2492//2664 2678//2867 2643//2827
f 2542//2724 2651//2835 2649//2831
f 2680//2868 2652//2832 2586//2721
f 2680//2869 2682//2870 2681//2871
f 2680//2868 2586//2721 2682//2872
f 2586//2721 2653//2833 2682//2872
f 2587//2726 2650//2834 2684//2837
f 2685//2873 2684//2837 2683//2874
f 2718//2875 2546//2728 2545//2727
f 2545//2727 2686//2876 2718//2875
f 2621//2627 2685//2873 2687//2680
f 2545//2727 2429//2590 2686//2876
f 2685//2873 2719//2877 2687//2680
f 2429//2590 2547//2731 2686//2876
f 2655//2802 2588//2775 2688//2878
f 2391//2592 2432//2594 2658//2840
f 2551//2737 2692//2879 2552//2683
f 2693//2880 2727//2806 2552//2683
f 2624//2778 2728//2881 2436//2635
f 2557//2743 2559//2693 2694//2882
f 2659//2844 2436//2635 2728//2881
f 2626//2808 2561//2636 2593//2744
f 2517//2696 2594//2748 2729//2845
f 2626//2808 2695//2809 2470//2637
f 2627//2779 2732//2883 2594//2748
f 2627//2779 2696//2884 2732//2883
f 2627//2779 2628//2780 2696//2884
f 2518//2599 2695//2809 2629//2810
f 2629//2810 2695//2809 2733//2885
f 2696//2884 2628//2780 2697//2811
f 2563//2750 2734//2886 2697//2811
f 2563//2750 2660//2887 2734//2886
f 2563//2750 2661//2846 2660//2887
f 2598//2783 2629//2810 2633//2847
f 2473//2643 2698//2849 2662//2848
f 2633//2847 2761//2888 2634//2816
f 2762//2889 2441//2604 2565//2753
f 2600//2754 2634//2816 2699//2890
f 2602//2756 2566//2755 2700//2853
f 2601//2784 2521//2646 2702//2891
f 2702//2891 2360//2526 2700//2853
f 2360//2526 2702//2891 2521//2646
f 2635//2817 2605//2786 2664//2852
f 2635//2817 2703//2819 2666//2818
f 2667//2856 2529//2705 2704//2892
f 2529//2705 2571//2707 2704//2892
f 2530//2709 2610//2792 2670//2858
f 2707//2893 2639//2824 2608//2761
f 2707//2893 2708//2894 2639//2824
f 2706//2859 2849//2895 2576//2764
f 2849//2895 2709//2861 2576//2764
f 2710//2896 2610//2792 2672//2860
f 2767//2862 2671//2823 2673//2763
f 2710//2896 2672//2860 2709//2861
f 2711//2793 2640//2794 2712//2897
f 2640//2794 2771//2898 2712//2897
f 2675//2865 2676//2866 2641//2795
f 2577//2766 2488//2663 2713//2899
f 2579//2768 2578//2711 2743//2900
f 2642//2825 2744//2901 2613//2797
f 2642//2825 2677//2798 2773//2902
f 2581//2769 2774//2903 2677//2798
f 2540//2719 2806//2904 2647//2772
f 2540//2719 2583//2773 2806//2904
f 2714//2905 2584//2674 2648//2830
f 2714//2905 2650//2834 2584//2674
f 2682//2872 2653//2833 2652//2832
f 2682//2872 2652//2832 2680//2868
f 2543//2725 2716//2906 2653//2833
f 2715//2907 2717//2908 2683//2874
f 2683//2874 2684//2837 2715//2907
f 2654//2836 2717//2908 2543//2725
f 2683//2874 2717//2908 2654//2836
f 2684//2837 2685//2873 2621//2627
f 2683//2874 2654//2836 2719//2877
f 2719//2877 2654//2836 2655//2802
f 2683//2874 2719//2877 2685//2873
f 2720//2909 2655//2802 2688//2878
f 2686//2876 2547//2731 2689//2839
f 2688//2878 2721//2910 2720//2909
f 2588//2775 2590//2732 2722//2911
f 2688//2878 2588//2775 2722//2911
f 2721//2910 2688//2878 2723//2912
f 2461//2628 2753//2913 2548//2735
f 2549//2733 2722//2911 2590//2732
f 2658//2840 2432//2594 2591//2777
f 2725//2914 2551//2737 2622//2805
f 2725//2914 2692//2879 2551//2737
f 2552//2683 2692//2879 2693//2880
f 2726//2915 2756//2843 2554//2738
f 2510//2689 2726//2915 2554//2738
f 2510//2689 2812//2916 2726//2915
f 2510//2689 2625//2807 2812//2916
f 2727//2806 2728//2881 2624//2778
f 2694//2882 2625//2807 2557//2743
f 2694//2882 2559//2693 2729//2845
f 2593//2744 2659//2844 2730//2917
f 2593//2744 2730//2917 2626//2808
f 2731//2918 2729//2845 2594//2748
f 2695//2809 2785//2919 2733//2885
f 2661//2846 2596//2698 2662//2848
f 2600//2754 2699//2890 2566//2755
f 2475//2644 2735//2920 2565//2753
f 2700//2853 2566//2755 2699//2890
f 2604//2645 2701//2851 2663//2850
f 2601//2784 2702//2891 2764//2921
f 2523//2699 2665//2854 2603//2785
f 2665//2854 2607//2787 2846//2855
f 2736//2922 2703//2819 2635//2817
f 2531//2708 2703//2819 2737//2923
f 2738//2924 2608//2761 2638//2821
f 2738//2924 2707//2893 2608//2761
f 2571//2707 2671//2823 2704//2892
f 2705//2857 2572//2710 2670//2858
f 2670//2858 2610//2792 2710//2896
f 2639//2824 2796//2925 2485//2660
f 2712//2897 2767//2862 2711//2793
f 2710//2896 2709//2861 2770//2926
f 2485//2660 2796//2925 2674//2863
f 2674//2863 2739//2927 2611//2765
f 2740//2864 2771//2898 2640//2794
f 2675//2865 2741//2928 2676//2866
f 2612//2796 2676//2866 2801//2929
f 2742//2767 2612//2796 2801//2929
f 2743//2900 2713//2899 2579//2768
f 2488//2663 2579//2768 2713//2899
f 2743//2900 2578//2711 2742//2767
f 2775//2930 2678//2867 2616//2770
f 2581//2769 2643//2827 2774//2903
f 2746//2931 2616//2770 2618//2801
f 2644//2828 2747//2932 2679//2829
f 2747//2932 2646//2718 2679//2829
f 2648//2830 2646//2718 2747//2932
f 2806//2904 2583//2773 2748//2933
f 2583//2773 2649//2831 2748//2933
f 2653//2833 2749//2934 2652//2832
f 2546//2728 2718//2875 2651//2835
f 2652//2832 2749//2934 2620//2729
f 2543//2725 2717//2908 2716//2906
f 2751//2935 2718//2875 2686//2876
f 2720//2909 2719//2877 2655//2802
f 2752//2936 2687//2680 2719//2877
f 2657//2838 2753//2913 2461//2628
f 2687//2680 2752//2936 2589//2730
f 2722//2911 2723//2912 2688//2878
f 2550//2734 2589//2730 2752//2936
f 2548//2735 2753//2913 2690//2937
f 2752//2936 2808//2804 2550//2734
f 2689//2839 2658//2840 2777//2938
f 2754//2841 2722//2911 2549//2733
f 2723//2912 2592//2776 2724//2736
f 2778//2939 2723//2912 2724//2736
f 2724//2736 2507//2681 2778//2939
f 2778//2939 2507//2681 2808//2804
f 2777//2938 2658//2840 2591//2777
f 2756//2843 2691//2842 2553//2739
f 2659//2844 2728//2881 2757//2940
f 2626//2808 2783//2941 2695//2809
f 2594//2748 2732//2883 2731//2918
f 2783//2941 2758//2942 2695//2809
f 2696//2884 2697//2811 2759//2943
f 2733//2885 2760//2944 2629//2810
f 2629//2810 2760//2944 2633//2847
f 2698//2849 2441//2604 2762//2889
f 2565//2753 2735//2920 2763//2945
f 2762//2889 2565//2753 2763//2945
f 2701//2851 2603//2785 2665//2854
f 2664//2852 2765//2946 2635//2817
f 2765//2946 2736//2922 2635//2817
f 2527//2655 2667//2856 2846//2855
f 2568//2758 2668//2820 2766//2947
f 2710//2896 2768//2948 2670//2858
f 2709//2861 2769//2949 2770//2926
f 2771//2898 2797//2950 2712//2897
f 2675//2865 2611//2765 2739//2927
f 2740//2864 2577//2766 2772//2951
f 2772//2951 2577//2766 2713//2899
f 2802//2952 2742//2767 2800//2953
f 2800//2953 2742//2767 2801//2929
f 2743//2900 2742//2767 2802//2952
f 2802//2952 2713//2899 2743//2900
f 2774//2903 2773//2902 2677//2798
f 2805//2954 2774//2903 2643//2827
f 2745//2826 2747//2932 2644//2828
f 2618//2801 2647//2772 2746//2931
f 2716//2906 2749//2934 2653//2833
f 2750//2955 2620//2729 2749//2934
f 2750//2955 2656//2803 2620//2729
f 2686//2876 2689//2839 2776//2956
f 2719//2877 2720//2909 2752//2936
f 2723//2912 2778//2939 2721//2910
f 2723//2912 2722//2911 2592//2776
f 2592//2776 2722//2911 2754//2841
f 2777//2938 2591//2777 2755//2957
f 2548//2735 2690//2937 2622//2805
f 2755//2957 2591//2777 2691//2842
f 2779//2958 2692//2879 2725//2914
f 2692//2879 2779//2958 2693//2880
f 2780//2959 2693//2880 2779//2958
f 2693//2880 2781//2960 2727//2806
f 2782//2961 2727//2806 2781//2960
f 2782//2961 2728//2881 2727//2806
f 2728//2881 2861//2962 2757//2940
f 2783//2941 2626//2808 2730//2917
f 2758//2942 2783//2941 2784//2963
f 2697//2811 2734//2886 2759//2943
f 2763//2964 2786//2965 2787//2966
f 2763//2945 2787//2967 2762//2889
f 2763//2945 2735//2920 2787//2967
f 2475//2644 2663//2850 2735//2920
f 2601//2784 2821//2968 2664//2852
f 2764//2921 2821//2968 2601//2784
f 2665//2854 2788//2969 2701//2851
f 2899//2970 2846//2855 2667//2856
f 2736//2922 2737//2923 2703//2819
f 2766//2947 2668//2820 2669//2822
f 2790//2971 2766//2947 2669//2822
f 2789//2972 2531//2708 2737//2923
f 2790//2971 2669//2822 2705//2857
f 2706//2859 2531//2708 2789//2972
f 2791//2973 2826//2974 2825//2975
f 2849//2895 2706//2859 2789//2972
f 2792//2976 2826//2974 2791//2973
f 2794//2977 2704//2892 2671//2823
f 2707//2893 2793//2978 2708//2894
f 2767//2862 2826//2974 2792//2976
f 2794//2977 2767//2862 2792//2976
f 2793//2978 2795//2979 2708//2894
f 2671//2823 2767//2862 2794//2977
f 2705//2857 2670//2858 2768//2948
f 2826//2974 2767//2862 2712//2897
f 2708//2894 2904//2980 2639//2824
f 2639//2824 2904//2980 2796//2925
f 2850//2981 2768//2948 2710//2896
f 2770//2926 2850//2981 2710//2896
f 2740//2864 2829//2982 2798//2983
f 2740//2864 2798//2983 2771//2898
f 2675//2865 2799//2984 2741//2928
f 2801//2929 2676//2866 2741//2928
f 2800//2953 2801//2929 2741//2928
f 2642//2825 2803//2985 2744//2901
f 2773//2902 2803//2985 2642//2825
f 2804//2986 2613//2797 2744//2901
f 2613//2797 2804//2986 2745//2826
f 2643//2827 2678//2867 2805//2954
f 2616//2770 2746//2931 2775//2930
f 2647//2772 2853//2987 2746//2931
f 2806//2904 2853//2987 2647//2772
f 2650//2834 2885//2988 2684//2837
f 2717//2908 2715//2907 2858//2989
f 2715//2907 2885//2988 2858//2989
f 2715//2907 2684//2837 2885//2988
f 2807//2990 2749//2934 2716//2906
f 2721//2910 2752//2936 2720//2909
f 2752//2936 2778//2939 2808//2804
f 2693//2880 2780//2959 2810//2991
f 2810//2991 2781//2960 2693//2880
f 2726//2915 2811//2992 2756//2843
f 2812//2916 2811//2992 2726//2915
f 2694//2882 2841//2993 2625//2807
f 2694//2882 2729//2845 2813//2994
f 2757//2940 2730//2917 2659//2844
f 2814//2995 2729//2845 2731//2918
f 2758//2942 2785//2919 2695//2809
f 2816//2996 2696//2884 2759//2943
f 2761//2888 2633//2847 2817//2997
f 2818//2998 2662//2848 2698//2849
f 2761//2888 2926//2999 2634//2816
f 2698//2849 2762//2889 2818//2998
f 2634//2816 2926//2999 2699//2890
f 2762//2889 2787//2967 2735//2920
f 2699//2890 2844//3000 2820//3001
f 2820//3001 2700//2853 2699//2890
f 2701//2851 2822//3002 2663//2850
f 2845//3003 2764//2921 2702//2891
f 2702//2891 2700//2853 2845//3003
f 2664//2852 2821//2968 2765//2946
f 2736//2922 2823//3004 2737//2923
f 2568//2758 2766//2947 2638//2821
f 2638//2821 2766//2947 2824//3005
f 2707//2893 2738//2924 2793//2978
f 2705//2857 2768//2948 2827//3006
f 2796//2925 2739//2927 2674//2863
f 2798//2983 2797//2950 2771//2898
f 2739//2927 2828//3007 2675//2865
f 2828//3007 2799//2984 2675//2865
f 2740//2864 2772//2951 2829//2982
f 2800//2953 2741//2928 2830//3008
f 2830//3008 2741//2928 2799//2984
f 2851//3009 2772//2951 2713//2899
f 2831//3010 2804//2986 2744//2901
f 2678//2867 2834//3011 2805//2954
f 2775//2930 2832//3012 2678//2867
f 2745//2826 2835//3013 2747//2932
f 2747//2932 2854//3014 2648//2830
f 2855//3015 2714//2905 2648//2830
f 2714//2905 2885//2988 2650//2834
f 2857//3016 2651//2835 2718//2875
f 2750//2955 2749//2934 2807//2990
f 2718//2875 2751//2935 2836//3017
f 2750//2955 2657//2838 2656//2803
f 2776//2956 2689//2839 2837//3018
f 2778//2939 2752//2936 2721//2910
f 2837//3018 2689//2839 2777//2938
f 2777//2938 2755//2957 2838//3019
f 2755//2957 2691//2842 2839//3020
f 2691//2842 2809//3021 2839//3020
f 2809//3021 2691//2842 2756//2843
f 2810//2991 2840//3022 2781//2960
f 2812//2916 2625//2807 2841//2993
f 2728//2881 2782//2961 2861//2962
f 2841//2993 2694//2882 2813//2994
f 2783//2941 2730//2917 2757//2940
f 2813//2994 2729//2845 2814//2995
f 2814//2995 2731//2918 2842//3023
f 2731//2918 2815//3024 2842//3023
f 2731//2918 2732//2883 2815//3024
f 2732//2883 2696//2884 2815//3024
f 2759//2943 2734//2886 2843//3025
f 2660//2887 2843//3025 2734//2886
f 2660//2887 2661//2846 2843//3025
f 2633//2847 2760//2944 2817//2997
f 2845//3003 2844//3000 2699//2890
f 2844//3000 2845//3003 2820//3001
f 2844//3026 2820//3027 2819//3028
f 2735//2920 2663//2850 2865//3029
f 2764//2921 2845//3003 2929//3030
f 2845//3003 2700//2853 2820//3001
f 2701//2851 2788//2969 2822//3002
f 2665//2854 2846//2855 2788//2969
f 2765//2946 2823//3004 2736//2922
f 2704//2892 2899//2970 2667//2856
f 2825//2975 2870//3031 2791//2973
f 2847//3032 2738//2924 2638//2821
f 2791//2973 2871//3033 2792//2976
f 2792//2976 2871//3033 2901//3034
f 2705//2857 2848//3035 2790//2971
f 2901//3034 2794//2977 2792//2976
f 2709//2861 2849//2895 2769//2949
f 2904//2980 2708//2894 2795//2979
f 2770//2926 2769//2949 2850//2981
f 2800//2953 2851//3009 2802//2952
f 2713//2899 2802//2952 2851//3009
f 2831//3010 2744//2901 2803//2985
f 2773//2902 2852//3036 2803//2985
f 2773//2902 2774//2903 2852//3036
f 2678//2867 2832//3012 2834//3011
f 2804//2986 2835//3013 2745//2826
f 2774//2903 2805//2954 2833//3037
f 2648//2830 2854//3014 2855//3015
f 2856//3038 2912//3039 2878//3040
f 2884//3041 2748//2933 2649//2831
f 2855//3015 2885//2988 2714//2905
f 2857//3016 2884//3041 2649//2831
f 2651//2835 2857//3016 2649//2831
f 2717//2908 2859//3042 2716//2906
f 2686//2876 2776//2956 2751//2935
f 2657//2838 2952//3043 2753//2913
f 2690//2937 2753//2913 2890//3044
f 2918//3045 2690//2937 2917//3046
f 2839//3020 2838//3019 2755//2957
f 2690//2937 2920//3047 2622//2805
f 2622//2805 2920//3047 2725//2914
f 2811//2992 2860//3048 2756//2843
f 2782//2961 2781//2960 2840//3022
f 2812//2916 2891//3049 2811//2992
f 2862//3050 2783//2941 2757//2940
f 2783//2941 2893//3051 2784//2963
f 2696//2884 2816//2996 2815//3024
f 2661//2846 2925//3052 2843//3025
f 2661//2846 2662//2848 2863//3053
f 2863//3053 2662//2848 2818//2998
f 2926//2999 2930//3054 2699//2890
f 2930//3054 2845//3003 2699//2890
f 2764//2921 2929//3030 2864//3055
f 2864//3055 2821//2968 2764//2921
f 2846//2855 2866//3056 2788//2969
f 2899//2970 2867//3057 2846//2855
f 2868//3058 2737//2923 2823//3004
f 2766//2947 2869//3059 2824//3005
f 2870//3031 2871//3033 2791//2973
f 2868//3058 2872//3060 2737//2923
f 2899//2970 2704//2892 2901//3034
f 2737//2923 2872//3060 2789//2972
f 2704//2892 2794//2977 2901//3034
f 2902//3061 2849//2895 2789//2972
f 2825//2975 2826//2974 2969//3062
f 2848//3035 2705//2857 2827//3006
f 2969//3062 2826//2974 2712//2897
f 2768//2948 2850//2981 2827//3006
f 2799//2984 2828//3007 2873//3063
f 2830//3008 2874//3064 2800//2953
f 2874//3064 2851//3009 2800//2953
f 2772//2951 2938//3065 2829//2982
f 2938//3065 2772//2951 2851//3009
f 2875//3066 2804//2986 2831//3010
f 2774//2903 2833//3037 2852//3036
f 2805//2954 2906//3067 2833//3037
f 2746//2931 2832//3012 2775//2930
f 2943//3068 2876//3069 2877//3070
f 2943//3068 2908//3071 2876//3069
f 2747//2932 2877//3070 2854//3014
f 2853//2987 2806//2904 2910//3072
f 2854//3014 2877//3070 2880//3073
f 2879//3074 2856//3038 2878//3040
f 2881//3075 2856//3038 2879//3074
f 2854//3014 2880//3073 2855//3015
f 2880//3073 2913//3076 2855//3015
f 2856//3038 2883//3077 2912//3039
f 2883//3077 2856//3038 2882//3078
f 2748//2933 2884//3041 2911//3079
f 2855//3015 2913//3076 2885//2988
f 2885//2988 2913//3076 2858//2989
f 2858//2989 2859//3042 2717//2908
f 2857//3016 2718//2875 2836//3017
f 2716//2906 2859//3042 2807//2990
f 2750//2955 2807//2990 2886//3080
f 2886//3080 2657//2838 2750//2955
f 2751//2935 2776//2956 2836//3017
f 2776//2956 2887//3081 2836//3017
f 2888//3082 2887//3081 2776//2956
f 2837//3018 2777//2938 2889//3083
f 2917//3046 2690//2937 2890//3044
f 2919//3084 2838//3019 2839//3020
f 2725//2914 2920//3047 2921//3085
f 2841//2993 2891//3049 2812//2916
f 2861//2962 2782//2961 2892//3086
f 2861//2962 2862//3050 2757//2940
f 2862//3050 2893//3051 2783//2941
f 2816//2996 2894//3087 2922//3088
f 2922//3088 2815//3024 2816//2996
f 2843//3025 2816//2996 2759//2943
f 2894//3087 2816//2996 2843//3025
f 2926//2999 2761//2888 2817//2997
f 2863//3053 2818//2998 2896//3089
f 2931//3090 2896//3089 2818//2998
f 2926//2999 2927//3091 2929//3030
f 2663//2850 2897//3092 2865//3029
f 2663//2850 2822//3002 2897//3092
f 2788//2969 2866//3056 2822//3002
f 2765//2946 2821//2968 2898//3093
f 2898//3093 2823//3004 2765//2946
f 2866//3056 2846//2855 2867//3057
f 2766//2947 2900//3094 2869//3059
f 2766//2947 2790//2971 2900//3094
f 2899//2970 2901//3034 2871//3033
f 2638//2821 2824//3005 2847//3032
f 2872//3060 2902//3061 2789//2972
f 2847//3032 2793//2978 2738//2924
f 2712//2897 2797//2950 2969//3062
f 2902//3061 2903//3095 2849//2895
f 2796//2925 2905//3096 2739//2927
f 2904//2980 2905//3096 2796//2925
f 2797//2950 2798//2983 2974//3097
f 2938//3065 2874//3064 2798//2983
f 2798//2983 2829//2982 2938//3065
f 2873//3063 2830//3008 2799//2984
f 2834//3011 2906//3067 2805//2954
f 2835//3013 2907//3098 2747//2932
f 2907//3098 2943//3068 2877//3070
f 2747//2932 2907//3098 2877//3070
f 2879//3074 2909//3099 2881//3075
f 2910//3072 2881//3075 2909//3099
f 2853//2987 2910//3072 2909//3099
f 2879//3074 2878//3040 2946//3100
f 2877//3070 2876//3069 2948//3101
f 2806//2904 2911//3079 2910//3072
f 2911//3079 2806//2904 2748//2933
f 2912//3039 2947//3102 2878//3040
f 2882//3078 2856//3038 2881//3075
f 3081//3103 2859//3042 2858//2989
f 2914//3104 2857//3016 2836//3017
f 2916//3105 2836//3017 2887//3081
f 2887//3081 2888//3082 2916//3105
f 2887//3106 2916//3107 2915//3108
f 2837//3018 2888//3082 2776//2956
f 2952//3043 2890//3044 2753//2913
f 2777//2938 2838//3019 2889//3083
f 2690//2937 2918//3045 2920//3047
f 2756//2843 2988//3109 2809//3021
f 2756//2843 2860//3048 2988//3109
f 2810//2991 2954//3110 2840//3022
f 2860//3048 2811//2992 2891//3049
f 2813//2994 2814//2995 2959//3111
f 2814//2995 2842//3023 2959//3111
f 2922//3088 2842//3023 2815//3024
f 2758//2942 2784//2963 2923//3112
f 2843//3025 2925//3052 2894//3087
f 2925//3052 2924//3113 2894//3087
f 2760//2944 2733//2885 2895//3114
f 3000//3115 2925//3052 2661//2846
f 2863//3053 3000//3115 2661//2846
f 2760//2944 2895//3114 2817//2997
f 2817//2997 2927//3091 2926//2999
f 2896//3089 2928//3116 2863//3053
f 2929//3030 2927//3091 2965//3117
f 2929//3030 2930//3054 2926//2999
f 2818//2998 2762//2889 2932//3118
f 2931//3090 2818//2998 2932//3118
f 2735//2920 2932//3118 2762//2889
f 2865//3029 2932//3118 2735//2920
f 2930//3054 2929//3030 2845//3003
f 2933//3119 2823//3004 2898//3093
f 2868//3058 2823//3004 2933//3119
f 3006//3120 2869//3059 2934//3121
f 2869//3059 2900//3094 2934//3121
f 2935//3122 2867//3057 2899//2970
f 2899//2970 2871//3033 2935//3122
f 2900//3094 2790//2971 2968//3123
f 2825//2975 2936//3124 2870//3031
f 2825//2975 2969//3062 2936//3124
f 2847//3032 2970//3125 2793//2978
f 2903//3095 2769//2949 2849//2895
f 2972//3126 2827//3006 2850//2981
f 2974//3097 3011//3127 2797//2950
f 2937//3128 2850//2981 2769//2949
f 2974//3097 2798//2983 3012//3129
f 2798//2983 2874//3064 3012//3129
f 2938//3065 2851//3009 2874//3064
f 2803//2985 2939//3130 2831//3010
f 2939//3130 2803//2985 2852//3036
f 2940//3131 2833//3037 2906//3067
f 2804//2986 2875//3066 2941//3132
f 3013//3133 2906//3067 2834//3011
f 3013//3133 2834//3011 2832//3012
f 3013//3133 2832//3012 2746//2931
f 2804//2986 2944//3134 2835//3013
f 2944//3134 2804//2986 2941//3132
f 2976//3135 2943//3068 2942//3136
f 2907//3098 2835//3013 2944//3134
f 2977//3137 2853//2987 2909//3099
f 2746//2931 2853//2987 2977//3137
f 2907//3098 2942//3136 2943//3068
f 2908//3071 2945//3138 2876//3069
f 2947//3102 2946//3100 2878//3040
f 2876//3069 2945//3138 2948//3101
f 2877//3070 2948//3101 2949//3139
f 2951//3140 2949//3141 2950//3142
f 2951//3143 2880//3073 2949//3139
f 2880//3073 2877//3070 2949//3139
f 2982//3144 2807//2990 2859//3042
f 2952//3043 2657//2838 2886//3080
f 2983//3145 2916//3105 2888//3082
f 2836//3017 2916//3105 2983//3145
f 2890//3044 2986//3146 2917//3046
f 2921//3085 2779//2958 2725//2914
f 2779//2958 2921//3085 2953//3147
f 2954//3110 2810//2991 2780//2959
f 2860//3048 2891//3049 2955//3148
f 2782//2961 2840//3022 2989//3149
f 2841//2993 3020//3150 2891//3049
f 3020//3150 2841//2993 2813//2994
f 2813//2994 2956//3151 3020//3150
f 2861//2962 2892//3086 2957//3152
f 2959//3111 2956//3151 2813//2994
f 2990//3153 2960//3154 2992//3155
f 2991//3156 2960//3154 2990//3153
f 2842//3023 2961//3157 2959//3111
f 2842//3023 2922//3088 2961//3157
f 2894//3087 2961//3157 2922//3088
f 2995//3158 2962//3159 2997//3160
f 2923//3112 2785//2919 2758//2942
f 2785//2919 2999//3161 2733//2885
f 2733//2885 2999//3161 2895//3114
f 2964//3162 2927//3091 2817//2997
f 2927//3091 2964//3162 2965//3117
f 3001//3163 2929//3030 2965//3117
f 2929//3030 3001//3163 2864//3055
f 2966//3164 2865//3029 2897//3092
f 2967//3165 2821//2968 2864//3055
f 2866//3056 2966//3164 2822//3002
f 2934//3121 2900//3094 3008//3166
f 2933//3119 3009//3167 2868//3058
f 2935//3122 2871//3033 2870//3031
f 2900//3094 2968//3123 3008//3166
f 2968//3123 2790//2971 2848//3035
f 2969//3062 2793//2978 2970//3125
f 2827//3006 2971//3168 2848//3035
f 2797//2950 3011//3127 2969//3062
f 2795//2979 2793//2978 2973//3169
f 2903//3095 2937//3128 2769//2949
f 2904//2980 2795//2979 2973//3169
f 2972//3126 2850//2981 2937//3128
f 2973//3169 2974//3097 3012//3129
f 2739//2927 2905//3096 2828//3007
f 2830//3008 2873//3063 3012//3129
f 2874//3064 2830//3008 3012//3129
f 2939//3130 2875//3066 2831//3010
f 2975//3170 2943//3068 2976//3135
f 3013//3133 2746//2931 2977//3137
f 2907//3098 2944//3134 2942//3136
f 2943//3068 2975//3170 2908//3071
f 2909//3099 2978//3171 2977//3137
f 2978//3171 2909//3099 2879//3074
f 2945//3138 3014//3172 2948//3101
f 2881//3075 2910//3072 2979//3173
f 2948//3101 3014//3172 2981//3174
f 2980//3175 2949//3139 2948//3101
f 2951//3143 2949//3139 2980//3175
f 2980//3175 2880//3073 2951//3143
f 2881//3075 2979//3173 2882//3078
f 2980//3175 2913//3076 2880//3073
f 2858//2989 2913//3076 3081//3103
f 2952//3043 2886//3080 2984//3176
f 2952//3043 2985//3177 2890//3044
f 2889//3083 2838//3019 2987//3178
f 2838//3019 2919//3084 2987//3178
f 2839//3020 2988//3109 2919//3084
f 2839//3020 2809//3021 2988//3109
f 2780//2959 2779//2958 2953//3147
f 2780//2959 2953//3147 2954//3110
f 2840//3022 2954//3110 2989//3149
f 2955//3148 2891//3049 3091//3179
f 2891//3049 3020//3150 3091//3179
f 2989//3149 2892//3086 2782//2961
f 2861//2962 2957//3152 2958//3180
f 2862//3050 2861//2962 2958//3180
f 2956//3151 2959//3111 3133//3181
f 2893//3051 2862//3050 2958//3180
f 2960//3154 2993//3182 2992//3155
f 2960//3154 2991//3156 2994//3183
f 2961//3157 2894//3087 2996//3184
f 2998//3185 2962//3159 2995//3158
f 2997//3160 2962//3159 3027//3186
f 2963//3187 2962//3159 2998//3185
f 3027//3186 2962//3159 2963//3187
f 2785//2919 2923//3112 2999//3161
f 3000//3115 2863//3053 3062//3188
f 2865//3029 3032//3189 2932//3118
f 2864//3055 3033//3190 2967//3165
f 2966//3164 2897//3092 2822//3002
f 2967//3165 3003//3191 2821//2968
f 2821//2968 3003//3191 2898//3093
f 3005//3192 2934//3121 3008//3166
f 3004//3193 2866//3056 2867//3057
f 3008//3166 2968//3123 3007//3194
f 2872//3060 2868//3058 3009//3167
f 3010//3195 2936//3124 2969//3062
f 3010//3195 2969//3062 2970//3125
f 2793//2978 2969//3062 3011//3127
f 3011//3127 2973//3169 2793//2978
f 3011//3127 2974//3097 2973//3169
f 2904//2980 2973//3169 2905//3096
f 3012//3129 2905//3096 2973//3169
f 3012//3129 2873//3063 2905//3096
f 2828//3007 2905//3096 2873//3063
f 2976//3135 2942//3136 3072//3196
f 2945//3138 2908//3071 3073//3197
f 3076//3198 2946//3100 2947//3102
f 2948//3101 2981//3174 2980//3175
f 3015//3199 2947//3102 2912//3039
f 2912//3039 2883//3077 3015//3199
f 3016//3200 2981//3174 3014//3172
f 3050//3201 2913//3076 2980//3175
f 2982//3144 3017//3202 2807//2990
f 2983//3145 2914//3104 2836//3017
f 2807//2990 3017//3202 2886//3080
f 2888//3082 2837//3018 3055//3203
f 2917//3046 2986//3146 2918//3045
f 2953//3147 2921//3085 3086//3204
f 2953//3147 3058//3205 2954//3110
f 2989//3149 2954//3110 3018//3206
f 2989//3149 3019//3207 2892//3086
f 2958//3180 3021//3208 2893//3051
f 3134//3209 2991//3156 2990//3153
f 2990//3153 2992//3155 3022//3210
f 3094//3211 3133//3181 2959//3111
f 2961//3157 3094//3211 2959//3111
f 3023//3212 2960//3154 2994//3183
f 2893//3051 3024//3213 2784//2963
f 2993//3182 2960//3154 3025//3214
f 2784//2963 3024//3213 2923//3112
f 3025//3214 2960//3154 3026//3215
f 3023//3212 3026//3215 2960//3154
f 2894//3087 2924//3113 2996//3184
f 2996//3184 2924//3113 3029//3216
f 3061//3217 2997//3160 3027//3186
f 2924//3113 2925//3052 3029//3216
f 3028//3218 2999//3161 2923//3112
f 2963//3187 3030//3219 3027//3186
f 2925//3052 3000//3115 3029//3216
f 2928//3116 2896//3089 3031//3220
f 3032//3189 3002//3221 2932//3118
f 2931//3090 3031//3220 2896//3089
f 3001//3163 3033//3190 2864//3055
f 3005//3192 3006//3120 2934//3121
f 2866//3056 3004//3193 3034//3222
f 3008//3166 3007//3194 3103//3223
f 3007//3194 3036//3224 3103//3223
f 3007//3194 2968//3123 3036//3224
f 3006//3120 3035//3225 2869//3059
f 3037//3226 2935//3122 2870//3031
f 2872//3060 3009//3167 3038//3227
f 3148//3228 2870//3031 2936//3124
f 3039//3229 2968//3123 2848//3035
f 3040//3230 2902//3061 2872//3060
f 3040//3230 2903//3095 2902//3061
f 2827//3006 3041//3231 2971//3168
f 2937//3128 3042//3232 2972//3126
f 2827//3006 2972//3126 3041//3231
f 2940//3131 2906//3067 3043//3233
f 2852//3036 3151//3234 2939//3130
f 2875//3066 2939//3130 3044//3235
f 3045//3236 2942//3136 2944//3134
f 2975//3170 3073//3197 2908//3071
f 2879//3074 2946//3100 3046//3237
f 2911//3079 3048//3238 2910//3072
f 2910//3072 3048//3238 3047//3239
f 2979//3173 2910//3072 3049//3240
f 3047//3239 3049//3240 2910//3072
f 2883//3077 3051//3241 3015//3199
f 2882//3078 3051//3241 2883//3077
f 2913//3076 3050//3201 3081//3103
f 2857//3016 3052//3242 2884//3041
f 3082//3243 2859//3042 3081//3103
f 2857//3016 2914//3104 3052//3242
f 2859//3042 3082//3243 2982//3144
f 2983//3145 3053//3244 2914//3104
f 2886//3080 3017//3202 2984//3176
f 2984//3176 3121//3245 2952//3043
f 2985//3177 2952//3043 3054//3246
f 3055//3203 2837//3018 2889//3083
f 2890//3044 2985//3177 2986//3146
f 3085//3247 2920//3047 2918//3045
f 3085//3247 3056//3248 2920//3047
f 2920//3047 3056//3248 2921//3085
f 3057//3249 2988//3109 2860//3048
f 2955//3148 3057//3249 2860//3048
f 3019//3207 2989//3149 3059//3250
f 3019//3207 2957//3152 2892//3086
f 3020//3150 2956//3151 3130//3251
f 2992//3155 3093//3252 3022//3210
f 3134//3209 2994//3183 2991//3156
f 2992//3155 2993//3182 3093//3252
f 3023//3212 2994//3183 3094//3211
f 2961//3157 3136//3253 3094//3211
f 2995//3158 3060//3254 2998//3185
f 3026//3215 3023//3212 3098//3255
f 3028//3218 2923//3112 3024//3213
f 2998//3185 3097//3256 2963//3187
f 3213//3257 2895//3114 2999//3161
f 3062//3188 2863//3053 3063//3258
f 2817//2997 2895//3114 3213//3257
f 2863//3053 2928//3116 3063//3258
f 3063//3258 2928//3116 3064//3259
f 2817//2997 3213//3257 2964//3162
f 2932//3118 3002//3221 3143//3260
f 3143//3260 2931//3090 2932//3118
f 2865//3029 2966//3164 3065//3261
f 2866//3056 3034//3222 3066//3262
f 3003//3191 3067//3263 2898//3093
f 3067//3263 2933//3119 2898//3093
f 3008//3166 3103//3223 3069//3264
f 3069//3264 3005//3192 3008//3166
f 3035//3225 3006//3120 3068//3265
f 2933//3119 3067//3263 3009//3167
f 3036//3224 2968//3123 3039//3229
f 3040//3230 2872//3060 3038//3227
f 2824//3005 3106//3266 2847//3032
f 3010//3195 2970//3125 3108//3267
f 2847//3032 3106//3266 2970//3125
f 2971//3168 3070//3268 2848//3035
f 2972//3126 3042//3232 3041//3231
f 2940//3131 3151//3234 2833//3037
f 3151//3234 2852//3036 2833//3037
f 2906//3067 3071//3269 3043//3233
f 2906//3067 3013//3133 3071//3269
f 2976//3135 3111//3270 2975//3170
f 2976//3135 3072//3196 3111//3270
f 2941//3132 2875//3066 3074//3271
f 3072//3196 2942//3136 3045//3236
f 3074//3271 2944//3134 2941//3132
f 3075//3272 2944//3134 3074//3271
f 3227//3273 2977//3137 2978//3171
f 2944//3134 3075//3272 3045//3236
f 2946//3100 3076//3198 3046//3237
f 3076//3198 2947//3102 3015//3199
f 3118//3274 3014//3172 3155//3275
f 2979//3173 3049//3240 3116//3276
f 3118//3277 3077//3278 3078//3279
f 3118//3274 3078//3280 3014//3172
f 2882//3078 3116//3276 3051//3241
f 3116//3276 2882//3078 2979//3173
f 3014//3172 3078//3280 3079//3281
f 2981//3174 3050//3201 2980//3175
f 3014//3172 3079//3281 3016//3200
f 3050//3201 2981//3174 3016//3200
f 2884//3041 3080//3282 2911//3079
f 3080//3282 2884//3041 3052//3242
f 3052//3242 2914//3104 3053//3244
f 3053//3244 2983//3145 3083//3283
f 2983//3145 2888//3082 3083//3283
f 3054//3246 2952//3043 3121//3245
f 3085//3247 2986//3146 3084//3284
f 2986//3146 3085//3247 2918//3045
f 2919//3084 2988//3109 3087//3285
f 3056//3248 3086//3204 2921//3085
f 3090//3286 3089//3287 3088//3288
f 3057//3249 3087//3285 2988//3109
f 3058//3205 2953//3147 3086//3204
f 3058//3205 3018//3206 2954//3110
f 3129//3289 2955//3148 3091//3179
f 2989//3149 3018//3206 3059//3250
f 3170//3290 3091//3179 3020//3150
f 3020//3150 3130//3251 3170//3290
f 3019//3207 3174//3291 2957//3152
f 3092//3292 3130//3251 2956//3151
f 2990//3153 3175//3293 3134//3209
f 2994//3183 3134//3209 3094//3211
f 2995//3158 2997//3160 3095//3294
f 2995//3158 3095//3294 3060//3254
f 3176//3295 3023//3212 3094//3211
f 2996//3184 3096//3296 2961//3157
f 2961//3157 3096//3296 3136//3253
f 3023//3212 3176//3295 3098//3255
f 3060//3254 3097//3256 2998//3185
f 3097//3256 3030//3219 2963//3187
f 3099//3297 3213//3257 2999//3161
f 2964//3162 3213//3257 3100//3298
f 3100//3298 2965//3117 2964//3162
f 3031//3220 3064//3259 2928//3116
f 3001//3163 3101//3299 3033//3190
f 3065//3261 3032//3189 2865//3029
f 2966//3164 2866//3056 3102//3300
f 3006//3120 3005//3192 3145//3301
f 3006//3120 3145//3301 3068//3265
f 2867//3057 2935//3122 3104//3302
f 3004//3193 2867//3057 3104//3302
f 2869//3059 3035//3225 3105//3303
f 3036//3224 3039//3229 3149//3304
f 2869//3059 3105//3303 2824//3005
f 2870//3031 3148//3228 3037//3226
f 2936//3124 3010//3195 3107//3305
f 2936//3124 3107//3305 3148//3228
f 3039//3229 3109//3306 3149//3304
f 3149//3304 3109//3306 3040//3230
f 2848//3035 3110//3307 3039//3229
f 2848//3035 3070//3268 3110//3307
f 2903//3095 3040//3230 3109//3306
f 2937//3128 2903//3095 3109//3306
f 3070//3268 2971//3168 3041//3231
f 3073//3197 2975//3170 3111//3270
f 3044//3235 2939//3130 3112//3308
f 3013//3133 2977//3137 3071//3269
f 2977//3137 3227//3273 3071//3269
f 3044//3235 3152//3309 2875//3066
f 2875//3066 3152//3309 3074//3271
f 3114//3310 3113//3311 3152//3312
f 3114//3313 3152//3309 3044//3235
f 3112//3308 3114//3313 3044//3235
f 3115//3314 3227//3273 2978//3171
f 2879//3074 3115//3314 2978//3171
f 3115//3314 2879//3074 3046//3237
f 3154//3315 2945//3138 3073//3197
f 2911//3079 3117//3316 3048//3238
f 3079//3281 3118//3274 3155//3275
f 3118//3274 3079//3281 3078//3280
f 3156//3317 3015//3199 3051//3241
f 3080//3282 3117//3316 2911//3079
f 3079//3281 3158//3318 3016//3200
f 3081//3103 3050//3201 3159//3319
f 3159//3319 3082//3243 3081//3103
f 3053//3244 3120//3320 3052//3242
f 3082//3243 3256//3321 2982//3144
f 3055//3203 3083//3283 2888//3082
f 2985//3177 3084//3284 2986//3146
f 2987//3178 2919//3084 3164//3322
f 2919//3084 3087//3285 3164//3322
f 3087//3285 3057//3249 3205//3323
f 3089//3287 3090//3286 3125//3324
f 3126//3325 3128//3326 3127//3327
f 3126//3328 3124//3329 3128//3330
f 3124//3329 3089//3287 3128//3330
f 3125//3324 3128//3330 3089//3287
f 3057//3249 2955//3148 3129//3289
f 3170//3290 3129//3289 3091//3179
f 2958//3180 2957//3152 3174//3291
f 3130//3251 3092//3292 3131//3331
f 2958//3180 3172//3332 3132//3333
f 3092//3292 2956//3151 3133//3181
f 2958//3180 3132//3333 3021//3208
f 3175//3293 3092//3292 3134//3209
f 3133//3181 3134//3209 3092//3292
f 2990//3153 3022//3210 3175//3293
f 3133//3181 3094//3211 3134//3209
f 3021//3208 3135//3334 2893//3051
f 2893//3051 3135//3334 3024//3213
f 2997//3160 3137//3335 3095//3294
f 3137//3335 2997//3160 3061//3217
f 3138//3336 3025//3214 3026//3215
f 3028//3218 3024//3213 3139//3337
f 3061//3217 3027//3186 3140//3338
f 3029//3216 3141//3339 3178//3340
f 3140//3338 3027//3186 3030//3219
f 3029//3216 3000//3115 3141//3339
f 2965//3117 3100//3298 3142//3341
f 2965//3117 3142//3341 3001//3163
f 3142//3341 3101//3299 3001//3163
f 3143//3260 3238//3342 2931//3090
f 3031//3220 2931//3090 3238//3342
f 3144//3343 3003//3191 2967//3165
f 2966//3164 3102//3300 3065//3261
f 2866//3056 3066//3262 3102//3300
f 3005//3192 3069//3264 3145//3301
f 3034//3222 3004//3193 3146//3344
f 3067//3263 3038//3227 3009//3167
f 2935//3122 3037//3226 3147//3345
f 3106//3266 2824//3005 3105//3303
f 3106//3266 3108//3267 2970//3125
f 3110//3307 3109//3306 3039//3229
f 2937//3128 3109//3306 3224//3346
f 3224//3346 3042//3232 2937//3128
f 2940//3131 3043//3233 3150//3347
f 3151//3234 2940//3131 3150//3347
f 2939//3130 3151//3234 3112//3308
f 3112//3308 3074//3271 3152//3309
f 3114//3313 3112//3308 3152//3309
f 3073//3197 3153//3348 3154//3315
f 3155//3275 2945//3138 3154//3315
f 2945//3138 3155//3275 3014//3172
f 3156//3317 3076//3198 3015//3199
f 3117//3316 3080//3282 3157//3349
f 3016//3200 3159//3319 3050//3201
f 3158//3318 3160//3350 3016//3200
f 3159//3319 3016//3200 3082//3243
f 3161//3351 3080//3282 3119//3352
f 3119//3352 3080//3282 3052//3242
f 3017//3202 2982//3144 3256//3321
f 3017//3202 3162//3353 2984//3176
f 3122//3354 2985//3177 3054//3246
f 3084//3284 2985//3177 3202//3355
f 3122//3354 3202//3355 2985//3177
f 2889//3083 2987//3178 3164//3322
f 3085//3247 3084//3284 3056//3248
f 3202//3355 3056//3248 3084//3284
f 3086//3204 3056//3248 3202//3355
f 3088//3288 3089//3287 3165//3356
f 3166//3357 3165//3356 3089//3287
f 3058//3205 3086//3204 3203//3358
f 3123//3359 3058//3205 3203//3358
f 3124//3329 3166//3357 3089//3287
f 3058//3205 3123//3359 3167//3360
f 3124//3329 3126//3328 3168//3361
f 3128//3330 3168//3361 3126//3328
f 3168//3361 3128//3330 3125//3324
f 3058//3205 3169//3362 3018//3206
f 3172//3332 3018//3206 3171//3363
f 3059//3250 3018//3206 3172//3332
f 3170//3290 3130//3251 3173//3364
f 3130//3251 3131//3331 3173//3364
f 3059//3250 3174//3291 3019//3207
f 3174//3291 3172//3332 2958//3180
f 3094//3211 3136//3253 3176//3295
f 3178//3340 3096//3296 2996//3184
f 3029//3216 3178//3340 2996//3184
f 3024//3213 3177//3365 3139//3337
f 3098//3255 3179//3366 3026//3215
f 3180//3367 3030//3219 3097//3256
f 2999//3161 3028//3218 3182//3368
f 3000//3115 3181//3369 3141//3339
f 3031//3220 3238//3342 3064//3259
f 3033//3190 3215//3370 2967//3165
f 2967//3165 3215//3370 3144//3343
f 3066//3262 3034//3222 3183//3371
f 3103//3223 3219//3372 3069//3264
f 3034//3222 3146//3344 3183//3371
f 3282//3373 3184//3374 3103//3223
f 3104//3302 3146//3344 3004//3193
f 3104//3302 2935//3122 3147//3345
f 3036//3224 3282//3373 3103//3223
f 3185//3375 3282//3373 3036//3224
f 3147//3345 3037//3226 3244//3376
f 3185//3377 3188//3378 3187//3379
f 3036//3224 3188//3380 3185//3375
f 3188//3380 3036//3224 3149//3304
f 3221//3381 3106//3266 3105//3303
f 3148//3228 3244//3376 3037//3226
f 3038//3227 3186//3382 3040//3230
f 3186//3382 3149//3304 3040//3230
f 3107//3305 3010//3195 3108//3267
f 3108//3267 3106//3266 3222//3383
f 3070//3268 3041//3231 3225//3384
f 3041//3231 3042//3232 3225//3384
f 3189//3385 3073//3197 3111//3270
f 3190//3386 3074//3271 3112//3308
f 3074//3271 3192//3387 3075//3272
f 3075//3272 3192//3387 3045//3236
f 3194//3388 3193//3389 3191//3390
f 3115//3314 3046//3237 3195//3391
f 3194//3388 3228//3392 3193//3389
f 3076//3198 3156//3317 3046//3237
f 3197//3393 3046//3237 3156//3317
f 3048//3238 3229//3394 3047//3239
f 3117//3316 3229//3394 3048//3238
f 3116//3276 3197//3393 3156//3317
f 3197//3393 3116//3276 3049//3240
f 3155//3275 3231//3395 3079//3281
f 3156//3317 3051//3241 3116//3276
f 3157//3349 3080//3282 3161//3351
f 3016//3200 3160//3350 3082//3243
f 3053//3244 3083//3283 3120//3320
f 3017//3202 3256//3321 3162//3353
f 2984//3176 3162//3353 3121//3245
f 3198//3396 3083//3283 3055//3203
f 3054//3246 3121//3245 3200//3397
f 3199//3398 3200//3397 3121//3245
f 3122//3354 3054//3246 3200//3397
f 3163//3399 3055//3203 3201//3400
f 3201//3400 3055//3203 2889//3083
f 3203//3358 3086//3204 3202//3355
f 3205//3323 3057//3249 3129//3289
f 3172//3332 3174//3291 3059//3250
f 3092//3292 3207//3401 3131//3331
f 3172//3332 3206//3402 3132//3333
f 3175//3293 3236//3403 3092//3292
f 3022//3210 3236//3403 3175//3293
f 3135//3334 3021//3208 3132//3333
f 3093//3252 2993//3182 3208//3404
f 3208//3404 2993//3182 3025//3214
f 3208//3404 3025//3214 3138//3336
f 3177//3365 3024//3213 3135//3334
f 3061//3217 3140//3338 3137//3335
f 3060//3254 3268//3405 3097//3256
f 3098//3255 3269//3406 3179//3366
f 3097//3256 3268//3405 3180//3367
f 3178//3340 3141//3339 3209//3407
f 3140//3338 3030//3219 3180//3367
f 3139//3337 3210//3408 3028//3218
f 3099//3297 2999//3161 3182//3368
f 3000//3115 3211//3409 3181//3369
f 3000//3115 3062//3188 3211//3409
f 3062//3188 3212//3410 3211//3409
f 3032//3189 3214//3411 3002//3221
f 3143//3260 3002//3221 3214//3411
f 3215//3370 3033//3190 3101//3299
f 3144//3343 3216//3412 3003//3191
f 3217//3413 3066//3262 3183//3371
f 3067//3263 3003//3191 3240//3414
f 3183//3371 3218//3415 3217//3413
f 3219//3372 3103//3223 3184//3374
f 3069//3264 3219//3372 3220//3416
f 3067//3263 3240//3414 3038//3227
f 3186//3382 3038//3227 3240//3414
f 3185//3375 3287//3417 3282//3373
f 3185//3375 3188//3380 3287//3417
f 3243//3418 3222//3383 3221//3381
f 3287//3417 3188//3380 3149//3304
f 3287//3417 3149//3304 3186//3382
f 3106//3266 3221//3381 3222//3383
f 3223//3419 3244//3376 3148//3228
f 3109//3306 3110//3307 3224//3346
f 3225//3384 3110//3307 3070//3268
f 3225//3384 3042//3232 3224//3346
f 3247//3420 3150//3347 3043//3233
f 3043//3233 3071//3269 3247//3420
f 3151//3234 3150//3347 3226//3421
f 3227//3273 3247//3420 3071//3269
f 3072//3196 3189//3385 3111//3270
f 3189//3385 3153//3348 3073//3197
f 3072//3196 3289//3422 3189//3385
f 3289//3422 3072//3196 3045//3236
f 3192//3387 3074//3271 3190//3386
f 3112//3308 3191//3390 3190//3386
f 3112//3308 3151//3234 3191//3390
f 3045//3236 3192//3387 3289//3422
f 3193//3389 3190//3386 3191//3390
f 3194//3388 3191//3390 3288//3423
f 3047//3239 3229//3394 3230//3424
f 3196//3425 3228//3392 3194//3388
f 3229//3394 3117//3316 3232//3426
f 3082//3243 3160//3350 3256//3321
f 3121//3245 3162//3353 3199//3398
f 3198//3396 3055//3203 3163//3399
f 3122//3354 3200//3397 3202//3355
f 2889//3083 3164//3322 3201//3400
f 3088//3288 3165//3356 3204//3427
f 3164//3322 3087//3285 3300//3428
f 3088//3288 3233//3429 3090//3286
f 3168//3361 3166//3357 3124//3329
f 3205//3323 3129//3289 3235//3430
f 3058//3205 3167//3360 3169//3362
f 3018//3206 3169//3362 3171//3363
f 3173//3364 3377//3431 3170//3290
f 3261//3432 3206//3402 3172//3332
f 3207//3401 3092//3292 3236//3403
f 3236//3403 3022//3210 3208//3404
f 3093//3252 3208//3404 3022//3210
f 3096//3296 3265//3433 3136//3253
f 3098//3255 3176//3295 3269//3406
f 3139//3337 3177//3365 3237//3434
f 3026//3215 3179//3366 3138//3336
f 3028//3218 3271//3435 3182//3368
f 3182//3368 3272//3436 3099//3297
f 3063//3258 3212//3410 3062//3188
f 3099//3297 3100//3298 3213//3257
f 3239//3437 3277//3438 3217//3413
f 3217//3413 3102//3300 3066//3262
f 3217//3413 3218//3415 3239//3437
f 3240//3414 3003//3191 3216//3412
f 3069//3264 3220//3416 3145//3301
f 3068//3265 3145//3301 3322//3439
f 3183//3371 3241//3440 3218//3415
f 3183//3371 3146//3344 3241//3440
f 3068//3265 3322//3439 3035//3225
f 3147//3345 3242//3441 3104//3302
f 3240//3414 3287//3417 3186//3382
f 3246//3442 3107//3305 3108//3267
f 3225//3384 3224//3346 3110//3307
f 3153//3348 3189//3385 3249//3443
f 3226//3421 3248//3444 3151//3234
f 3248//3444 3227//3273 3115//3314
f 3151//3234 3288//3423 3191//3390
f 3154//3315 3153//3348 3250//3445
f 3192//3387 3251//3446 3289//3422
f 3248//3444 3115//3314 3195//3391
f 3190//3386 3193//3389 3192//3387
f 3291//3447 3192//3387 3193//3389
f 3196//3425 3194//3388 3252//3448
f 3228//3392 3291//3447 3193//3389
f 3046//3237 3197//3393 3195//3391
f 3049//3240 3047//3239 3230//3424
f 3049//3240 3253//3449 3197//3393
f 3049//3240 3230//3424 3253//3449
f 3231//3395 3254//3450 3079//3281
f 3117//3316 3157//3349 3232//3426
f 3232//3426 3157//3349 3255//3451
f 3257//3452 3052//3242 3120//3320
f 3258//3453 3202//3355 3200//3397
f 3202//3355 3258//3453 3203//3358
f 3204//3427 3165//3356 3331//3454
f 3233//3429 3088//3288 3204//3427
f 3166//3357 3259//3455 3165//3356
f 3260//3456 3300//3428 3087//3285
f 3233//3429 3234//3457 3090//3286
f 3087//3285 3205//3323 3260//3456
f 3090//3286 3234//3457 3125//3324
f 3170//3290 3377//3431 3235//3430
f 3235//3430 3129//3289 3170//3290
f 3172//3332 3171//3363 3261//3432
f 3132//3333 3262//3458 3135//3334
f 3176//3295 3136//3253 3264//3459
f 3266//3460 3208//3404 3138//3336
f 3137//3335 3267//3461 3095//3294
f 3267//3461 3060//3254 3095//3294
f 3265//3433 3096//3296 3178//3340
f 3267//3461 3268//3405 3060//3254
f 3267//3461 3137//3335 3140//3338
f 3268//3405 3267//3461 3140//3338
f 3268//3405 3140//3338 3180//3367
f 3209//3407 3141//3339 3270//3462
f 3344//3463 3309//3464 3312//3465
f 3270//3462 3141//3339 3181//3369
f 3310//3466 3344//3463 3312//3465
f 3028//3218 3210//3408 3271//3435
f 3211//3409 3385//3467 3181//3369
f 3181//3369 3385//3467 3270//3462
f 3212//3410 3273//3468 3211//3409
f 3310//3466 3274//3469 3313//3470
f 3314//3471 3313//3470 3274//3469
f 3314//3471 3274//3469 3100//3298
f 3099//3297 3314//3471 3100//3298
f 3274//3469 3142//3341 3100//3298
f 3063//3258 3064//3259 3350//3472
f 3064//3259 3238//3342 3350//3472
f 3238//3342 3143//3260 3275//3473
f 3065//3261 3214//3411 3032//3189
f 3276//3474 3143//3260 3214//3411
f 3214//3411 3065//3261 3102//3300
f 3214//3411 3102//3300 3217//3413
f 3277//3438 3214//3411 3217//3413
f 3278//3475 3240//3414 3216//3412
f 3281//3476 3279//3477 3280//3478
f 3281//3479 3145//3301 3279//3480
f 3281//3479 3322//3439 3145//3301
f 3184//3374 3282//3373 3321//3481
f 3284//3482 3218//3415 3241//3440
f 3146//3344 3104//3302 3242//3441
f 3322//3439 3359//3483 3035//3225
f 3105//3303 3285//3484 3221//3381
f 3147//3345 3286//3485 3242//3441
f 3240//3414 3282//3373 3287//3417
f 3105//3303 3035//3225 3359//3483
f 3148//3228 3107//3305 3245//3486
f 3246//3442 3108//3267 3222//3383
f 3246//3442 3245//3486 3107//3305
f 3148//3228 3245//3486 3223//3419
f 3247//3420 3226//3421 3150//3347
f 3247//3420 3227//3273 3226//3421
f 3227//3273 3248//3444 3226//3421
f 3248//3444 3288//3423 3151//3234
f 3289//3422 3249//3443 3189//3385
f 3248//3444 3252//3448 3288//3423
f 3248//3444 3195//3391 3252//3448
f 3154//3315 3250//3445 3290//3487
f 3154//3315 3290//3487 3155//3275
f 3194//3388 3288//3423 3252//3448
f 3196//3425 3252//3448 3292//3488
f 3253//3449 3195//3391 3197//3393
f 3196//3425 3293//3489 3228//3392
f 3294//3490 3291//3447 3228//3392
f 3158//3318 3079//3281 3295//3491
f 3161//3351 3119//3352 3296//3492
f 3297//3493 3296//3492 3119//3352
f 3297//3493 3119//3352 3052//3242
f 3257//3452 3297//3493 3052//3242
f 3083//3283 3257//3452 3120//3320
f 3298//3494 3162//3353 3256//3321
f 3083//3283 3299//3495 3257//3452
f 3083//3283 3198//3396 3299//3495
f 3372//3496 3201//3400 3164//3322
f 3164//3322 3300//3428 3372//3496
f 3302//3497 3259//3498 3301//3499
f 3302//3500 3331//3454 3259//3455
f 3331//3454 3165//3356 3259//3455
f 3259//3455 3166//3357 3303//3501
f 3259//3455 3303//3501 3302//3500
f 3260//3456 3234//3457 3300//3428
f 3234//3457 3304//3502 3125//3324
f 3166//3357 3168//3361 3305//3503
f 3167//3360 3375//3504 3169//3362
f 3306//3505 3169//3362 3375//3504
f 3169//3362 3261//3432 3171//3363
f 3208//3404 3341//3506 3236//3403
f 3341//3506 3208//3404 3263//3507
f 3262//3458 3307//3508 3135//3334
f 3307//3508 3308//3509 3135//3334
f 3136//3253 3265//3433 3264//3459
f 3308//3509 3177//3365 3135//3334
f 3208//3404 3266//3460 3263//3507
f 3177//3365 3308//3509 3237//3434
f 3176//3295 3264//3459 3269//3406
f 3265//3433 3178//3340 3209//3407
f 3138//3336 3179//3366 3266//3460
f 3311//3510 3271//3435 3210//3408
f 3272//3436 3182//3368 3271//3435
f 3099//3297 3272//3436 3318//3511
f 3348//3512 3272//3436 3271//3435
f 3315//3513 3273//3514 3316//3515
f 3315//3516 3385//3467 3273//3468
f 3385//3467 3211//3409 3273//3468
f 3388//3517 3317//3518 3312//3465
f 3312//3465 3317//3518 3310//3466
f 3314//3471 3099//3297 3318//3511
f 3273//3468 3212//3410 3315//3516
f 3349//3519 3212//3410 3063//3258
f 3349//3519 3063//3258 3350//3472
f 3319//3520 3142//3341 3274//3469
f 3101//3299 3142//3341 3319//3520
f 3278//3475 3321//3481 3240//3414
f 3220//3416 3219//3372 3283//3521
f 3321//3481 3282//3373 3240//3414
f 3279//3480 3145//3301 3220//3416
f 3322//3439 3279//3480 3220//3416
f 3281//3479 3279//3480 3322//3439
f 3146//3344 3242//3441 3323//3522
f 3358//3523 3285//3484 3105//3303
f 3285//3484 3243//3418 3221//3381
f 3324//3524 3222//3383 3243//3418
f 3249//3443 3250//3445 3153//3348
f 3289//3422 3361//3525 3249//3443
f 3290//3487 3231//3395 3155//3275
f 3293//3489 3294//3490 3228//3392
f 3328//3526 3327//3527 3364//3528
f 3328//3529 3364//3530 3196//3425
f 3196//3425 3364//3530 3293//3489
f 3254//3450 3295//3491 3079//3281
f 3157//3349 3161//3351 3255//3451
f 3160//3350 3158//3318 3295//3491
f 3160//3350 3367//3531 3256//3321
f 3298//3494 3329//3532 3162//3353
f 3162//3353 3329//3532 3199//3398
f 3201//3400 3370//3533 3163//3399
f 3201//3400 3372//3496 3370//3533
f 3200//3397 3330//3534 3258//3453
f 3204//3427 3331//3454 3332//3535
f 3204//3427 3332//3535 3333//3536
f 3233//3429 3204//3427 3333//3536
f 3372//3496 3300//3428 3333//3536
f 3234//3457 3233//3429 3333//3536
f 3300//3428 3234//3457 3333//3536
f 3302//3500 3303//3501 3331//3454
f 3123//3359 3203//3358 3373//3537
f 3167//3360 3123//3359 3421//3538
f 3235//3430 3260//3456 3205//3323
f 3335//3539 3305//3540 3336//3541
f 3335//3542 3166//3357 3305//3503
f 3167//3360 3421//3538 3375//3504
f 3305//3503 3168//3361 3335//3542
f 3304//3502 3337//3543 3125//3324
f 3125//3324 3337//3543 3168//3361
f 3169//3362 3338//3544 3261//3432
f 3339//3545 3173//3364 3131//3331
f 3339//3545 3131//3331 3207//3401
f 3207//3401 3236//3403 3339//3545
f 3339//3545 3236//3403 3340//3546
f 3265//3433 3342//3547 3264//3459
f 3237//3434 3343//3548 3139//3337
f 3139//3337 3343//3548 3210//3408
f 3179//3366 3345//3549 3266//3460
f 3343//3548 3311//3510 3210//3408
f 3209//3407 3270//3462 3380//3550
f 3310//3466 3313//3470 3346//3551
f 3314//3471 3347//3552 3313//3470
f 3315//3516 3349//3519 3385//3467
f 3212//3410 3349//3519 3315//3516
f 3310//3466 3317//3518 3274//3469
f 3274//3469 3351//3553 3319//3520
f 3143//3260 3276//3474 3275//3473
f 3215//3370 3101//3299 3352//3554
f 3353//3555 3276//3474 3214//3411
f 3390//3556 3144//3343 3215//3370
f 3214//3411 3277//3438 3353//3555
f 3390//3556 3216//3412 3144//3343
f 3390//3556 3354//3557 3216//3412
f 3277//3438 3239//3437 3320//3558
f 3355//3559 3219//3372 3391//3560
f 3216//3412 3354//3557 3356//3561
f 3216//3412 3356//3561 3278//3475
f 3391//3560 3184//3374 3321//3481
f 3219//3372 3184//3374 3391//3560
f 3146//3344 3323//3522 3241//3440
f 3357//3562 3220//3416 3283//3521
f 3220//3416 3359//3483 3322//3439
f 3243//3418 3285//3484 3324//3524
f 3358//3523 3105//3303 3359//3483
f 3147//3345 3244//3376 3286//3485
f 3246//3442 3222//3383 3415//3563
f 3395//3564 3250//3445 3249//3443
f 3289//3422 3251//3446 3360//3565
f 3249//3443 3361//3525 3395//3564
f 3360//3565 3361//3525 3289//3422
f 3192//3387 3325//3566 3251//3446
f 3326//3567 3398//3568 3229//3394
f 3398//3568 3230//3424 3229//3394
f 3192//3387 3291//3447 3325//3566
f 3195//3391 3292//3488 3252//3448
f 3195//3391 3362//3569 3292//3488
f 3195//3391 3253//3449 3362//3569
f 3399//3570 3326//3567 3229//3394
f 3399//3570 3229//3394 3365//3571
f 3365//3571 3229//3394 3232//3426
f 3366//3572 3293//3489 3364//3530
f 3328//3529 3366//3572 3364//3530
f 3366//3572 3328//3529 3196//3425
f 3231//3395 3363//3573 3254//3450
f 3296//3492 3255//3451 3161//3351
f 3367//3531 3368//3574 3256//3321
f 3297//3493 3257//3452 3299//3495
f 3256//3321 3368//3574 3298//3494
f 3200//3397 3199//3398 3369//3575
f 3329//3532 3369//3575 3199//3398
f 3332//3535 3331//3454 3371//3576
f 3370//3533 3372//3496 3332//3535
f 3372//3496 3333//3536 3332//3535
f 3258//3453 3330//3534 3373//3537
f 3203//3358 3258//3453 3373//3537
f 3303//3501 3420//3577 3331//3454
f 3234//3457 3260//3456 3334//3578
f 3335//3542 3374//3579 3166//3357
f 3334//3578 3304//3502 3234//3457
f 3168//3361 3374//3579 3335//3542
f 3168//3361 3337//3543 3374//3579
f 3235//3430 3377//3431 3376//3580
f 3173//3364 3405//3581 3377//3431
f 3338//3544 3378//3582 3261//3432
f 3378//3582 3206//3402 3261//3432
f 3206//3402 3262//3458 3132//3333
f 3236//3403 3341//3506 3340//3546
f 3263//3507 3266//3460 3379//3583
f 3265//3433 3464//3584 3342//3547
f 3464//3584 3265//3433 3209//3407
f 3179//3366 3269//3406 3382//3585
f 3344//3463 3381//3586 3309//3464
f 3179//3366 3382//3585 3345//3549
f 3344//3463 3428//3587 3381//3586
f 3410//3588 3266//3460 3384//3589
f 3344//3463 3310//3466 3428//3587
f 3310//3466 3346//3551 3428//3587
f 3266//3460 3345//3549 3384//3589
f 3345//3549 3429//3590 3384//3589
f 3409//3591 3380//3550 3385//3467
f 3385//3467 3380//3550 3270//3462
f 3385//3467 3386//3592 3409//3591
f 3313//3470 3347//3552 3346//3551
f 3309//3464 3387//3593 3312//3465
f 3388//3517 3312//3465 3387//3593
f 3318//3511 3347//3552 3314//3471
f 3272//3436 3348//3512 3318//3511
f 3274//3469 3317//3518 3351//3553
f 3350//3472 3238//3342 3412//3594
f 3239//3437 3218//3415 3320//3558
f 3320//3558 3218//3415 3392//3595
f 3218//3415 3284//3482 3392//3595
f 3393//3596 3220//3416 3357//3562
f 3220//3416 3393//3596 3359//3483
f 3242//3441 3286//3485 3450//3597
f 3286//3485 3244//3376 3394//3598
f 3244//3376 3223//3419 3394//3598
f 3398//3568 3326//3567 3396//3599
f 3231//3395 3290//3487 3363//3573
f 3362//3569 3253//3449 3230//3424
f 3196//3425 3292//3488 3417//3600
f 3366//3572 3196//3425 3417//3600
f 3400//3601 3294//3490 3293//3489
f 3366//3572 3400//3601 3293//3489
f 3255//3451 3365//3571 3232//3426
f 3160//3350 3295//3491 3418//3602
f 3296//3492 3517//3603 3255//3451
f 3367//3531 3160//3350 3418//3602
f 3296//3492 3297//3493 3455//3604
f 3299//3495 3198//3396 3401//3605
f 3298//3494 3456//3606 3329//3532
f 3329//3532 3456//3606 3402//3607
f 3198//3396 3163//3399 3401//3605
f 3163//3399 3370//3533 3403//3608
f 3370//3533 3332//3535 3403//3608
f 3371//3576 3403//3608 3332//3535
f 3371//3576 3331//3454 3420//3577
f 3260//3456 3235//3430 3334//3578
f 3376//3580 3304//3502 3334//3578
f 3235//3430 3376//3580 3334//3578
f 3422//3609 3375//3504 3421//3538
f 3304//3502 3424//3610 3337//3543
f 3423//3611 3375//3504 3422//3609
f 3423//3611 3404//3612 3375//3504
f 3377//3431 3405//3581 3376//3580
f 3306//3505 3338//3544 3169//3362
f 3406//3613 3206//3402 3378//3582
f 3342//3547 3407//3614 3264//3459
f 3264//3459 3407//3614 3269//3406
f 3408//3615 3269//3406 3407//3614
f 3382//3585 3269//3406 3408//3615
f 3309//3464 3381//3586 3387//3593
f 3410//3588 3429//3590 3266//3460
f 3410//3588 3384//3589 3429//3590
f 3410//3616 3383//3617 3384//3618
f 3348//3512 3271//3435 3311//3510
f 3388//3517 3468//3619 3317//3518
f 3348//3512 3433//3620 3318//3511
f 3317//3518 3434//3621 3351//3553
f 3412//3594 3238//3342 3275//3473
f 3319//3520 3352//3554 3101//3299
f 3219//3372 3355//3559 3283//3521
f 3321//3481 3278//3475 3443//3622
f 3278//3475 3356//3561 3448//3623
f 3392//3595 3284//3482 3449//3624
f 3285//3484 3414//3625 3324//3524
f 3324//3524 3415//3563 3222//3383
f 3481//3626 3359//3483 3393//3596
f 3245//3486 3480//3627 3223//3419
f 3395//3564 3290//3487 3250//3445
f 3398//3568 3362//3569 3230//3424
f 3326//3567 3399//3570 3397//3628
f 3395//3564 3363//3573 3290//3487
f 3292//3488 3362//3569 3416//3629
f 3417//3600 3292//3488 3416//3629
f 3517//3603 3296//3492 3455//3604
f 3297//3493 3299//3495 3419//3630
f 3299//3495 3401//3605 3419//3630
f 3402//3607 3369//3575 3329//3532
f 3401//3605 3163//3399 3403//3608
f 3200//3397 3369//3575 3330//3534
f 3371//3576 3460//3631 3403//3608
f 3461//3632 3420//3577 3303//3501
f 3421//3538 3123//3359 3373//3537
f 3166//3357 3374//3579 3303//3501
f 3424//3610 3304//3502 3376//3580
f 3306//3505 3375//3504 3404//3612
f 3425//3633 3404//3612 3423//3611
f 3262//3458 3206//3402 3406//3613
f 3561//3634 3340//3546 3341//3506
f 3237//3434 3308//3509 3426//3635
f 3464//3584 3407//3614 3342//3547
f 3237//3434 3426//3635 3343//3548
f 3209//3407 3380//3550 3464//3584
f 3409//3591 3386//3592 3427//3636
f 3345//3549 3382//3585 3411//3637
f 3429//3590 3345//3549 3430//3638
f 3382//3585 3431//3639 3411//3637
f 3311//3510 3467//3640 3348//3512
f 3432//3641 3386//3592 3385//3467
f 3385//3467 3349//3519 3432//3641
f 3467//3640 3389//3642 3348//3512
f 3317//3518 3468//3619 3434//3621
f 3348//3512 3389//3642 3433//3620
f 3438//3643 3413//3644 3436//3645
f 3413//3644 3472//3646 3436//3645
f 3319//3520 3437//3647 3352//3554
f 3215//3370 3352//3554 3439//3648
f 3215//3370 3439//3648 3390//3556
f 3439//3648 3440//3649 3390//3556
f 3354//3557 3390//3556 3440//3649
f 3353//3555 3277//3438 3320//3558
f 3321//3481 3443//3622 3442//3650
f 3321//3481 3442//3650 3391//3560
f 3441//3651 3356//3561 3354//3557
f 3443//3622 3278//3475 3537//3652
f 3355//3559 3571//3653 3283//3521
f 3241//3440 3323//3522 3446//3654
f 3447//3655 3241//3440 3446//3654
f 3392//3595 3444//3656 3320//3558
f 3571//3653 3357//3562 3283//3521
f 3445//3657 3323//3522 3242//3441
f 3449//3624 3241//3440 3447//3655
f 3445//3657 3242//3441 3450//3597
f 3284//3482 3241//3440 3449//3624
f 3285//3484 3358//3523 3414//3625
f 3358//3523 3359//3483 3481//3626
f 3394//3598 3223//3419 3480//3627
f 3326//3567 3397//3628 3396//3599
f 3251//3446 3325//3566 3360//3565
f 3361//3525 3451//3658 3395//3564
f 3360//3565 3451//3658 3361//3525
f 3451//3658 3363//3573 3395//3564
f 3294//3490 3453//3659 3291//3447
f 3399//3570 3365//3571 3452//3660
f 3400//3601 3486//3661 3294//3490
f 3365//3571 3255//3451 3452//3660
f 3454//3662 3295//3491 3254//3450
f 3295//3491 3454//3662 3418//3602
f 3487//3663 3517//3603 3455//3604
f 3455//3604 3550//3664 3487//3663
f 3455//3604 3297//3493 3419//3630
f 3298//3494 3368//3574 3456//3606
f 3456//3606 3457//3665 3402//3607
f 3459//3666 3369//3575 3402//3607
f 3401//3605 3403//3608 3458//3667
f 3371//3576 3491//3668 3489//3669
f 3371//3576 3420//3577 3491//3668
f 3420//3577 3461//3632 3493//3670
f 3424//3610 3376//3580 3405//3581
f 3306//3505 3404//3612 3462//3671
f 3501//3672 3405//3581 3173//3364
f 3339//3545 3501//3672 3173//3364
f 3339//3545 3340//3546 3525//3673
f 3502//3674 3561//3634 3341//3506
f 3341//3506 3263//3507 3502//3674
f 3502//3674 3263//3507 3463//3675
f 3263//3507 3503//3676 3463//3675
f 3379//3583 3503//3676 3263//3507
f 3380//3550 3409//3591 3465//3677
f 3465//3677 3409//3591 3427//3636
f 3266//3460 3429//3590 3379//3583
f 3426//3635 3466//3678 3343//3548
f 3311//3510 3343//3548 3467//3640
f 3468//3619 3388//3517 3387//3593
f 3345//3549 3411//3637 3430//3638
f 3431//3639 3469//3679 3411//3637
f 3469//3679 3430//3638 3411//3637
f 3432//3641 3349//3519 3470//3680
f 3389//3642 3505//3681 3433//3620
f 3471//3682 3505//3681 3389//3642
f 3470//3680 3349//3519 3350//3472
f 3436//3645 3505//3681 3471//3682
f 3435//3683 3350//3472 3412//3594
f 3436//3645 3471//3682 3438//3643
f 3275//3473 3276//3474 3353//3555
f 3355//3559 3391//3560 3473//3684
f 3354//3557 3440//3649 3441//3651
f 3474//3685 3356//3561 3441//3651
f 3446//3686 3475//3687 3476//3688
f 3446//3654 3323//3522 3475//3689
f 3278//3475 3448//3623 3537//3652
f 3447//3690 3477//3691 3478//3692
f 3446//3654 3477//3693 3447//3655
f 3446//3654 3475//3689 3477//3693
f 3447//3655 3477//3693 3449//3624
f 3286//3485 3394//3598 3450//3597
f 3415//3563 3324//3524 3515//3694
f 3482//3695 3480//3627 3245//3486
f 3245//3486 3246//3442 3482//3695
f 3482//3695 3246//3442 3415//3563
f 3396//3599 3483//3696 3398//3568
f 3396//3599 3397//3628 3542//3697
f 3362//3569 3398//3568 3484//3698
f 3325//3566 3291//3447 3485//3699
f 3486//3661 3453//3659 3294//3490
f 3454//3662 3254//3450 3363//3573
f 3366//3572 3576//3700 3400//3601
f 3549//3701 3452//3660 3255//3451
f 3488//3702 3368//3574 3367//3531
f 3455//3604 3519//3703 3550//3664
f 3419//3630 3519//3703 3455//3604
f 3368//3574 3520//3704 3456//3606
f 3460//3631 3371//3576 3489//3669
f 3403//3608 3460//3631 3458//3667
f 3490//3705 3330//3534 3369//3575
f 3489//3669 3491//3668 3521//3706
f 3420//3577 3493//3670 3491//3668
f 3373//3537 3330//3534 3492//3707
f 3493//3670 3461//3632 3583//3708
f 3492//3707 3494//3709 3373//3537
f 3421//3538 3373//3537 3494//3709
f 3422//3609 3494//3709 3624//3710
f 3422//3609 3421//3538 3494//3709
f 3559//3711 3423//3611 3422//3609
f 3374//3579 3496//3712 3522//3713
f 3337//3543 3497//3714 3374//3579
f 3374//3579 3497//3714 3496//3712
f 3497//3714 3337//3543 3424//3610
f 3306//3505 3499//3715 3338//3544
f 3424//3610 3405//3581 3500//3716
f 3405//3581 3501//3672 3500//3716
f 3338//3544 3499//3715 3378//3582
f 3339//3545 3525//3673 3501//3672
f 3340//3546 3561//3634 3525//3673
f 3262//3458 3589//3717 3307//3508
f 3307//3508 3563//3718 3526//3719
f 3307//3508 3526//3719 3308//3509
f 3407//3614 3464//3584 3408//3615
f 3380//3550 3528//3720 3464//3584
f 3380//3550 3465//3677 3528//3720
f 3379//3583 3429//3590 3527//3721
f 3347//3552 3504//3722 3346//3551
f 3347//3552 3318//3511 3504//3722
f 3350//3472 3435//3683 3470//3680
f 3506//3723 3437//3647 3351//3553
f 3351//3553 3437//3647 3319//3520
f 3471//3682 3507//3724 3438//3643
f 3436//3645 3472//3646 3600//3725
f 3472//3646 3566//3726 3600//3725
f 3352//3554 3437//3647 3569//3727
f 3472//3646 3509//3728 3566//3726
f 3438//3643 3508//3729 3413//3644
f 3413//3644 3509//3728 3472//3646
f 3508//3729 3509//3728 3413//3644
f 3391//3560 3442//3650 3510//3730
f 3510//3730 3473//3684 3391//3560
f 3473//3684 3606//3731 3355//3559
f 3323//3522 3445//3657 3511//3732
f 3475//3689 3323//3522 3511//3732
f 3477//3693 3475//3689 3511//3732
f 3356//3561 3474//3685 3448//3623
f 3477//3693 3511//3732 3449//3624
f 3392//3595 3512//3733 3444//3656
f 3445//3657 3450//3597 3479//3734
f 3449//3624 3539//3735 3392//3595
f 3512//3733 3392//3595 3539//3735
f 3324//3524 3414//3625 3540//3736
f 3357//3562 3513//3737 3393//3596
f 3514//3738 3358//3523 3481//3626
f 3515//3694 3324//3524 3540//3736
f 3480//3627 3482//3695 3516//3739
f 3362//3569 3484//3698 3416//3629
f 3547//3740 3399//3570 3452//3660
f 3453//3659 3485//3699 3291//3447
f 3546//3741 3363//3573 3451//3658
f 3576//3700 3366//3572 3417//3600
f 3453//3659 3486//3661 3548//3742
f 3577//3743 3454//3662 3363//3573
f 3367//3531 3418//3602 3518//3744
f 3518//3744 3488//3702 3367//3531
f 3520//3704 3457//3665 3456//3606
f 3419//3630 3401//3605 3579//3745
f 3554//3746 3489//3669 3580//3747
f 3554//3746 3460//3631 3489//3669
f 3580//3747 3489//3669 3521//3706
f 3369//3575 3459//3666 3490//3705
f 3490//3705 3492//3707 3330//3534
f 3461//3632 3522//3713 3583//3708
f 3624//3710 3559//3711 3422//3609
f 3522//3713 3461//3632 3303//3501
f 3522//3713 3303//3501 3374//3579
f 3423//3611 3559//3711 3495//3748
f 3424//3610 3523//3749 3497//3714
f 3423//3611 3495//3748 3498//3750
f 3462//3671 3499//3715 3306//3505
f 3425//3633 3423//3611 3524//3751
f 3404//3612 3425//3633 3462//3671
f 3560//3752 3501//3672 3525//3673
f 3378//3582 3584//3753 3406//3613
f 3406//3613 3589//3717 3262//3458
f 3307//3508 3589//3717 3563//3718
f 3426//3635 3308//3509 3526//3719
f 3503//3676 3379//3583 3527//3721
f 3428//3587 3529//3754 3381//3586
f 3381//3586 3529//3754 3387//3593
f 3530//3755 3428//3587 3346//3551
f 3531//3756 3530//3755 3346//3551
f 3466//3678 3532//3757 3343//3548
f 3343//3548 3532//3757 3467//3640
f 3433//3620 3504//3722 3318//3511
f 3387//3593 3533//3758 3468//3619
f 3534//3759 3469//3679 3431//3639
f 3467//3640 3471//3682 3389//3642
f 3433//3620 3505//3681 3535//3760
f 3535//3760 3436//3645 3600//3725
f 3505//3681 3436//3645 3535//3760
f 3352//3554 3569//3727 3439//3648
f 3604//3761 3566//3726 3509//3728
f 3275//3473 3353//3555 3568//3762
f 3353//3555 3320//3558 3536//3763
f 3355//3559 3606//3731 3571//3653
f 3442//3650 3443//3622 3537//3652
f 3449//3624 3538//3764 3539//3735
f 3414//3625 3358//3523 3540//3736
f 3393//3596 3513//3737 3541//3765
f 3394//3598 3480//3627 3575//3766
f 3481//3626 3393//3596 3541//3765
f 3415//3563 3515//3694 3482//3695
f 3396//3599 3542//3697 3483//3696
f 3451//3658 3360//3565 3543//3767
f 3543//3767 3360//3565 3544//3768
f 3325//3566 3545//3769 3360//3565
f 3547//3740 3397//3628 3399//3570
f 3485//3699 3545//3769 3325//3566
f 3546//3741 3577//3743 3363//3573
f 3400//3601 3613//3770 3486//3661
f 3576//3700 3613//3770 3400//3601
f 3255//3451 3517//3603 3614//3771
f 3549//3701 3255//3451 3614//3771
f 3550//3664 3578//3772 3487//3663
f 3551//3773 3553//3774 3488//3702
f 3553//3774 3368//3574 3488//3702
f 3550//3664 3579//3745 3552//3775
f 3553//3774 3520//3704 3368//3574
f 3519//3703 3579//3745 3550//3664
f 3519//3703 3419//3630 3579//3745
f 3401//3605 3581//3776 3579//3745
f 3401//3605 3458//3667 3581//3776
f 3459//3666 3402//3607 3556//3777
f 3580//3747 3521//3706 3555//3778
f 3621//3779 3458//3667 3460//3631
f 3491//3668 3653//3780 3521//3706
f 3557//3781 3492//3707 3490//3705
f 3491//3668 3493//3670 3654//3782
f 3557//3781 3558//3783 3492//3707
f 3583//3708 3623//3784 3493//3670
f 3558//3783 3494//3709 3492//3707
f 3498//3750 3626//3785 3423//3611
f 3626//3785 3524//3751 3423//3611
f 3425//3633 3585//3786 3462//3671
f 3584//3753 3378//3582 3499//3715
f 3560//3752 3525//3673 3561//3634
f 3561//3634 3502//3674 3562//3787
f 3464//3584 3528//3720 3592//3788
f 3564//3789 3465//3677 3427//3636
f 3427//3636 3386//3592 3564//3789
f 3529//3754 3533//3758 3387//3593
f 3564//3789 3386//3592 3432//3641
f 3429//3590 3430//3638 3565//3790
f 3504//3722 3433//3620 3597//3791
f 3430//3638 3469//3679 3565//3790
f 3597//3791 3433//3620 3535//3760
f 3434//3621 3506//3723 3351//3553
f 3600//3725 3437//3647 3506//3723
f 3600//3725 3566//3726 3437//3647
f 3569//3727 3437//3647 3567//3792
f 3566//3726 3567//3792 3437//3647
f 3568//3762 3412//3594 3275//3473
f 3606//3731 3473//3684 3509//3728
f 3439//3648 3570//3793 3440//3649
f 3510//3730 3442//3650 3607//3794
f 3536//3763 3320//3558 3444//3656
f 3440//3649 3474//3685 3441//3651
f 3640//3795 3537//3652 3448//3623
f 3571//3653 3572//3796 3357//3562
f 3511//3732 3573//3797 3449//3624
f 3538//3764 3449//3624 3573//3797
f 3358//3523 3514//3738 3540//3736
f 3516//3739 3575//3766 3480//3627
f 3450//3597 3394//3598 3575//3766
f 3516//3739 3482//3695 3574//3798
f 3481//3626 3541//3765 3514//3738
f 3483//3696 3484//3698 3398//3568
f 3547//3740 3542//3697 3397//3628
f 3360//3565 3545//3769 3544//3768
f 3453//3659 3612//3799 3485//3699
f 3453//3659 3548//3742 3612//3799
f 3454//3662 3577//3743 3418//3602
f 3517//3603 3487//3663 3578//3772
f 3648//3800 3551//3773 3488//3702
f 3520//3704 3618//3801 3457//3665
f 3555//3778 3681//3802 3580//3747
f 3402//3607 3457//3665 3556//3777
f 3554//3746 3621//3779 3460//3631
f 3582//3803 3490//3705 3459//3666
f 3491//3668 3654//3782 3653//3780
f 3557//3781 3490//3705 3582//3803
f 3623//3784 3654//3782 3493//3670
f 3558//3783 3557//3781 3582//3803
f 3583//3708 3559//3711 3624//3710
f 3624//3710 3494//3709 3558//3783
f 3583//3708 3495//3748 3559//3711
f 3522//3713 3498//3750 3495//3748
f 3424//3610 3500//3716 3523//3749
f 3499//3715 3462//3671 3584//3753
f 3425//3633 3586//3804 3585//3786
f 3524//3751 3586//3804 3425//3633
f 3560//3752 3561//3634 3629//3805
f 3587//3806 3406//3613 3584//3753
f 3629//3805 3561//3634 3562//3787
f 3588//3807 3406//3613 3587//3806
f 3588//3807 3589//3717 3406//3613
f 3426//3635 3526//3719 3590//3808
f 3426//3635 3590//3808 3466//3678
f 3503//3676 3527//3721 3591//3809
f 3464//3584 3592//3788 3408//3615
f 3408//3615 3592//3788 3595//3810
f 3465//3677 3593//3811 3528//3720
f 3408//3615 3595//3810 3596//3812
f 3594//3813 3529//3754 3428//3587
f 3594//3813 3428//3587 3530//3755
f 3596//3812 3382//3585 3408//3615
f 3711//3814 3527//3721 3429//3590
f 3504//3722 3531//3756 3346//3551
f 3596//3812 3431//3639 3382//3585
f 3434//3621 3598//3815 3506//3723
f 3467//3640 3599//3816 3471//3682
f 3506//3723 3535//3760 3600//3725
f 3601//3817 3470//3680 3435//3683
f 3435//3683 3602//3818 3601//3817
f 3507//3724 3471//3682 3599//3816
f 3435//3683 3412//3594 3602//3818
f 3438//3643 3507//3724 3508//3729
f 3507//3724 3603//3819 3508//3729
f 3567//3792 3566//3726 3604//3761
f 3604//3761 3605//3820 3567//3792
f 3665//3821 3604//3761 3509//3728
f 3568//3762 3353//3555 3536//3763
f 3439//3648 3667//3822 3570//3793
f 3639//3823 3509//3728 3508//3729
f 3665//3821 3509//3728 3473//3684
f 3639//3823 3606//3731 3509//3728
f 3473//3684 3510//3730 3665//3821
f 3474//3685 3440//3649 3570//3793
f 3537//3652 3640//3795 3442//3650
f 3474//3685 3640//3795 3448//3623
f 3511//3732 3445//3657 3641//3824
f 3513//3737 3357//3562 3572//3796
f 3479//3734 3450//3597 3608//3825
f 3512//3733 3539//3735 3716//3826
f 3608//3825 3450//3597 3575//3766
f 3514//3738 3609//3827 3540//3736
f 3575//3766 3516//3739 3642//3828
f 3483//3696 3542//3697 3644//3829
f 3611//3830 3451//3658 3543//3767
f 3484//3698 3610//3831 3416//3629
f 3451//3658 3611//3830 3546//3741
f 3417//3600 3647//3832 3676//3833
f 3576//3700 3417//3600 3676//3833
f 3547//3740 3452//3660 3549//3701
f 3418//3602 3577//3743 3518//3744
f 3517//3603 3578//3772 3614//3771
f 3615//3834 3578//3772 3550//3664
f 3648//3800 3488//3702 3518//3744
f 3615//3834 3550//3664 3552//3775
f 3552//3775 3616//3835 3679//3836
f 3579//3745 3616//3835 3552//3775
f 3553//3774 3618//3801 3520//3704
f 3579//3745 3682//3837 3616//3835
f 3554//3746 3580//3747 3681//3802
f 3554//3746 3681//3802 3619//3838
f 3581//3776 3682//3837 3579//3745
f 3619//3838 3620//3839 3554//3746
f 3621//3779 3554//3746 3620//3839
f 3581//3776 3458//3667 3621//3779
f 3622//3840 3459//3666 3556//3777
f 3624//3710 3558//3783 3582//3803
f 3623//3784 3624//3710 3582//3803
f 3623//3784 3583//3708 3624//3710
f 3495//3748 3583//3708 3522//3713
f 3655//3841 3497//3714 3523//3749
f 3523//3749 3625//3842 3655//3841
f 3684//3843 3522//3713 3496//3712
f 3522//3713 3684//3843 3498//3750
f 3684//3843 3626//3785 3498//3750
f 3627//3844 3524//3751 3626//3785
f 3586//3804 3524//3751 3627//3844
f 3500//3716 3501//3672 3560//3752
f 3628//3845 3584//3753 3462//3671
f 3585//3786 3628//3845 3462//3671
f 3584//3753 3630//3846 3587//3806
f 3463//3675 3503//3676 3631//3847
f 3526//3719 3632//3848 3590//3808
f 3465//3677 3564//3789 3593//3811
f 3529//3754 3594//3813 3633//3849
f 3596//3812 3534//3759 3431//3639
f 3504//3722 3597//3791 3531//3756
f 3429//3590 3565//3790 3711//3814
f 3564//3789 3432//3641 3690//3850
f 3690//3850 3432//3641 3636//3851
f 3533//3758 3635//3852 3468//3619
f 3432//3641 3470//3680 3636//3851
f 3598//3815 3434//3621 3468//3619
f 3506//3723 3661//3853 3535//3760
f 3637//3854 3507//3724 3599//3816
f 3602//3818 3412//3594 3638//3855
f 3412//3594 3568//3762 3638//3855
f 3569//3727 3664//3856 3439//3648
f 3567//3792 3605//3820 3569//3727
f 3603//3819 3639//3823 3508//3729
f 3665//3821 3510//3730 3607//3794
f 3474//3685 3570//3793 3640//3795
f 3442//3650 3640//3795 3669//3857
f 3641//3824 3573//3797 3511//3732
f 3445//3657 3479//3734 3641//3824
f 3574//3798 3482//3695 3643//3858
f 3672//3859 3541//3765 3513//3737
f 3540//3736 3609//3827 3515//3694
f 3515//3694 3643//3858 3482//3695
f 3673//3860 3541//3765 3672//3859
f 3483//3696 3645//3861 3484//3698
f 3644//3829 3645//3861 3483//3696
f 3485//3699 3612//3799 3545//3769
f 3646//3862 3417//3600 3416//3629
f 3647//3832 3417//3600 3646//3862
f 3613//3770 3576//3700 3676//3833
f 3577//3743 3546//3741 3648//3800
f 3648//3800 3518//3744 3577//3743
f 3578//3772 3649//3863 3614//3771
f 3551//3773 3650//3864 3553//3774
f 3617//3865 3619//3838 3651//3866
f 3679//3836 3616//3835 3617//3865
f 3619//3838 3681//3802 3651//3866
f 3619//3838 3617//3865 3620//3839
f 3457//3665 3618//3801 3705//3867
f 3457//3665 3705//3867 3556//3777
f 3521//3706 3652//3868 3555//3778
f 3652//3868 3521//3706 3653//3780
f 3683//3869 3459//3666 3622//3840
f 3653//3780 3654//3782 3683//3869
f 3683//3869 3582//3803 3459//3666
f 3623//3784 3582//3803 3683//3869
f 3654//3782 3623//3784 3683//3869
f 3655//3841 3496//3712 3497//3714
f 3626//3785 3657//3870 3627//3844
f 3627//3844 3657//3870 3586//3804
f 3627//3871 3656//3872 3657//3873
f 3562//3787 3502//3674 3658//3874
f 3502//3674 3463//3675 3658//3874
f 3563//3718 3632//3848 3526//3719
f 3593//3811 3713//3875 3528//3720
f 3529//3754 3633//3849 3533//3758
f 3533//3758 3633//3849 3635//3852
f 3469//3679 3659//3876 3565//3790
f 3534//3759 3659//3876 3469//3679
f 3468//3619 3635//3852 3660//3877
f 3468//3619 3660//3877 3598//3815
f 3598//3815 3661//3853 3506//3723
f 3693//3878 3599//3816 3467//3640
f 3599//3816 3693//3878 3662//3879
f 3470//3680 3601//3817 3636//3851
f 3637//3854 3599//3816 3662//3879
f 3507//3724 3637//3854 3603//3819
f 3569//3727 3663//3880 3664//3856
f 3605//3820 3663//3880 3569//3727
f 3667//3822 3439//3648 3664//3856
f 3604//3761 3665//3821 3605//3820
f 3568//3762 3536//3763 3666//3881
f 3665//3821 3607//3794 3605//3820
f 3639//3823 3668//3882 3606//3731
f 3442//3650 3669//3857 3607//3794
f 3668//3882 3571//3653 3606//3731
f 3444//3656 3716//3826 3762//3883
f 3479//3734 3608//3825 3670//3884
f 3512//3733 3716//3826 3444//3656
f 3516//3739 3574//3798 3642//3828
f 3608//3825 3575//3766 3698//3885
f 3539//3735 3538//3764 3717//3886
f 3539//3735 3717//3886 3716//3826
f 3642//3828 3671//3887 3575//3766
f 3671//3887 3698//3885 3575//3766
f 3672//3859 3513//3737 3695//3888
f 3514//3738 3541//3765 3673//3860
f 3674//3889 3515//3694 3609//3827
f 3645//3861 3610//3831 3484//3698
f 3542//3697 3675//3890 3644//3829
f 3416//3629 3610//3831 3646//3862
f 3542//3697 3547//3740 3723//3891
f 3547//3740 3549//3701 3723//3891
f 3613//3770 3677//3892 3486//3661
f 3486//3661 3677//3892 3548//3742
f 3551//3773 3648//3800 3726//3893
f 3578//3772 3615//3834 3798//3894
f 3552//3775 3679//3836 3615//3834
f 3726//3893 3650//3864 3551//3773
f 3678//3895 3679//3836 3617//3865
f 3678//3895 3617//3865 3651//3866
f 3553//3774 3680//3896 3618//3801
f 3620//3839 3617//3865 3616//3835
f 3620//3839 3616//3835 3682//3837
f 3682//3837 3621//3779 3620//3839
f 3581//3776 3621//3779 3682//3837
f 3523//3749 3500//3716 3625//3842
f 3657//3870 3626//3785 3685//3897
f 3586//3804 3657//3870 3685//3897
f 3500//3716 3560//3752 3686//3898
f 3586//3804 3707//3899 3585//3786
f 3686//3898 3560//3752 3629//3805
f 3584//3753 3628//3845 3630//3846
f 3629//3805 3687//3900 3686//3898
f 3629//3805 3562//3787 3687//3900
f 3632//3848 3563//3718 3708//3901
f 3503//3676 3591//3809 3631//3847
f 3710//3902 3590//3808 3632//3848
f 3590//3808 3688//3903 3466//3678
f 3528//3720 3709//3904 3592//3788
f 3709//3904 3528//3720 3713//3875
f 3591//3809 3527//3721 3711//3814
f 3593//3811 3564//3789 3713//3875
f 3531//3756 3634//3905 3530//3755
f 3532//3757 3466//3678 3688//3903
f 3713//3875 3564//3789 3690//3850
f 3691//3906 3711//3814 3565//3790
f 3596//3812 3689//3907 3534//3759
f 3531//3756 3597//3791 3634//3905
f 3532//3757 3692//3908 3467//3640
f 3467//3640 3692//3908 3693//3878
f 3597//3791 3661//3853 3634//3905
f 3597//3791 3535//3760 3661//3853
f 3634//3905 3661//3853 3598//3815
f 3666//3881 3638//3855 3568//3762
f 3603//3819 3668//3882 3639//3823
f 3787//3909 3605//3820 3607//3794
f 3607//3794 3669//3857 3787//3909
f 3666//3881 3536//3763 3788//3910
f 3667//3822 3640//3795 3570//3793
f 3536//3763 3444//3656 3788//3910
f 3788//3910 3444//3656 3762//3883
f 3670//3884 3641//3824 3479//3734
f 3513//3737 3572//3796 3695//3888
f 3573//3797 3764//3911 3538//3764
f 3697//3912 3671//3887 3642//3828
f 3608//3825 3698//3885 3696//3913
f 3697//3912 3642//3828 3574//3798
f 3718//3914 3514//3738 3673//3860
f 3643//3858 3515//3694 3674//3889
f 3644//3829 3699//3915 3645//3861
f 3544//3768 3611//3830 3543//3767
f 3699//3915 3644//3829 3675//3890
f 3700//3916 3702//3917 3701//3918
f 3700//3919 3675//3890 3702//3920
f 3675//3890 3542//3697 3702//3920
f 3723//3891 3702//3920 3542//3697
f 3611//3830 3741//3921 3546//3741
f 3612//3799 3548//3742 3724//3922
f 3546//3741 3741//3921 3648//3800
f 3614//3771 3723//3891 3549//3701
f 3726//3893 3648//3800 3741//3921
f 3578//3772 3798//3894 3649//3863
f 3679//3836 3772//3923 3615//3834
f 3703//3924 3679//3836 3678//3895
f 3618//3801 3680//3896 3704//3925
f 3618//3801 3704//3925 3705//3867
f 3556//3777 3705//3867 3622//3840
f 3706//3926 3683//3869 3622//3840
f 3685//3897 3626//3785 3684//3843
f 3585//3786 3707//3899 3628//3845
f 3687//3900 3562//3787 3658//3874
f 3708//3901 3589//3717 3588//3807
f 3708//3901 3563//3718 3589//3717
f 3595//3810 3592//3788 3709//3904
f 3710//3902 3688//3903 3590//3808
f 3596//3812 3595//3810 3712//3927
f 3690//3850 3755//3928 3713//3875
f 3660//3877 3634//3905 3598//3815
f 3534//3759 3689//3907 3659//3876
f 3690//3850 3636//3851 3755//3928
f 3667//3822 3664//3856 3737//3929
f 3603//3819 3736//3930 3668//3882
f 3663//3880 3605//3820 3787//3909
f 3667//3822 3694//3931 3640//3795
f 3714//3932 3571//3653 3668//3882
f 3694//3931 3669//3857 3640//3795
f 3714//3932 3572//3796 3571//3653
f 3573//3797 3641//3824 3764//3911
f 3715//3933 3641//3824 3670//3884
f 3538//3764 3764//3911 3717//3886
f 3514//3738 3718//3914 3609//3827
f 3674//3889 3609//3827 3718//3914
f 3674//3889 3718//3914 3719//3934
f 3643//3858 3674//3889 3719//3934
f 3545//3769 3720//3935 3544//3768
f 3645//3861 3721//3936 3610//3831
f 3645//3861 3699//3915 3721//3936
f 3742//3937 3545//3769 3612//3799
f 3675//3890 3722//3938 3699//3915
f 3700//3919 3722//3938 3675//3890
f 3723//3891 3722//3938 3700//3919
f 3702//3920 3723//3891 3700//3919
f 3724//3922 3742//3937 3612//3799
f 3724//3922 3548//3742 3725//3939
f 3725//3939 3548//3742 3677//3892
f 3677//3892 3613//3770 3676//3833
f 3741//3921 3742//3937 3726//3893
f 3615//3834 3746//3940 3771//3941
f 3728//3942 3746//3940 3615//3834
f 3772//3923 3728//3942 3615//3834
f 3703//3924 3772//3923 3679//3836
f 3729//3943 3678//3895 3651//3866
f 3553//3774 3650//3864 3680//3896
f 3681//3802 3729//3943 3651//3866
f 3730//3944 3802//3945 3681//3802
f 3681//3802 3555//3778 3730//3944
f 3652//3868 3730//3944 3555//3778
f 3622//3840 3705//3867 3706//3926
f 3496//3712 3655//3841 3732//3946
f 3496//3712 3732//3946 3684//3843
f 3625//3842 3500//3716 3748//3947
f 3684//3843 3733//3948 3685//3897
f 3804//3949 3707//3899 3586//3804
f 3586//3804 3685//3897 3804//3949
f 3628//3845 3707//3899 3630//3846
f 3686//3898 3687//3900 3749//3950
f 3707//3899 3750//3951 3630//3846
f 3630//3846 3751//3952 3587//3806
f 3687//3900 3658//3874 3825//3953
f 3587//3806 3751//3952 3588//3807
f 3658//3874 3463//3675 3825//3953
f 3710//3902 3632//3848 3779//3954
f 3712//3927 3595//3810 3709//3904
f 3633//3849 3594//3813 3734//3955
f 3530//3755 3734//3955 3594//3813
f 3635//3852 3633//3849 3734//3955
f 3532//3757 3688//3903 3692//3908
f 3689//3907 3596//3812 3712//3927
f 3709//3904 3713//3875 3735//3956
f 3691//3906 3565//3790 3659//3876
f 3809//3957 3601//3817 3602//3818
f 3602//3818 3638//3855 3809//3957
f 3637//3854 3736//3930 3603//3819
f 3664//3856 3663//3880 3737//3929
f 3667//3822 3737//3929 3694//3931
f 3694//3931 3787//3909 3669//3857
f 3717//3886 3762//3883 3716//3826
f 3738//3958 3695//3888 3572//3796
f 3696//3913 3670//3884 3608//3825
f 3695//3888 3739//3959 3672//3859
f 3673//3860 3672//3859 3739//3959
f 3574//3798 3643//3858 3740//3960
f 3643//3858 3719//3934 3768//3961
f 3768//3961 3719//3934 3769//3962
f 3720//3935 3611//3830 3544//3768
f 3610//3831 3721//3936 3646//3862
f 3545//3769 3742//3937 3720//3935
f 3743//3963 3676//3833 3647//3832
f 3676//3833 3743//3963 3677//3892
f 3744//3964 3745//3965 3742//3937
f 3745//3965 3726//3893 3742//3937
f 3723//3891 3614//3771 3797//3966
f 3797//3966 3614//3771 3649//3863
f 3798//3894 3615//3834 3771//3941
f 3746//3940 3728//3942 3771//3941
f 3746//3967 3727//3968 3728//3969
f 3771//3941 3728//3942 3772//3923
f 3729//3943 3800//3970 3678//3895
f 3703//3924 3678//3895 3800//3970
f 3650//3864 3747//3971 3680//3896
f 3802//3945 3729//3943 3681//3802
f 3652//3868 3731//3972 3730//3944
f 3706//3926 3705//3867 3774//3973
f 3775//3974 3683//3869 3706//3926
f 3653//3780 3683//3869 3731//3972
f 3731//3972 3652//3868 3653//3780
f 3625//3842 3748//3947 3655//3841
f 3707//3899 3804//3949 3750//3951
f 3463//3675 3631//3847 3825//3953
f 3708//3901 3777//3975 3632//3848
f 3688//3903 3710//3902 3752//3976
f 3530//3755 3634//3905 3734//3955
f 3688//3903 3752//3976 3692//3908
f 3753//3977 3689//3907 3712//3927
f 3712//3927 3709//3904 3753//3977
f 3735//3956 3753//3977 3709//3904
f 3634//3905 3660//3877 3734//3955
f 3734//3955 3660//3877 3635//3852
f 3753//3977 3735//3956 3754//3978
f 3713//3875 3754//3978 3735//3956
f 3756//3979 3691//3906 3659//3876
f 3755//3928 3636//3851 3601//3817
f 3693//3878 3757//3980 3662//3879
f 3783//3981 3758//3982 3760//3983
f 3758//3982 3761//3984 3760//3983
f 3759//3985 3761//3984 3758//3982
f 3662//3879 3757//3980 3637//3854
f 3787//3909 3737//3929 3663//3880
f 3788//3910 3786//3986 3666//3881
f 3762//3883 3717//3886 3788//3910
f 3764//3911 3641//3824 3763//3987
f 3697//3912 3574//3798 3765//3988
f 3574//3798 3740//3960 3765//3988
f 3673//3860 3766//3989 3718//3914
f 3718//3914 3767//3990 3719//3934
f 3643//3858 3768//3961 3740//3960
f 3719//3934 3767//3990 3769//3962
f 3721//3936 3699//3915 3793//3991
f 3720//3935 3741//3921 3611//3830
f 3742//3937 3741//3921 3720//3935
f 3646//3862 3770//3992 3647//3832
f 3647//3832 3770//3992 3743//3963
f 3744//3964 3742//3937 3724//3922
f 3722//3938 3723//3891 3797//3966
f 3794//3993 3798//3894 3816//3994
f 3649//3863 3798//3894 3794//3993
f 3745//3965 3650//3864 3726//3893
f 3729//3943 3802//3945 3818//3995
f 3747//3971 3704//3925 3680//3896
f 3704//3925 3774//3973 3705//3867
f 3706//3926 3774//3973 3775//3974
f 3776//3996 3732//3946 3655//3841
f 3655//3841 3748//3947 3776//3996
f 3686//3898 3748//3947 3500//3716
f 3862//3997 3687//3900 3825//3953
f 3588//3807 3806//3998 3708//3901
f 3708//3901 3806//3998 3777//3975
f 3848//3999 3631//3847 3591//3809
f 3591//3809 3780//4000 3848//3999
f 3779//3954 3752//3976 3710//3902
f 3591//3809 3711//3814 3780//4000
f 3691//3906 3782//4001 3711//3814
f 3754//3978 3713//3875 3755//3928
f 3689//3907 3756//3979 3659//3876
f 3755//3928 3601//3817 3754//3978
f 3784//4002 3761//3984 3759//3985
f 3638//3855 3785//4003 3809//3957
f 3638//3855 3666//3881 3785//4003
f 3787//3909 3694//3931 3737//3929
f 3668//3882 3811//4004 3714//3932
f 3714//3932 3789//4005 3572//3796
f 3788//3910 3764//3911 3836//4006
f 3764//3911 3788//3910 3717//3886
f 3572//3796 3789//4005 3738//3958
f 3641//3824 3715//3933 3763//3987
f 3696//3913 3715//3933 3670//3884
f 3671//3887 3697//3912 3790//4007
f 3698//3885 3671//3887 3790//4007
f 3698//3885 3790//4007 3791//4008
f 3738//3958 3739//3959 3695//3888
f 3673//3860 3792//4009 3766//3989
f 3718//3914 3766//3989 3767//3990
f 3646//3862 3721//3936 3793//3991
f 3770//3992 3646//3862 3793//3991
f 3794//3993 3793//3991 3699//3915
f 3743//3963 3770//3992 3796//4010
f 3722//3938 3794//3993 3699//3915
f 3724//3922 3725//3939 3744//3964
f 3795//4011 3725//3939 3677//3892
f 3722//3938 3797//3966 3794//3993
f 3797//3966 3649//3863 3794//3993
f 3816//3994 3771//3941 3815//4012
f 3798//3894 3771//3941 3816//3994
f 3799//4013 3650//3864 3745//3965
f 3771//3941 3772//3923 3703//3924
f 3729//3943 3860//4014 3800//3970
f 3650//3864 3773//4015 3747//3971
f 3818//3995 3802//3945 3801//4016
f 3730//3944 3731//3972 3819//4017
f 3819//4017 3683//3869 3775//3974
f 3731//3972 3683//3869 3819//4017
f 3820//4018 3733//3948 3684//3843
f 3803//4019 3749//3950 3687//3900
f 3844//4020 3750//3951 3804//3949
f 3750//3951 3751//3952 3630//3846
f 3862//3997 3825//3953 3824//4021
f 3588//3807 3751//3952 3805//4022
f 3825//3953 3631//3847 3778//4023
f 3777//3975 3779//3954 3632//3848
f 3780//4000 3711//3814 3782//4001
f 3692//3908 3752//3976 3781//4024
f 3693//3878 3692//3908 3830//4025
f 3754//3978 3807//4026 3753//3977
f 3807//4026 3829//4027 3753//3977
f 3758//3982 3783//3981 3828//4028
f 3601//3817 3807//4026 3754//3978
f 3693//3878 3830//4025 3757//3980
f 3759//3985 3758//3982 3808//4029
f 3807//4026 3601//3817 3809//3957
f 3761//3984 3834//4030 3760//3983
f 3785//4003 3666//3881 3810//4031
f 3666//3881 3786//3986 3810//4031
f 3736//3930 3811//4004 3668//3882
f 3786//3986 3788//3910 3836//4006
f 3764//3911 3763//3987 3836//4006
f 3696//3913 3812//4032 3813//4033
f 3813//4033 3715//3933 3696//3913
f 3855//4034 3763//3987 3715//3933
f 3698//3885 3791//4008 3696//3913
f 3697//3912 3765//3988 3790//4007
f 3673//3860 3739//3959 3792//4009
f 3769//3962 3767//3990 3814//4035
f 3769//3962 3838//4036 3768//3961
f 3793//3991 3816//3994 3770//3992
f 3794//3993 3816//3994 3793//3991
f 3839//4037 3743//3963 3796//4010
f 3815//4012 3796//4010 3770//3992
f 3816//3994 3815//4012 3770//3992
f 3725//3939 3817//4038 3744//3964
f 3743//3963 3795//4011 3677//3892
f 3744//3964 3817//4038 3745//3965
f 3860//4014 3729//3943 3841//4039
f 3773//4015 3650//3864 3799//4013
f 3729//3943 3818//3995 3841//4039
f 3773//4015 3801//4016 3747//3971
f 3818//3995 3801//4016 3773//4015
f 3801//4016 3819//4017 3747//3971
f 3819//4017 3704//3925 3747//3971
f 3801//4016 3802//3945 3819//4017
f 3802//3945 3730//3944 3819//4017
f 3684//3843 3732//3946 3820//4018
f 3842//4040 3748//3947 3686//3898
f 3862//3997 3803//4019 3687//3900
f 3821//4041 3823//4042 3822//4043
f 3821//4044 3862//3997 3823//4045
f 3864//4046 3823//4045 3862//3997
f 3824//4021 3864//4046 3862//3997
f 3588//3807 3805//4022 3806//3998
f 3778//4023 3631//3847 3848//3999
f 3691//3906 3869//4047 3782//4001
f 3756//3979 3689//3907 3826//4048
f 3689//3907 3753//3977 3826//4048
f 3756//3979 3826//4048 3827//4049
f 3692//3908 3850//4050 3830//4025
f 3756//3979 3869//4047 3691//3906
f 3829//4027 3826//4048 3753//3977
f 3828//4028 3808//4029 3758//3982
f 3829//4027 3807//4026 3831//4051
f 3807//4026 3809//3957 3831//4051
f 3832//4052 3783//3981 3760//3983
f 3808//4029 3833//4053 3759//3985
f 3834//4030 3832//4052 3760//3983
f 3759//3985 3833//4053 3784//4002
f 3757//3980 3870//4054 3637//3854
f 3736//3930 3637//3854 3870//4054
f 3761//3984 3784//4002 3834//4030
f 3736//3930 3835//4055 3811//4004
f 3853//4056 3786//3986 3836//4006
f 3853//4056 3836//4006 3763//3987
f 3792//4009 3837//4057 3766//3989
f 3766//3989 3837//4057 3767//3990
f 3769//3962 3814//4035 3838//4036
f 3795//4011 3743//3963 3839//4037
f 3745//3965 3817//4038 3840//4058
f 3815//4012 3771//3941 3796//4010
f 3771//3941 3876//4059 3796//4010
f 3840//4058 3799//4013 3745//3965
f 3800//3970 3771//3941 3703//3924
f 3841//4039 3818//3995 3799//4013
f 3818//3995 3773//4015 3799//4013
f 3774//3973 3704//3925 3775//3974
f 3819//4017 3775//3974 3704//3925
f 3776//3996 3820//4018 3732//3946
f 3776//3996 3842//4040 3820//4018
f 3748//3947 3842//4040 3776//3996
f 3686//3898 3877//4060 3842//4040
f 3877//4060 3686//3898 3749//3950
f 3733//3948 3843//4061 3685//3897
f 3843//4061 3804//3949 3685//3897
f 3803//4019 3862//3997 3863//4062
f 3821//4044 3863//4062 3862//3997
f 3821//4044 3864//4046 3863//4062
f 3821//4044 3823//4045 3864//4046
f 3751//3952 3844//4020 3805//4022
f 3750//3951 3844//4020 3751//3952
f 3864//4046 3824//4021 3845//4063
f 3806//3998 3879//4064 3777//3975
f 3847//4065 3779//3954 3846//4066
f 3779//3954 3847//4065 3752//3976
f 3848//3999 3780//4000 3782//4001
f 3752//3976 3847//4065 3849//4067
f 3781//4024 3752//3976 3849//4067
f 3781//4024 3850//4050 3692//3908
f 3756//3979 3827//4049 3869//4047
f 3851//4068 3826//4048 3829//4027
f 3834//4030 3784//4002 3852//4069
f 3871//4070 3810//4031 3786//3986
f 3714//3932 3854//4071 3789//4005
f 3853//4056 3763//3987 3872//4072
f 3874//4073 3872//4072 3763//3987
f 3715//3933 3813//4033 3855//4034
f 3738//3958 3789//4005 3856//4074
f 3738//3958 3856//4074 3739//3959
f 3765//3988 3857//4075 3790//4007
f 3739//3959 3856//4074 3792//4009
f 3837//4057 3792//4009 3856//4074
f 3837//4057 3858//4076 3767//3990
f 3858//4076 3814//4035 3767//3990
f 3859//4077 3817//4038 3725//3939
f 3725//3939 3795//4011 3859//4077
f 3839//4037 3796//4010 3876//4059
f 3840//4058 3860//4014 3841//4039
f 3876//4059 3771//3941 3800//3970
f 3840//4058 3841//4039 3799//4013
f 3820//4018 3842//4040 3877//4060
f 3863//4062 3733//3948 3820//4018
f 3803//4019 3877//4060 3749//3950
f 3733//3948 3861//4078 3843//4061
f 3861//4078 3733//3948 3863//4062
f 3804//3949 3898//4079 3844//4020
f 3824//4021 3825//3953 3865//4080
f 3866//4081 3777//3975 3878//4082
f 3825//3953 3778//4023 3865//4080
f 3777//3975 3866//4081 3779//3954
f 3902//4083 3848//3999 3782//4001
f 3849//4067 3867//4084 3781//4024
f 3868//4085 3902//4083 3782//4001
f 3781//4024 3867//4084 3850//4050
f 3868//4085 3782//4001 3869//4047
f 3783//3981 3832//4052 3828//4028
f 3852//4069 3784//4002 3833//4053
f 3786//3986 3853//4056 3871//4070
f 3811//4004 3887//4086 3714//3932
f 3874//4073 3763//3987 3855//4034
f 3812//4032 3696//3913 3791//4008
f 3856//4074 3789//4005 3873//4087
f 3765//3988 3875//4088 3857//4075
f 3765//3988 3740//3960 3875//4088
f 3768//3961 3838//4036 3890//4089
f 3890//4089 3740//3960 3768//3961
f 3795//4011 3860//4014 3859//4077
f 3795//4011 3839//4037 3876//4059
f 3860//4014 3840//4058 3859//4077
f 3876//4059 3800//3970 3795//4011
f 3800//3970 3860//4014 3795//4011
f 3820//4018 3877//4060 3863//4062
f 3803//4019 3863//4062 3877//4060
f 3844//4020 3892//4090 3805//4022
f 3878//4082 3777//3975 3879//4064
f 3866//4081 3846//4066 3779//3954
f 3865//4080 3778//4023 3848//3999
f 3847//4065 3846//4066 3880//4091
f 3827//4049 3868//4085 3869//4047
f 3826//4048 3881//4092 3827//4049
f 3850//4050 3882//4093 3830//4025
f 3881//4092 3826//4048 3851//4068
f 3757//3980 3830//4025 3882//4093
f 3884//4094 3757//3980 3882//4093
f 3828//4028 3832//4052 3883//4095
f 3829//4027 3885//4096 3851//4068
f 3831//4051 3885//4096 3829//4027
f 3808//4029 3910//4097 3833//4053
f 3884//4094 3870//4054 3757//3980
f 3809//3957 3894//4098 3831//4051
f 3894//4098 3809//3957 3785//4003
f 3833//4053 3910//4097 3852//4069
f 3785//4003 3810//4031 3886//4099
f 3854//4071 3714//3932 3887//4086
f 3854//4071 3888//4100 3789//4005
f 3789//4005 3888//4100 3873//4087
f 3855//4034 3813//4033 3874//4073
f 3904//4101 3812//4032 3791//4008
f 3790//4007 3857//4075 3889//4102
f 3859//4077 3840//4058 3817//4038
f 3898//4079 3804//3949 3843//4061
f 3863//4062 3864//4046 3891//4103
f 3865//4080 3845//4063 3824//4021
f 3902//4083 3900//4104 3848//3999
f 3867//4084 3849//4067 3903//4105
f 3808//4029 3828//4028 3893//4106
f 3910//4097 3808//4029 3893//4106
f 3894//4098 3885//4096 3831//4051
f 3834//4030 3883//4095 3832//4052
f 3834//4030 3852//4069 3883//4095
f 3886//4099 3894//4098 3785//4003
f 3736//3930 3870//4054 3835//4055
f 3835//4055 3895//4107 3811//4004
f 3871//4070 3853//4056 3912//4108
f 3790//4007 3889//4102 3791//4008
f 3904//4101 3791//4008 3896//4109
f 3921//4110 3858//4076 3837//4057
f 3897//4111 3814//4035 3858//4076
f 3740//3960 3890//4089 3875//4088
f 3890//4089 3838//4036 3897//4111
f 3806//3998 3805//4022 3892//4090
f 3879//4064 3806//3998 3906//4112
f 3845//4063 3899//4113 3864//4046
f 3866//4081 3907//4114 3846//4066
f 3865//4080 3848//3999 3900//4104
f 3901//4115 3880//4091 3846//4066
f 3881//4092 3955//4116 3827//4049
f 3893//4106 3828//4028 3883//4095
f 3909//4117 3881//4092 3851//4068
f 3886//4099 3928//4118 3894//4098
f 3871//4070 3886//4099 3810//4031
f 3895//4107 3887//4086 3811//4004
f 3853//4056 3872//4072 3912//4108
f 3813//4033 3931//4119 3874//4073
f 3889//4102 3896//4109 3791//4008
f 3921//4110 3837//4057 3856//4074
f 3838//4036 3814//4035 3897//4111
f 3843//4061 3861//4078 3905//4120
f 3843//4061 3905//4120 3898//4079
f 3891//4103 3905//4120 3861//4078
f 3861//4078 3863//4062 3891//4103
f 3844//4020 3898//4079 3892//4090
f 3806//3998 3923//4121 3906//4112
f 3845//4063 3924//4122 3899//4113
f 3866//4081 3878//4082 3907//4114
f 3907//4114 3901//4115 3846//4066
f 3849//4067 3847//4065 3903//4105
f 3908//4123 3850//4050 3867//4084
f 3882//4093 3850//4050 3908//4123
f 3851//4068 3885//4096 3909//4117
f 3910//4097 3893//4106 3883//4095
f 3884//4094 3911//4124 3870//4054
f 3910//4097 3883//4095 3852//4069
f 3835//4055 3911//4124 3942//4125
f 3911//4124 3835//4055 3870//4054
f 3913//4126 3887//4086 3895//4107
f 3872//4072 3916//4127 3912//4108
f 3887//4086 3913//4126 3854//4071
f 3914//4128 3854//4071 3913//4126
f 3914//4128 3888//4100 3854//4071
f 3917//4129 3888//4100 3914//4128
f 3872//4072 3874//4073 3931//4119
f 3931//4119 3813//4033 3918//4130
f 3813//4033 3812//4032 3918//4130
f 3888//4100 3919//4131 3873//4087
f 3889//4102 3857//4075 3920//4132
f 3873//4087 3919//4131 3856//4074
f 3856//4074 3919//4131 3921//4110
f 3922//4133 3858//4076 3921//4110
f 3892//4090 3898//4079 3932//4134
f 3891//4103 3864//4046 3899//4113
f 3892//4090 3923//4121 3806//3998
f 3879//4064 3925//4135 3878//4082
f 3879//4064 3906//4112 3925//4135
f 3865//4080 3924//4122 3845//4063
f 3923//4121 3937//4136 3906//4112
f 3937//4136 3935//4137 3906//4112
f 3926//4138 3847//4065 3880//4091
f 3908//4123 3867//4084 3903//4105
f 3955//4116 3881//4092 3909//4117
f 3908//4123 3927//4139 3882//4093
f 3884//4094 3882//4093 3927//4139
f 3886//4099 3946//4140 3928//4118
f 3835//4055 3942//4125 3895//4107
f 3929//4141 3930//4142 3895//4107
f 3946//4140 3871//4070 3912//4108
f 3886//4099 3871//4070 3946//4140
f 3930//4142 3913//4126 3895//4107
f 3914//4128 3913//4126 3930//4142
f 3930//4142 3915//4143 3914//4128
f 3931//4119 3916//4127 3872//4072
f 3917//4129 3914//4128 3915//4143
f 3904//4101 3918//4130 3812//4032
f 3920//4132 3857//4075 3965//4144
f 3875//4088 3965//4144 3857//4075
f 3922//4133 3897//4111 3858//4076
f 3890//4089 3897//4111 3985//4145
f 3890//4089 3985//4145 3951//4146
f 3875//4088 3890//4089 3951//4146
f 3933//4147 3891//4103 3899//4113
f 3865//4080 3934//4148 3924//4122
f 3936//4149 3901//4115 3907//4114
f 3953//4150 3935//4137 3939//4151
f 3937//4136 3939//4151 3935//4137
f 3900//4104 3902//4083 3940//4152
f 3938//4153 3939//4151 3937//4136
f 3868//4085 3941//4154 3940//4152
f 3847//4065 3926//4138 3903//4105
f 3868//4085 3827//4049 3941//4154
f 3908//4123 3956//4155 3927//4139
f 3927//4139 3957//4156 3884//4094
f 3911//4124 3884//4094 3957//4156
f 3894//4098 3928//4118 3885//4096
f 3943//4157 3944//4158 3957//4156
f 3911//4124 3957//4156 3944//4158
f 3943//4157 3942//4125 3911//4124
f 3929//4141 3943//4159 3944//4160
f 3929//4141 3895//4107 3943//4159
f 3944//4158 3943//4157 3911//4124
f 3929//4141 3944//4160 3945//4161
f 3959//4162 3928//4118 3946//4140
f 3912//4108 3916//4127 3946//4140
f 3948//4163 3915//4143 3980//4164
f 3931//4119 3918//4130 3947//4165
f 3948//4163 3917//4129 3915//4143
f 3917//4129 3950//4166 3888//4100
f 3964//4167 3918//4130 3904//4101
f 3896//4109 3889//4102 3982//4168
f 3982//4168 3904//4101 3896//4109
f 3919//4131 3984//4169 3921//4110
f 3965//4144 3875//4088 3951//4146
f 3897//4111 3922//4133 3985//4145
f 3891//4103 3933//4147 3905//4120
f 3932//4134 3968//4170 3892//4090
f 3924//4122 3933//4147 3899//4113
f 3892//4090 3968//4170 3923//4121
f 3925//4135 3906//4112 3952//4171
f 3906//4112 3935//4137 3952//4171
f 3934//4148 3865//4080 3900//4104
f 3953//4150 3952//4171 3935//4137
f 3901//4115 3936//4149 3953//4150
f 3901//4115 3926//4138 3880//4091
f 3926//4138 3901//4115 3953//4150
f 3940//4152 3902//4083 3868//4085
f 3939//4151 3954//4172 3970//4173
f 3827//4049 3972//4174 3941//4154
f 3827//4049 3955//4116 3972//4174
f 3909//4117 3990//4175 3955//4116
f 3903//4105 3956//4155 3908//4123
f 3956//4155 3973//4176 3927//4139
f 3927//4139 3973//4176 3958//4177
f 3885//4096 3928//4118 3959//4162
f 3957//4156 3927//4139 3958//4177
f 3942//4125 3957//4156 3958//4177
f 3975//4178 3942//4125 3958//4177
f 3957//4156 3942//4125 3943//4157
f 3944//4160 3960//4179 3945//4161
f 3960//4179 3895//4107 3975//4178
f 3943//4159 3895//4107 3960//4179
f 3944//4160 3943//4159 3960//4179
f 3975//4178 3895//4107 3942//4125
f 3929//4141 3945//4161 3930//4142
f 3945//4161 3961//4180 3930//4142
f 3916//4127 3977//4181 3946//4140
f 3980//4164 3915//4143 3978//4182
f 3962//4183 3948//4163 3980//4164
f 3949//4184 3948//4163 3962//4183
f 3981//4185 3889//4102 3963//4186
f 3963//4186 3889//4102 3920//4132
f 3888//4100 3950//4166 3919//4131
f 3965//4144 3917//4129 3948//4163
f 3965//4144 3948//4163 3949//4184
f 3965//4144 3983//4187 3917//4129
f 3982//4168 3964//4167 3904//4101
f 3949//4184 3920//4132 3965//4144
f 3922//4133 3921//4110 3986//4188
f 3922//4133 3986//4188 3967//4189
f 3986//4190 3966//4191 3967//4192
f 3983//4187 3922//4133 3967//4189
f 3985//4145 3922//4133 3983//4187
f 3898//4079 3905//4120 4003//4193
f 3898//4079 4003//4193 3932//4134
f 3933//4147 3924//4122 3987//4194
f 3878//4082 3936//4149 3907//4114
f 3925//4135 3936//4149 3878//4082
f 3937//4136 3923//4121 3969//4195
f 3952//4171 3953//4150 3936//4149
f 3939//4151 3970//4173 3953//4150
f 3970//4173 3926//4138 3953//4150
f 3903//4105 3926//4138 3970//4173
f 3939//4151 3971//4196 3954//4172
f 3903//4105 3970//4173 3956//4155
f 3973//4176 3956//4155 4005//4197
f 3973//4176 3974//4198 3958//4177
f 3958//4177 3974//4198 3975//4178
f 3976//4199 3959//4162 3946//4140
f 3946//4140 3977//4181 3976//4199
f 3930//4142 3961//4180 3915//4143
f 3931//4119 3947//4165 3977//4181
f 3916//4127 3931//4119 3977//4181
f 3979//4200 3962//4183 4008//4201
f 3963//4186 3962//4183 3979//4200
f 3920//4132 3949//4184 3962//4183
f 3889//4102 3981//4185 3982//4168
f 3983//4187 3950//4166 3917//4129
f 3984//4169 3919//4131 3950//4166
f 3950//4166 3983//4187 3984//4169
f 3965//4144 3985//4145 3983//4187
f 3986//4188 3921//4110 3984//4169
f 3967//4189 3986//4188 3983//4187
f 3983//4187 3986//4188 3984//4169
f 3965//4144 3951//4146 3985//4145
f 3933//4147 3996//4202 3905//4120
f 3924//4122 3934//4148 3987//4194
f 3936//4149 3925//4135 3952//4171
f 3937//4136 3969//4195 3938//4153
f 3934//4148 3900//4104 3988//4203
f 3900//4104 3940//4152 3988//4203
f 3989//4204 3971//4196 3938//4153
f 3940//4152 3941//4154 4032//4205
f 3938//4153 3971//4196 3939//4151
f 3954//4172 3991//4206 3970//4173
f 3970//4173 3991//4206 3956//4155
f 3992//4207 3909//4117 3885//4096
f 3959//4162 3992//4207 3885//4096
f 3975//4178 3974//4198 3993//4208
f 3915//4143 3961//4180 3978//4182
f 4008//4201 3962//4183 3980//4164
f 3994//4209 3981//4185 3963//4186
f 3920//4132 3962//4183 3963//4186
f 3981//4185 3995//4210 3982//4168
f 3964//4167 3982//4168 3995//4210
f 3933//4147 3987//4194 3996//4202
f 3934//4148 3988//4203 3998//4211
f 3938//4153 3969//4195 3997//4212
f 3938//4153 3997//4212 3989//4204
f 3971//4196 3999//4213 3954//4172
f 3955//4116 3990//4175 3972//4174
f 3991//4206 3954//4172 3999//4213
f 4000//4214 3945//4161 3960//4179
f 4002//4215 3979//4200 4008//4201
f 3961//4180 4001//4216 3978//4182
f 4002//4215 3994//4209 3979//4200
f 3979//4200 3994//4209 3963//4186
f 3918//4130 3964//4167 4011//4217
f 3923//4121 3968//4170 4013//4218
f 3987//4194 3934//4148 4004//4219
f 3923//4121 4013//4218 3969//4195
f 3989//4204 4022//4220 3971//4196
f 4005//4197 3956//4155 3991//4206
f 3990//4175 3909//4117 4034//4221
f 3973//4176 4005//4197 4006//4222
f 4038//4223 3909//4117 3992//4207
f 4016//4224 3993//4208 3974//4198
f 4007//4225 3960//4179 3975//4178
f 4007//4225 3975//4178 3993//4208
f 3945//4161 4000//4214 3961//4180
f 4000//4214 4001//4216 3961//4180
f 3980//4164 4009//4226 4008//4201
f 3978//4182 4001//4216 4009//4226
f 3980//4164 3978//4182 4009//4226
f 3981//4185 3994//4209 4010//4227
f 3947//4165 3918//4130 4011//4217
f 3995//4210 3981//4185 4010//4227
f 3905//4120 3996//4202 4003//4193
f 3987//4194 4012//4228 3996//4202
f 3932//4134 4013//4218 3968//4170
f 4003//4193 4013//4218 3932//4134
f 3934//4148 3998//4211 4004//4219
f 3940//4152 4014//4229 3988//4203
f 3940//4152 4032//4205 4014//4229
f 3972//4174 4032//4205 3941//4154
f 3990//4175 4015//4230 3972//4174
f 4005//4197 4035//4231 4006//4222
f 4006//4222 4016//4224 3973//4176
f 3973//4176 4016//4224 3974//4198
f 3960//4179 4007//4225 4000//4214
f 3976//4199 3977//4181 4017//4232
f 3947//4165 4011//4217 4019//4233
f 4010//4227 4020//4234 3995//4210
f 3964//4167 3995//4210 4040//4235
f 4011//4217 3964//4167 4040//4235
f 3996//4202 4021//4236 4003//4193
f 3987//4194 4004//4219 4012//4228
f 3997//4212 4022//4220 3989//4204
f 3972//4174 4033//4237 4032//4205
f 4023//4238 4033//4237 3972//4174
f 3971//4196 4025//4239 3999//4213
f 3999//4213 4024//4240 3991//4206
f 3959//4162 4026//4241 3992//4207
f 3959//4162 3976//4199 4017//4232
f 3993//4208 4016//4224 4027//4242
f 4008//4201 4039//4243 4028//4244
f 4008//4201 4028//4244 4002//4215
f 4008//4201 4009//4226 4039//4243
f 3947//4165 4076//4245 3977//4181
f 4017//4232 3977//4181 4076//4245
f 4076//4245 3947//4165 4018//4246
f 4021//4236 3996//4202 4029//4247
f 4030//4248 4013//4218 4003//4193
f 4013//4218 4041//4249 3969//4195
f 3998//4211 4031//4250 4004//4219
f 3998//4211 3988//4203 4031//4250
f 4014//4229 4031//4250 3988//4203
f 4034//4221 4015//4230 3990//4175
f 3991//4206 4035//4231 4005//4197
f 4051//4251 4034//4221 4036//4252
f 4034//4221 3909//4117 4036//4252
f 3909//4117 4052//4253 4036//4252
f 4038//4223 4052//4253 3909//4117
f 3992//4207 4026//4241 4038//4223
f 4026//4241 3959//4162 4017//4232
f 4027//4242 4007//4225 3993//4208
f 4028//4244 4039//4243 4066//4254
f 4019//4233 4018//4246 3947//4165
f 4040//4235 4019//4233 4011//4217
f 3995//4210 4020//4234 4040//4235
f 4012//4228 4029//4247 3996//4202
f 4013//4218 4030//4248 4041//4249
f 4042//4255 4004//4219 4043//4256
f 4041//4249 4044//4257 3969//4195
f 3969//4195 4044//4257 3997//4212
f 4004//4219 4031//4250 4043//4256
f 4033//4237 4046//4258 4032//4205
f 4023//4238 3972//4174 4047//4259
f 3972//4174 4015//4230 4047//4259
f 3971//4196 4022//4220 4048//4260
f 4025//4239 3971//4196 4048//4260
f 4025//4239 4024//4240 3999//4213
f 4047//4259 4015//4230 4058//4261
f 4015//4230 4050//4262 4058//4261
f 4049//4263 4058//4264 4050//4265
f 4015//4230 4034//4221 4050//4262
f 4034//4221 4051//4251 4050//4262
f 4052//4266 4036//4267 4037//4268
f 4052//4253 4051//4251 4036//4252
f 4038//4223 4051//4251 4052//4253
f 4035//4231 4053//4269 4006//4222
f 4006//4222 4053//4269 4016//4224
f 4000//4214 4007//4225 4054//4270
f 4000//4214 4054//4270 4055//4271
f 4066//4254 4039//4243 4059//4272
f 4000//4214 4056//4273 4001//4216
f 4039//4243 4009//4226 4056//4273
f 3994//4209 4060//4274 4057//4275
f 4010//4227 3994//4209 4057//4275
f 4042//4255 4012//4228 4004//4219
f 3997//4212 4044//4257 4022//4220
f 4044//4257 4045//4276 4022//4220
f 4032//4205 4046//4258 4062//4277
f 4023//4238 4046//4258 4033//4237
f 4032//4205 4062//4277 4014//4229
f 4045//4276 4048//4260 4022//4220
f 4058//4261 4050//4262 4047//4259
f 4035//4231 3991//4206 4024//4240
f 4047//4259 4050//4262 4051//4251
f 4053//4269 4035//4231 4064//4278
f 4016//4224 4053//4269 4027//4242
f 4055//4271 4056//4273 4000//4214
f 4039//4243 4056//4273 4059//4272
f 4009//4226 4001//4216 4056//4273
f 4060//4274 4002//4215 4028//4244
f 4002//4215 4060//4274 3994//4209
f 4020//4234 4010//4227 4057//4275
f 4021//4236 4030//4248 4003//4193
f 4043//4256 4031//4250 4062//4277
f 4014//4229 4062//4277 4031//4250
f 4047//4259 4051//4251 4080//4279
f 4024//4240 4074//4280 4035//4231
f 4026//4241 4065//4281 4038//4223
f 4007//4225 4053//4269 4064//4278
f 4007//4225 4027//4242 4053//4269
f 4026//4241 4017//4232 4067//4282
f 4059//4272 4056//4273 4090//4283
f 4069//4284 4068//4285 4067//4286
f 4069//4287 4067//4282 4017//4232
f 4017//4232 4076//4245 4069//4287
f 4019//4233 4040//4235 4077//4288
f 4021//4236 4029//4247 4030//4248
f 4012//4228 4070//4289 4029//4247
f 4012//4228 4042//4255 4070//4289
f 4042//4255 4043//4256 4061//4290
f 4043//4256 4062//4277 4061//4290
f 4044//4257 4071//4291 4045//4276
f 4023//4238 4072//4292 4046//4258
f 4048//4260 4073//4293 4025//4239
f 4047//4259 4080//4279 4063//4294
f 4064//4278 4035//4231 4074//4280
f 4038//4223 4080//4279 4051//4251
f 4007//4225 4064//4278 4074//4280
f 4054//4270 4007//4225 4074//4280
f 4055//4271 4075//4295 4056//4273
f 4076//4245 4026//4241 4067//4282
f 4067//4282 4069//4287 4076//4245
f 4082//4296 4076//4245 4018//4246
f 4028//4244 4083//4297 4060//4274
f 4020//4234 4084//4298 4077//4288
f 4040//4235 4020//4234 4077//4288
f 4020//4234 4057//4275 4085//4299
f 4029//4247 4078//4300 4030//4248
f 4079//4301 4061//4290 4062//4277
f 4079//4301 4062//4277 4046//4258
f 4046//4258 4072//4292 4087//4302
f 4045//4276 4071//4291 4048//4260
f 4071//4291 4073//4293 4048//4260
f 4081//4303 4024//4240 4025//4239
f 4082//4296 4065//4281 4026//4241
f 4026//4241 4076//4245 4082//4296
f 4083//4297 4028//4244 4066//4254
f 4057//4275 4060//4274 4085//4299
f 4044//4257 4041//4249 4086//4304
f 4086//4304 4071//4291 4044//4257
f 4046//4258 4087//4302 4079//4301
f 4023//4238 4047//4259 4072//4292
f 4025//4239 4073//4293 4088//4305
f 4024//4240 4081//4303 4074//4280
f 4080//4279 4038//4223 4096//4306
f 4054//4270 4074//4280 4081//4303
f 4089//4307 4108//4308 4094//4309
f 4097//4310 4038//4223 4065//4281
f 4075//4295 4090//4283 4056//4273
f 4059//4272 4090//4283 4091//4311
f 4066//4254 4059//4272 4091//4311
f 4018//4246 4092//4312 4082//4296
f 4019//4233 4092//4312 4018//4246
f 4019//4233 4077//4288 4092//4312
f 4020//4234 4085//4299 4084//4298
f 4030//4248 4078//4300 4093//4313
f 4042//4255 4101//4314 4070//4289
f 4030//4248 4093//4313 4041//4249
f 4042//4255 4061//4290 4101//4314
f 4086//4304 4041//4249 4093//4313
f 4063//4294 4072//4292 4047//4259
f 4063//4294 4080//4279 4110//4315
f 4081//4303 4025//4239 4106//4316
f 4106//4316 4025//4239 4088//4305
f 4089//4307 4094//4309 4095//4317
f 4095//4317 4080//4279 4096//4306
f 4095//4317 4096//4306 4089//4307
f 4038//4223 4097//4310 4096//4306
f 4098//4318 4054//4270 4081//4303
f 4099//4319 4108//4308 4089//4307
f 4098//4318 4055//4271 4054//4270
f 4066//4254 4091//4311 4083//4297
f 4078//4300 4029//4247 4100//4320
f 4100//4320 4029//4247 4101//4314
f 4029//4247 4070//4289 4101//4314
f 4086//4304 4093//4313 4102//4321
f 4061//4290 4103//4322 4109//4323
f 4061//4290 4079//4301 4103//4322
f 4086//4304 4104//4324 4071//4291
f 4073//4293 4071//4291 4104//4324
f 4072//4292 4063//4294 4110//4315
f 4110//4315 4080//4279 4095//4317
f 4111//4325 4094//4309 4105//4326
f 4095//4317 4094//4309 4111//4325
f 4106//4316 4098//4318 4081//4303
f 4105//4326 4094//4309 4114//4327
f 4094//4309 4108//4308 4114//4327
f 4098//4318 4075//4295 4055//4271
f 4097//4310 4065//4281 4107//4328
f 4065//4281 4082//4296 4107//4328
f 4060//4274 4083//4297 4085//4299
f 4102//4321 4093//4313 4078//4300
f 4078//4300 4100//4320 4102//4321
f 4100//4320 4101//4314 4109//4323
f 4102//4321 4100//4320 4109//4323
f 4061//4290 4109//4323 4101//4314
f 4087//4302 4072//4292 4139//4329
f 4110//4315 4139//4329 4072//4292
f 4104//4324 4130//4330 4073//4293
f 4073//4293 4130//4330 4088//4305
f 4111//4325 4112//4331 4095//4317
f 4110//4315 4095//4317 4112//4331
f 4132//4332 4089//4307 4096//4306
f 4105//4326 4114//4327 4113//4333
f 4099//4319 4133//4334 4108//4308
f 4090//4283 4115//4335 4091//4311
f 4116//4336 4084//4298 4126//4337
f 4117//4338 4084//4298 4116//4336
f 4083//4297 4126//4337 4085//4299
f 4126//4337 4084//4298 4085//4299
f 4084//4298 4117//4338 4077//4288
f 4092//4312 4077//4288 4118//4339
f 4079//4301 4127//4340 4103//4322
f 4079//4301 4087//4302 4127//4340
f 4110//4315 4112//4331 4139//4329
f 4119//4341 4111//4325 4105//4326
f 4120//4342 4106//4316 4088//4305
f 4105//4326 4121//4343 4119//4341
f 4121//4343 4105//4326 4113//4333
f 4097//4310 4122//4344 4096//4306
f 4120//4342 4098//4318 4106//4316
f 4122//4344 4132//4332 4096//4306
f 4089//4307 4132//4332 4123//4345
f 4089//4307 4123//4345 4099//4319
f 4108//4308 4133//4334 4114//4327
f 4090//4283 4124//4346 4115//4335
f 4083//4297 4091//4311 4125//4347
f 4107//4328 4082//4296 4135//4348
f 4092//4312 4135//4348 4082//4296
f 4083//4297 4149//4349 4126//4337
f 4077//4288 4117//4338 4144//4350
f 4077//4288 4144//4350 4118//4339
f 4102//4321 4136//4351 4086//4304
f 4103//4322 4128//4352 4109//4323
f 4127//4340 4128//4352 4103//4322
f 4111//4325 4119//4341 4131//4353
f 4129//4354 4112//4331 4111//4325
f 4130//4330 4120//4342 4088//4305
f 4098//4318 4124//4346 4075//4295
f 4075//4295 4124//4346 4090//4283
f 4133//4334 4099//4319 4134//4355
f 4109//4323 4136//4351 4102//4321
f 4109//4323 4137//4356 4136//4351
f 4136//4351 4138//4357 4086//4304
f 4086//4304 4138//4357 4104//4324
f 4139//4329 4127//4340 4087//4302
f 4104//4324 4138//4357 4130//4330
f 4129//4354 4131//4353 4128//4352
f 4131//4353 4129//4354 4111//4325
f 4120//4342 4140//4358 4098//4318
f 4097//4310 4107//4328 4122//4344
f 4099//4319 4142//4359 4134//4355
f 4099//4319 4123//4345 4142//4359
f 4134//4355 4142//4359 4133//4334
f 4134//4360 4141//4361 4142//4362
f 4133//4334 4149//4349 4114//4327
f 4116//4336 4149//4349 4133//4334
f 4148//4363 4107//4328 4135//4348
f 4125//4347 4091//4311 4115//4335
f 4116//4336 4126//4337 4149//4349
f 4083//4297 4125//4347 4143//4364
f 4143//4364 4149//4349 4083//4297
f 4144//4350 4117//4338 4116//4336
f 4092//4312 4118//4339 4135//4348
f 4137//4356 4109//4323 4128//4352
f 4129//4354 4128//4352 4127//4340
f 4139//4329 4129//4354 4127//4340
f 4112//4331 4129//4354 4139//4329
f 4120//4342 4130//4330 4152//4365
f 4119//4341 4121//4343 4145//4366
f 4140//4358 4124//4346 4098//4318
f 4122//4344 4123//4345 4132//4332
f 4146//4367 4123//4345 4122//4344
f 4147//4368 4121//4343 4113//4333
f 4122//4344 4107//4328 4146//4367
f 4147//4368 4113//4333 4114//4327
f 4142//4359 4123//4345 4155//4369
f 4148//4363 4146//4367 4107//4328
f 4149//4349 4147//4368 4114//4327
f 4133//4334 4142//4359 4155//4369
f 4125//4347 4115//4335 4150//4370
f 4158//4371 4137//4356 4128//4352
f 4131//4353 4158//4371 4128//4352
f 4130//4330 4151//4372 4152//4365
f 4131//4353 4119//4341 4145//4366
f 4152//4365 4153//4373 4120//4342
f 4145//4366 4121//4343 4164//4374
f 4133//4334 4155//4369 4116//4336
f 4150//4370 4115//4335 4124//4346
f 4155//4369 4144//4350 4116//4336
f 4118//4339 4144//4350 4135//4348
f 4138//4357 4151//4372 4130//4330
f 4153//4373 4140//4358 4120//4342
f 4121//4343 4147//4368 4154//4375
f 4156//4376 4123//4345 4146//4367
f 4156//4376 4155//4369 4123//4345
f 4146//4367 4148//4363 4156//4376
f 4149//4349 4143//4364 4147//4368
f 4165//4377 4148//4363 4135//4348
f 4150//4370 4157//4378 4125//4347
f 4144//4350 4165//4377 4135//4348
f 4137//4356 4158//4371 4136//4351
f 4158//4371 4138//4357 4136//4351
f 4159//4379 4140//4358 4153//4373
f 4164//4374 4121//4343 4154//4375
f 4156//4376 4148//4363 4165//4377
f 4124//4346 4160//4380 4150//4370
f 4161//4381 4143//4364 4125//4347
f 4157//4378 4161//4381 4125//4347
f 4150//4370 4168//4382 4157//4378
f 4151//4372 4138//4357 4162//4383
f 4131//4353 4169//4384 4158//4371
f 4152//4365 4163//4385 4153//4373
f 4164//4374 4171//4386 4145//4366
f 4144//4350 4155//4369 4156//4376
f 4165//4377 4144//4350 4156//4376
f 4161//4381 4167//4387 4143//4364
f 4143//4364 4167//4387 4173//4388
f 4161//4381 4157//4378 4167//4387
f 4161//4389 4167//4390 4166//4391
f 4150//4370 4160//4380 4168//4382
f 4138//4357 4174//4392 4162//4383
f 4138//4357 4158//4371 4174//4392
f 4151//4372 4162//4383 4170//4393
f 4131//4353 4145//4366 4169//4384
f 4170//4393 4152//4365 4151//4372
f 4171//4386 4169//4384 4145//4366
f 4163//4385 4159//4379 4153//4373
f 4140//4358 4159//4379 4124//4346
f 4159//4379 4172//4394 4124//4346
f 4124//4346 4172//4394 4160//4380
f 4147//4368 4143//4364 4173//4388
f 4167//4387 4157//4378 4173//4388
f 4169//4384 4174//4392 4158//4371
f 4170//4393 4162//4383 4174//4392
f 4164//4374 4154//4375 4175//4395
f 4154//4375 4147//4368 4173//4388
f 4168//4382 4160//4380 4176//4396
f 4157//4378 4168//4382 4173//4388
f 4152//4365 4170//4393 4177//4397
f 4169//4384 4171//4386 4179//4398
f 4163//4385 4152//4365 4177//4397
f 4163//4385 4177//4397 4180//4399
f 4163//4385 4180//4399 4159//4379
f 4172//4394 4176//4396 4160//4380
f 4169//4384 4179//4398 4174//4392
f 4179//4398 4170//4393 4174//4392
f 4179//4398 4178//4400 4170//4393
f 4179//4398 4171//4386 4178//4400
f 4170//4393 4180//4399 4177//4397
f 4178//4400 4180//4399 4170//4393
f 4180//4399 4178//4400 4182//4401
f 4164//4374 4178//4400 4171//4386
f 4173//4388 4185//4402 4154//4375
f 4181//4403 4173//4388 4168//4382
f 4178//4400 4164//4374 4182//4401
f 4159//4379 4180//4399 4172//4394
f 4181//4403 4185//4402 4173//4388
f 4181//4403 4168//4382 4176//4396
f 4164//4374 4183//4404 4182//4401
f 4164//4374 4175//4395 4183//4404
f 4183//4404 4175//4395 4184//4405
f 4175//4395 4154//4375 4184//4405
f 4185//4402 4184//4405 4154//4375
f 4176//4396 4172//4394 4181//4403
f 4186//4406 4180//4399 4182//4401
f 4183//4404 4186//4406 4182//4401
f 4180//4399 4187//4407 4172//4394
f 4186//4406 4187//4407 4180//4399
f 4172//4394 4188//4408 4181//4403
f 4184//4405 4185//4402 4189//4409
f 4185//4402 4181//4403 4189//4409
f 4187//4407 4188//4408 4172//4394
f 4181//4403 4188//4408 4189//4409
f 4189//4409 4183//4404 4184//4405
f 4186//4406 4188//4408 4187//4407
f 4186//4406 4183//4404 4188//4408
f 4183//4404 4189//4409 4188//4408
