# Blender 4.5.3 LTS
# www.blender.org
mtllib vaccine_molecular_downsampled.mtl
o vaccine_molecular
v 8.907510 -9.794639 -6.120008
v 8.725354 -8.926326 -6.158562
v 8.559599 -10.492989 -5.905528
v 7.518642 -9.810089 -6.116191
v 7.560451 -8.737402 -5.956833
v 8.057003 -8.080331 -5.493873
v 9.733747 -10.379832 -5.134180
v 9.923823 -9.497882 -5.376799
v 6.792482 -9.090997 -5.256886
v 7.424293 -10.686430 -5.320705
v 9.343821 -10.838380 -4.563033
v 6.703562 -9.901524 -4.888324
v 7.215201 -8.324115 -5.104975
v 8.903347 -8.083942 -5.288622
v 15.594707 -11.717105 -4.957421
v 8.341496 -10.972292 -5.174564
v 15.613287 -10.476022 -4.857331
v 11.113396 -9.976466 -5.137630
v 11.233941 -8.959557 -5.009438
v 9.774063 -7.986699 -4.840736
v 14.485886 -12.151972 -4.722930
v 14.418054 -11.068503 -5.103656
v 16.113216 -11.148483 -4.667504
v 10.740260 -10.898445 -4.652500
v 15.104083 -9.934293 -4.605625
v 12.212855 -9.431954 -4.366590
v 6.863266 -8.786998 -4.353442
v 15.178296 -12.518975 -4.183538
v 10.487350 -11.416439 -3.619521
v 7.803368 -10.974367 -4.311774
v 13.670328 -10.282226 -4.358950
v 11.888974 -8.075340 -3.724433
v 7.444670 -8.259663 -3.896251
v 8.704846 -7.195905 -4.231075
v 9.581186 -7.048216 -4.129230
v 9.051203 -4.854429 -4.629668
v 9.842477 -4.927832 -4.613948
v 8.523500 -4.395439 -4.231129
v 14.265485 -12.774264 -3.392678
v 16.087210 -12.464201 -3.382019
v 16.551266 -10.004607 -3.646093
v 6.990159 -9.920700 -3.841654
v 16.029543 -9.724915 -3.725307
v 13.207588 -8.761907 -4.048594
v 10.518313 -7.502162 -3.546476
v 9.566155 -6.207363 -4.221697
v 10.687942 -5.272715 -3.908440
v 10.640354 -4.504862 -3.896195
v 9.960865 -3.687496 -3.846539
v 16.611160 -11.798321 -3.443113
v 9.904349 -11.346587 -2.824412
v 8.994473 -10.766981 -3.690141
v 13.469948 -9.785915 -4.200024
v 14.249292 -9.436625 -3.816588
v 15.243776 -9.378181 -3.041155
v 7.340886 -9.228208 -3.329621
v 10.581263 -6.417467 -3.203163
v 8.103868 -5.041442 -4.010879
v 9.230154 -3.445009 -3.446767
v 13.355381 -11.811897 -3.940083
v 11.896487 -11.122994 -3.821316
v 9.248699 -10.595738 -2.805247
v 8.363249 -10.256804 -2.852355
v 13.500400 -8.035429 -3.203333
v 11.123324 -7.291222 -3.191869
v 8.711612 -6.433931 -3.885130
v 17.465147 -6.163829 -3.517167
v 8.270494 -3.926389 -3.428642
v 17.926838 -9.655820 -3.338577
v 14.404305 -8.476360 -2.388501
v 16.636509 -8.400916 -3.052331
v 17.678480 -8.473351 -3.313738
v 7.731394 -7.855772 -2.757169
v 12.571114 -7.712573 -2.811669
v 17.582487 -7.244422 -3.730048
v 18.712215 -7.194251 -3.505541
v 7.937040 -7.405305 -3.130740
v 16.392664 -6.697287 -3.010516
v 19.358084 -7.070165 -2.725181
v 18.874792 -6.096680 -3.075415
v 18.151304 -5.528749 -2.946402
v 11.061500 -4.856812 -2.658439
v 7.751659 -4.783260 -2.593856
v 12.079761 -12.555222 -2.971710
v 13.351591 -12.855506 -2.498568
v 17.589588 -13.209846 -2.545214
v 17.979387 -12.615948 -2.592757
v 10.496580 -12.103037 -2.903001
v 7.904685 -9.424700 -2.449799
v 7.991865 -8.560386 -2.125732
v 19.215889 -8.012788 -2.596481
v 11.716284 -7.184172 -2.202764
v 7.735387 -5.513268 -2.972383
v 10.890811 -5.898235 -2.526750
v 19.610338 -5.581896 -2.632842
v 10.733452 -4.041071 -2.558016
v 11.129840 -13.561478 -2.969307
v 12.731611 -13.170727 -2.279536
v 14.895268 -13.100223 -2.192347
v 16.331444 -13.343609 -2.528358
v 10.072178 -11.778356 -2.311036
v 17.446930 -10.894089 -2.926702
v 18.542755 -10.599673 -2.243292
v 19.243614 -9.007114 -2.189713
v 15.148448 -8.616450 -2.276971
v 15.987652 -7.920710 -2.192487
v 13.500287 -7.942610 -2.357108
v 16.663528 -5.824897 -2.459504
v 17.139233 -5.336276 -1.975113
v 18.579559 -4.731847 -2.465170
v 8.674026 -3.745791 -1.558300
v 10.048491 -3.599135 -2.239746
v 11.442307 -14.420592 -2.055360
v 10.484384 -13.997039 -2.476940
v 12.179090 -14.027492 -2.097855
v 9.824379 -13.737283 -1.842575
v 18.932726 -13.395197 -2.536893
v 9.840673 -12.810740 -2.304357
v 10.187390 -10.316067 -1.683343
v 9.105033 -9.713402 -2.076815
v 7.758528 -7.744104 -1.995103
v 7.237753 -6.726820 -2.461927
v 11.403928 -6.355379 -1.754061
v 20.218727 -5.880694 -1.792691
v 16.231726 -6.284012 -1.887014
v 6.809870 -5.367000 -1.979840
v 17.894762 -4.583414 -1.904830
v 19.177464 -4.441774 -1.815334
v 19.441706 -13.955502 -2.140655
v 16.787823 -14.281099 -2.067790
v 13.734773 -12.921695 -1.328260
v 19.545876 -12.789420 -1.815009
v 18.837938 -11.816949 -1.663223
v 18.960663 -9.976078 -1.543977
v 9.586057 -8.532752 -1.335190
v 14.279723 -8.766941 -1.494720
v 19.725418 -8.575202 -1.449619
v 12.446491 -7.993456 -0.850291
v 11.881513 -5.083828 -1.698161
v 8.043280 -4.148646 -1.644211
v 11.794515 -4.128330 -1.546589
v 18.472197 -14.449524 -2.319177
v 19.262947 -15.457455 -1.869125
v 20.098175 -15.335350 -1.626181
v 12.062940 -14.206744 -1.255096
v 20.017624 -13.952841 -1.640966
v 10.200140 -11.435035 -1.102559
v 8.285594 -7.902213 -1.197634
v 13.248938 -8.167272 -1.033392
v 16.108259 -8.000747 -1.475915
v 11.788563 -7.558015 -1.038574
v 7.048097 -7.215276 -1.310972
v 6.540652 -6.229329 -1.571636
v 10.891786 -3.368452 -1.557203
v 18.238052 -15.971235 -1.109754
v 19.328653 -16.260406 -0.963372
v 17.339338 -15.348379 -0.738019
v 11.083619 -14.545114 -1.356367
v 15.522538 -14.825603 -0.895009
v 9.548828 -12.649531 -0.802177
v 15.412772 -8.743778 -1.180781
v 16.494328 -6.503341 -0.732202
v 11.564713 -6.656961 -0.700159
v 6.788721 -5.171636 -0.966147
v 17.721542 -4.634367 -1.058864
v 9.984319 -3.175839 -0.890030
v 20.826033 -15.338518 -0.371748
v 17.066412 -15.384408 -0.392131
v 10.126501 -13.853389 -0.341112
v 20.036907 -12.879075 -0.623407
v 14.331766 -13.272602 -0.620964
v 10.487607 -9.885271 -0.791155
v 9.218057 -8.005850 -0.522141
v 20.176130 -6.069496 -1.028443
v 12.040544 -5.924521 -0.149205
v 17.448265 -5.463204 -0.100867
v 7.578787 -4.554108 -0.841555
v 11.175989 -3.366884 -0.759754
v 16.032780 -15.344156 -0.416254
v 20.820049 -14.065391 -0.653516
v 15.137029 -13.488087 -1.402996
v 19.342691 -11.643767 -0.174880
v 19.160690 -10.003833 -0.353590
v 19.575159 -9.059064 -0.237798
v 9.746609 -8.457073 -0.363423
v 14.278546 -8.531251 -0.558607
v 19.661961 -7.358168 -1.109510
v 6.656044 -6.653869 -0.599189
v 19.645769 -4.864017 -0.696864
v 12.159476 -4.670926 -0.102778
v 11.317884 -14.136674 -0.174556
v 14.538840 -13.989733 0.179408
v 21.113647 -13.421674 -0.166487
v 10.164141 -11.094027 -0.360048
v 19.426254 -8.626905 -0.004286
v 15.908849 -7.676132 -0.274935
v 18.426819 -4.610561 -0.491871
v 8.593732 -4.431133 -0.170987
v 9.807856 -3.490192 0.405600
v 18.566765 -16.265432 -0.061600
v 15.313409 -14.979951 0.067137
v 13.015165 -13.560769 -0.149512
v 9.690165 -13.535163 -0.443814
v 8.927874 -11.620283 0.036337
v 19.942188 -9.576174 0.354022
v 7.649314 -7.956108 0.035136
v 8.797505 -8.099982 0.403566
v 13.384859 -7.546743 -0.175824
v 15.044810 -7.925624 0.159335
v 6.840574 -7.413722 0.432952
v 19.192759 -7.112443 -0.285012
v 12.321689 -7.116555 -0.035878
v 6.504869 -6.464622 0.669746
v 19.685783 -6.071341 -0.235536
v 11.016366 -3.651533 0.577960
v 21.704683 -15.784453 0.493391
v 22.067764 -15.019410 0.377488
v 20.675135 -11.648429 0.419707
v 10.289907 -9.860167 0.037000
v 17.146435 -6.848416 -0.176913
v 18.417704 -6.965530 0.034514
v 16.537617 -6.300834 -0.073037
v 6.870418 -5.362986 0.693770
v 18.818275 -5.612946 0.189770
v 7.700931 -4.777159 0.696234
v 11.642855 -4.107938 0.935924
v 18.239042 -15.779346 0.598885
v 19.994646 -16.091589 0.417388
v 20.968075 -16.353004 0.999234
v 16.203747 -15.100981 0.821718
v 17.350128 -15.239892 0.429250
v 14.752968 -14.220035 0.686795
v 22.199972 -14.314966 0.857310
v 12.877395 -13.850576 0.877464
v 7.592935 -13.302468 0.502472
v 8.820223 -13.441401 0.199550
v 21.432692 -12.954123 0.818851
v 8.139962 -11.759517 1.229089
v 9.660450 -10.623025 0.749331
v 21.185862 -10.383876 0.475736
v 9.825254 -9.635592 0.729563
v 9.253396 -8.583214 1.078952
v 18.987902 -8.902233 0.531151
v 17.019720 -7.925341 0.333373
v 15.255342 -6.705734 0.675922
v 16.429277 -7.377269 0.576842
v 16.038246 -6.159101 0.479511
v 12.985662 -5.808042 0.559160
v 13.951781 -6.073803 0.501615
v 13.094223 -4.651580 0.559330
v 8.959701 -4.141954 1.090903
v 10.382071 -3.608659 1.213115
v 19.502161 -15.866724 1.048924
v 7.746093 -15.186451 0.490034
v 6.271764 -15.543611 1.062146
v 6.737085 -14.520553 0.200798
v 8.566647 -14.250731 0.554862
v 15.733093 -14.578794 1.562435
v 6.267618 -13.566754 0.625734
v 9.153885 -14.133785 0.718982
v 11.591286 -14.305386 0.778494
v 21.863407 -13.374787 1.592274
v 8.224111 -12.950589 0.452518
v 21.525841 -11.215390 0.772264
v 17.626595 -8.910118 0.605094
v 20.006416 -9.263477 0.782643
v 16.519072 -8.805202 0.973677
v 18.167261 -7.789479 0.393467
v 15.286838 -5.522233 0.677207
v 14.530276 -4.841921 0.385084
v 14.428778 -3.451188 1.059920
v 21.184771 -16.323097 1.676781
v 7.369694 -15.978973 1.345361
v 22.066177 -15.696784 1.700899
v 5.710030 -14.573611 0.988269
v 17.846067 -14.344906 1.483527
v 6.617255 -12.639647 1.402406
v 21.714815 -9.685287 1.167712
v 9.665883 -9.587133 1.549933
v 17.858335 -9.729167 1.067037
v 19.612623 -9.221317 1.385483
v 8.124310 -7.864708 1.377609
v 16.029257 -7.048912 1.393436
v 16.387262 -4.946851 1.298280
v 8.397463 -4.614727 1.791985
v 15.350272 -3.965549 1.030256
v 12.558805 -4.254116 1.452655
v 8.349207 -15.510257 1.506277
v 19.148495 -15.338357 1.646899
v 22.283493 -14.768023 1.763003
v 9.061186 -14.808764 1.870703
v 17.009590 -14.257566 1.862653
v 10.694833 -14.242283 1.571391
v 12.128975 -14.027206 2.243840
v 12.943398 -13.863459 1.733139
v 14.736506 -14.168028 1.982845
v 5.755042 -13.457520 1.459065
v 22.209888 -10.791182 1.673010
v 18.699343 -9.902236 1.777726
v 16.950706 -9.241282 1.554930
v 21.181126 -9.057225 1.858596
v 15.996838 -8.536911 1.668402
v 16.066517 -7.926597 0.951104
v 7.038000 -6.694000 1.295000
v 15.997592 -5.733457 1.505665
v 7.500682 -5.779479 1.874755
v 15.969429 -2.826605 1.164865
v 14.976113 -2.638091 1.007238
v 15.180368 -1.852031 1.404995
v 15.675914 -20.034067 1.537986
v 15.001706 -19.204981 1.835010
v 19.990171 -16.021893 1.852285
v 16.254930 -14.660926 2.085648
v 13.439169 -14.142803 2.244288
v 7.065181 -11.746847 1.707656
v 22.212650 -12.232889 2.169346
v 8.741419 -11.273561 1.924503
v 17.967949 -9.936880 2.170539
v 8.535000 -8.275000 1.595001
v 15.894567 -7.859909 2.143106
v 7.599904 -6.894273 1.865997
v 7.335000 -6.994000 1.441000
v 7.335000 -6.694000 1.595001
v 7.335000 -6.694000 1.595001
v 7.335000 -6.694000 1.595001
v 12.135484 -4.663672 2.158759
v 13.636937 -3.277015 1.948682
v 16.565714 -2.425107 1.800905
v 14.003437 -2.081065 2.043480
v 15.764757 -1.518207 2.116548
v 9.783605 -24.103401 1.827623
v 9.908472 -23.196449 1.927611
v 14.449215 -21.169106 2.053797
v 15.523700 -21.092899 1.731420
v 14.687994 -20.450449 1.632099
v 14.193268 -19.317257 2.242126
v 16.153334 -19.338676 1.959456
v 6.580503 -15.917978 2.180918
v 5.632459 -15.067909 2.050444
v 5.460673 -14.087793 1.986778
v 18.459431 -14.417380 2.188587
v 11.410408 -13.990796 2.409201
v 6.045712 -12.899382 2.236467
v 9.340240 -10.342110 2.216368
v 22.185110 -10.232510 2.371545
v 17.417063 -9.588473 2.474439
v 20.351013 -8.962525 2.313141
v 8.535000 -8.494000 1.895001
v 8.535000 -8.494000 1.895001
v 8.335000 -8.194000 1.895001
v 7.440000 -6.394000 1.895000
v 16.372467 -6.011492 2.409754
v 16.653803 -4.906054 1.928666
v 10.378216 -4.563265 2.233238
v 16.832365 -3.843993 2.163668
v 8.833731 -24.781576 2.231186
v 9.879783 -25.122189 2.603572
v 8.479512 -24.199570 2.047244
v 10.524808 -24.332340 2.355206
v 8.603786 -23.375317 1.967523
v 8.703359 -22.644314 2.441446
v 10.370791 -22.562353 2.642330
v 15.016052 -21.796728 2.479490
v 16.390476 -21.077040 2.015892
v 17.001440 -20.315334 2.569582
v 7.890718 -15.919649 2.814599
v 8.834019 -15.061839 2.917355
v 18.929070 -14.011330 2.767792
v 13.735064 -14.654817 2.694654
v 21.672869 -13.914392 3.029034
v 6.416940 -11.819609 2.445756
v 7.020063 -11.312810 2.563221
v 8.622098 -10.784758 2.792796
v 8.920905 -9.389472 2.665145
v 17.045124 -9.008204 2.569751
v 8.634000 -8.794000 2.195001
v 16.385477 -8.617501 2.530542
v 8.166505 -8.352768 2.678728
v 8.535000 -8.494000 1.895001
v 7.626865 -6.317217 3.063973
v 14.475962 -1.632726 2.484424
v 10.919003 -23.140190 2.839780
v 13.760756 -20.191769 2.495795
v 16.584538 -19.053230 2.897963
v 15.680423 -18.349846 3.292737
v 6.985115 -15.804160 3.073462
v 20.428059 -15.429234 2.930540
v 21.009802 -15.427236 3.074492
v 5.817505 -14.924232 2.829137
v 21.686398 -14.604368 2.724510
v 9.708588 -14.760123 2.967423
v 19.979897 -14.659881 2.956316
v 5.950054 -13.667212 3.026726
v 21.401381 -9.450435 2.951003
v 19.238323 -9.458151 2.900977
v 8.001238 -7.354887 3.014736
v 16.355919 -6.622193 3.226551
v 7.824853 -5.401969 3.026014
v 17.483873 -4.948495 2.820748
v 8.487408 -4.727972 2.968305
v 11.610957 -4.575354 3.118848
v 13.572850 -3.540688 3.054535
v 16.605955 -2.217620 2.666696
v 8.712401 -25.236124 3.186050
v 7.907940 -24.313715 3.194030
v 15.927722 -22.081394 3.217289
v 13.602885 -21.026211 3.187515
v 14.775260 -18.473696 3.071424
v 16.359728 -14.851645 2.712324
v 12.672745 -14.694141 2.938908
v 17.439232 -14.429750 2.966298
v 10.461605 -14.417561 3.358315
v 6.182852 -12.233352 3.311102
v 21.921560 -12.595950 3.436874
v 22.152842 -11.466114 2.318417
v 10.549597 -4.846640 3.043093
v 16.799500 -3.138026 3.311981
v 10.902960 -24.654486 3.556465
v 7.881891 -23.448864 3.170590
v 8.382916 -22.639387 3.339444
v 11.645650 -22.353315 3.049600
v 9.477197 -22.038429 3.057770
v 11.189920 -21.449512 3.024892
v 10.359584 -20.978004 3.296442
v 16.681564 -21.584612 3.422409
v 16.967424 -19.684853 3.635407
v 14.355148 -16.050060 3.037128
v 13.130336 -16.210049 3.153073
v 15.435000 -15.994000 3.053001
v 15.357665 -15.172313 2.730420
v 15.735000 -15.694000 3.095001
v 15.735000 -15.694000 3.095001
v 15.735000 -15.694000 3.095001
v 6.644388 -15.219992 3.472694
v 16.035000 -15.544000 3.095001
v 7.345981 -11.176509 3.681793
v 8.197103 -10.898635 3.522473
v 8.690891 -10.152670 3.803924
v 8.487556 -8.722247 3.624442
v 18.077259 -9.008717 3.334562
v 19.866571 -9.479450 3.446044
v 16.846912 -7.188555 3.742768
v 9.313863 -4.630512 3.487545
v 13.038004 -3.609354 4.070214
v 17.475388 -3.981729 3.780421
v 14.994597 -1.638369 3.263803
v 11.728765 -23.246101 3.544935
v 12.250248 -21.568790 3.559630
v 9.710378 -21.152882 3.612085
v 13.647086 -19.423681 3.907954
v 14.993988 -17.779654 3.435727
v 15.196258 -17.013050 3.410393
v 16.251934 -16.238089 3.641282
v 15.735000 -15.994000 3.196001
v 16.972229 -15.911051 3.935905
v 11.819335 -14.656986 3.488875
v 18.063675 -14.098453 3.975310
v 19.266125 -14.090502 3.758578
v 7.060277 -11.531417 4.186022
v 21.401077 -10.469800 3.771218
v 19.189442 -9.054701 4.046544
v 17.738840 -7.755380 3.827446
v 17.474180 -5.542221 3.562927
v 13.964787 -2.568697 3.764427
v 15.127895 -25.036360 3.561026
v 16.248144 -24.797756 3.719775
v 8.896758 -21.970306 4.447114
v 13.101433 -21.240091 3.593706
v 14.130437 -21.686258 3.887918
v 11.421227 -20.416281 4.391618
v 14.224480 -18.566048 4.191147
v 15.547027 -17.654808 3.731758
v 15.764070 -17.195713 4.090140
v 8.099112 -16.294621 3.365402
v 12.502075 -16.252050 3.588443
v 9.343631 -15.383068 3.781098
v 20.487318 -15.654742 4.025250
v 9.853017 -15.073843 4.308092
v 11.435324 -14.885061 4.288242
v 7.208126 -13.821431 4.499606
v 10.755649 -14.519844 4.101962
v 22.209967 -13.495816 4.207438
v 6.279229 -12.866109 3.891918
v 21.447329 -11.757594 4.129138
v 20.357748 -10.475174 3.978955
v 8.429274 -7.658159 4.009051
v 8.503324 -5.841061 4.283305
v 17.563761 -6.261691 3.956095
v 10.736404 -4.559247 3.845210
v 16.021494 -1.844950 3.319638
v 8.440280 -24.771652 4.337362
v 14.452796 -24.865818 3.946834
v 8.209555 -23.692324 4.711234
v 15.182330 -23.481487 3.921940
v 16.143906 -23.447876 3.993630
v 12.186150 -23.365730 4.578841
v 15.198800 -22.277376 3.506153
v 12.746056 -22.594530 4.586157
v 17.145012 -22.815397 4.451246
v 10.555465 -20.362814 4.807318
v 15.742907 -18.571060 5.112456
v 14.323709 -17.707956 4.075826
v 7.642496 -17.268427 4.114071
v 8.827003 -17.348551 4.047442
v 14.364467 -16.790852 3.470422
v 9.322669 -16.670198 3.964550
v 7.153526 -16.226664 3.874464
v 11.932214 -16.159492 4.465765
v 6.903269 -15.583041 4.180816
v 21.166067 -15.404663 3.979075
v 17.617121 -15.401521 4.790408
v 7.336062 -10.732569 4.365264
v 8.213193 -9.233604 4.331436
v 18.865955 -8.417880 4.343410
v 9.639849 -4.483058 3.978494
v 11.795655 -3.312106 4.386724
v 13.483804 -2.782700 4.268709
v 15.785943 -3.082511 4.114684
v 15.310781 -2.154680 3.826945
v 18.653805 -26.236797 4.245589
v 15.764812 -25.701826 3.896175
v 9.458338 -25.287056 4.057620
v 17.100494 -24.128149 4.530116
v 11.354147 -24.222963 4.637017
v 8.413037 -22.674217 4.783274
v 17.454380 -22.455193 4.908164
v 9.448912 -21.101715 4.740818
v 17.224073 -20.233530 4.790152
v 16.926756 -19.546356 5.186094
v 22.021791 -14.344612 4.732349
v 7.196956 -14.722122 4.675909
v 18.871119 -14.410211 4.554794
v 7.110860 -12.151651 4.572345
v 21.299181 -10.816437 4.360366
v 19.586718 -10.078328 4.234557
v 18.689867 -6.801707 4.298800
v 17.873692 -5.699798 4.477915
v 17.496880 -5.089972 4.417578
v 9.800270 -3.880147 4.499754
v 16.590816 -3.821145 4.700904
v 8.943865 -1.751458 4.108394
v 9.855637 -1.739433 4.116654
v 9.818152 -0.781391 4.336870
v 18.666176 -27.376894 4.468126
v 17.860136 -27.072149 4.492067
v 17.162966 -25.704094 4.604188
v 19.601385 -25.994934 4.717256
v 14.918482 -26.159683 4.584914
v 16.301620 -26.112099 4.668795
v 18.764122 -25.002155 4.877373
v 10.152390 -25.658539 5.030956
v 14.016560 -25.211399 4.900053
v 18.304874 -24.014048 4.715618
v 14.467482 -22.905371 4.616390
v 17.271725 -21.369352 5.018776
v 12.606864 -19.652212 4.651753
v 7.391309 -17.638334 5.013489
v 8.381329 -17.931568 4.984578
v 13.297578 -17.156588 4.544280
v 6.741705 -16.952177 4.948394
v 10.006452 -16.979336 4.949542
v 19.859797 -14.690316 4.187236
v 7.578210 -14.196966 5.256238
v 22.109001 -12.682400 4.899108
v 19.917877 -10.608367 4.974263
v 20.803667 -10.867393 5.255865
v 7.098391 -9.702430 4.910803
v 19.221651 -8.013489 4.994538
v 19.273930 -6.770949 5.051137
v 18.625137 -5.949784 5.072730
v 13.823966 -4.370185 4.841064
v 13.334021 -3.799001 4.919991
v 9.969814 -2.986801 4.598393
v 12.751847 -2.253422 4.741326
v 11.408900 -1.762032 4.502181
v 8.858800 -0.614741 4.471134
v 18.234529 -28.040821 5.404249
v 19.415369 -27.033733 4.591542
v 14.785175 -26.154110 5.309544
v 13.909995 -24.171850 4.768647
v 17.692011 -23.241112 4.860993
v 13.009699 -23.329037 4.968028
v 13.715714 -22.731735 4.918884
v 17.555000 -22.893999 4.895002
v 11.339776 -19.407892 5.196252
v 13.252673 -18.063669 4.995164
v 15.620114 -17.197906 5.564994
v 6.576580 -16.141895 5.123833
v 19.733913 -16.058733 4.835134
v 21.205303 -16.660921 4.953467
v 10.707434 -15.372940 4.731432
v 22.193701 -15.934942 5.215794
v 19.278000 -15.394000 4.895001
v 19.035000 -15.094000 4.895001
v 19.035000 -15.094000 4.895001
v 19.035000 -14.794000 4.731001
v 7.775289 -12.524744 5.355752
v 7.064440 -11.463244 5.134901
v 21.580015 -10.750472 5.048630
v 19.403751 -9.947448 5.333666
v 8.293439 -8.411926 5.301233
v 8.604514 -7.539178 5.401009
v 8.405093 -5.867777 5.120435
v 9.229686 -4.679561 5.361119
v 17.295038 -5.331996 5.005425
v 14.550689 -4.433671 4.692171
v 9.416423 -3.142519 4.711582
v 13.099536 -2.450653 5.102420
v 8.147546 -2.016567 4.825502
v 11.380155 -1.093645 4.501275
v 8.425684 -0.472945 5.106685
v 9.812713 0.077836 5.220678
v 10.781187 0.614507 5.154386
v 18.926115 -27.950584 5.325051
v 17.481970 -27.540998 5.441680
v 19.838123 -27.309994 5.513566
v 16.994480 -26.434841 4.908266
v 20.093187 -26.273890 5.532690
v 8.997065 -25.626675 5.536874
v 19.324665 -24.979597 5.592570
v 8.316888 -24.888937 5.490599
v 8.185058 -24.055592 5.771400
v 18.854214 -23.592724 5.236970
v 13.226581 -23.472620 5.313390
v 18.135000 -23.194000 5.142002
v 17.834999 -22.893999 5.195002
v 17.834999 -22.893999 5.195002
v 17.834999 -22.893999 5.195002
v 8.957000 -22.294001 5.195002
v 9.150000 -21.993999 5.195002
v 10.857774 -19.163485 5.926747
v 12.297328 -18.866295 5.579658
v 15.503772 -18.021767 5.637655
v 9.646771 -17.642569 5.645339
v 11.497091 -16.433418 5.050439
v 21.081532 -16.953016 5.762926
v 16.892742 -15.535019 6.374776
v 19.843927 -16.730587 5.544333
v 6.715467 -15.622667 5.730711
v 18.564930 -15.307692 5.185354
v 22.531572 -15.273047 6.003786
v 18.735001 -15.094000 4.947001
v 19.035000 -15.094000 4.895001
v 11.616030 -12.670324 5.066983
v 12.411965 -12.330576 5.251719
v 22.285122 -12.416125 5.286799
v 11.303678 -11.796550 5.045134
v 12.125615 -11.261024 5.313762
v 6.575856 -10.072926 5.766492
v 19.684486 -9.153127 6.032843
v 16.067030 -5.200605 5.542220
v 11.765119 0.464876 5.237961
v 16.274563 -26.340647 5.691559
v 10.874343 -25.184750 5.729844
v 14.277863 -25.397736 5.927120
v 13.901555 -24.026983 5.519402
v 11.274805 -23.851017 6.243161
v 17.847015 -22.485401 6.044538
v 18.111000 -22.893999 5.495002
v 9.135000 -22.294001 5.495002
v 9.135000 -22.294001 5.495002
v 9.135000 -22.294001 5.495002
v 16.688841 -20.574398 6.336781
v 16.100206 -19.120214 5.897718
v 7.747635 -17.697704 5.951763
v 12.564992 -17.006248 5.325634
v 17.147532 -15.238605 5.983751
v 17.861370 -15.051490 5.842742
v 18.066692 -12.660916 5.341165
v 11.190979 -13.282339 5.715877
v 10.571187 -11.568346 5.573989
v 22.881550 -11.494308 5.783546
v 11.293095 -10.921174 5.649810
v 22.243782 -10.106142 5.397328
v 23.652033 -9.609744 5.574930
v 7.317189 -8.976324 5.878994
v 19.394732 -7.027575 5.799026
v 16.670734 -5.690747 5.923584
v 18.267706 -5.592415 6.267903
v 14.360865 -4.673642 6.020070
v 15.453184 -4.496018 5.763939
v 15.799360 -4.313015 5.201848
v 13.125619 -3.709840 5.921907
v 8.223557 -2.631499 6.263245
v 7.964248 -1.497478 5.881869
v 12.595182 -0.894012 6.111868
v 8.253477 -0.650909 5.973667
v 9.323256 0.084780 6.073075
v 19.290400 -27.843084 6.164964
v 9.907343 -25.485357 6.216250
v 8.674211 -24.939426 6.326902
v 19.257631 -23.569035 6.165586
v 12.456670 -23.214964 5.910461
v 9.375393 -22.847946 6.422178
v 9.135000 -22.594000 5.748002
v 9.549939 -21.337378 6.380534
v 12.632121 -17.975718 5.771094
v 8.983909 -17.569607 6.487125
v 10.806304 -17.753059 5.689600
v 6.972279 -16.901056 6.200774
v 21.919964 -16.497961 6.201534
v 17.129553 -12.312254 5.321368
v 12.341495 -13.521602 6.153088
v 10.574482 -12.704161 5.647418
v 13.007578 -12.880475 6.257102
v 13.038747 -11.879367 5.864827
v 18.417091 -11.827855 5.849620
v 6.670446 -10.978656 6.239709
v 12.645834 -10.852007 6.339687
v 23.876287 -10.428982 5.685321
v 20.995102 -10.489001 6.005373
v 22.498671 -9.030030 5.802383
v 19.309677 -7.868931 6.397275
v 13.827998 -4.337435 6.409966
v 13.178954 -1.881599 6.116871
v 12.420205 0.293955 6.146060
v 10.255982 1.096626 6.052419
v 11.570862 1.137268 5.915276
v 19.984221 -26.738646 6.372416
v 19.723600 -25.761368 6.684648
v 19.379126 -24.728180 6.924050
v 14.053133 -23.169895 6.246902
v 8.638116 -23.669250 6.374246
v 12.943593 -22.675556 6.538235
v 10.036043 -20.582806 7.048616
v 10.779374 -18.485147 5.914460
v 15.880128 -18.531866 6.345721
v 11.824718 -17.544367 5.945901
v 9.919969 -18.210897 7.041037
v 16.068216 -18.004059 6.763319
v 17.953865 -14.027308 5.785169
v 16.985777 -14.007715 5.725894
v 22.096916 -14.148723 6.787129
v 18.608318 -14.026940 6.362216
v 22.312225 -13.233517 6.631554
v 7.879257 -12.749222 6.538684
v 18.919874 -12.469995 6.329710
v 15.908318 -12.083652 6.171757
v 23.060123 -11.963699 6.497282
v 7.651171 -12.019389 6.508407
v 9.939522 -11.484670 6.854010
v 24.391499 -10.921412 6.502951
v 23.797911 -8.690616 6.381102
v 22.788795 -8.370351 6.631878
v 8.017659 -7.896677 6.419098
v 7.890020 -6.957550 6.777771
v 7.393677 -5.972394 6.409291
v 18.823311 -5.902098 6.411652
v 8.604222 -3.609916 6.313508
v 13.379193 -2.856227 6.701042
v 17.932377 -27.714298 6.838980
v 18.760965 -27.450029 7.247375
v 16.742111 -27.223490 6.755147
v 16.021605 -26.145798 6.534968
v 14.717825 -24.902201 6.685598
v 20.128157 -16.607824 6.936145
v 19.130560 -15.799454 6.646810
v 7.247923 -15.837346 6.772277
v 18.588095 -15.206054 6.339595
v 16.168510 -15.081172 6.789480
v 7.528499 -14.184788 6.515175
v 15.462809 -13.341460 6.381233
v 11.346500 -13.720193 6.564065
v 13.245784 -12.025810 6.895290
v 13.053759 -11.314062 6.857524
v 16.320999 -11.493999 6.395001
v 17.246462 -11.338223 6.062168
v 17.845650 -11.177586 6.766343
v 10.331806 -10.792383 7.365407
v 24.530840 -9.664727 6.519557
v 21.211521 -9.308986 6.572386
v 7.217345 -9.274382 7.161707
v 19.773350 -8.481422 7.147139
v 19.007523 -6.217366 6.691800
v 5.788366 -5.117533 6.339921
v 7.591386 -5.309544 6.243152
v 16.039234 -5.248679 6.780558
v 6.414690 -4.266990 6.380549
v 15.503780 -4.358988 6.490610
v 9.939238 0.855968 6.839385
v 11.648168 1.090305 7.002265
v 10.641005 1.180210 7.054202
v 9.408117 -24.431974 6.903764
v 10.352089 -24.835556 6.603054
v 10.511735 -23.489386 6.876885
v 18.937445 -23.244089 6.781766
v 11.903355 -23.008171 7.273617
v 13.789038 -22.727417 7.115256
v 17.589666 -22.612953 7.310760
v 17.005861 -20.846825 7.412997
v 15.729291 -19.735500 6.741861
v 7.816322 -16.917261 6.829745
v 21.009386 -16.406569 7.251990
v 17.174709 -16.060041 7.242385
v 22.031225 -15.800646 6.979378
v 15.519536 -14.366410 6.447492
v 12.911460 -13.082921 7.153276
v 9.844365 -12.578201 7.411646
v 15.436587 -12.296943 7.035341
v 7.279143 -11.028303 7.435605
v 16.035000 -11.493999 6.695001
v 16.035000 -11.493999 6.695001
v 24.200272 -11.295154 7.136559
v 16.596809 -11.076449 7.286153
v 11.707912 -10.500206 6.725041
v 6.948603 -9.952946 7.417837
v 23.541588 -8.369191 7.335369
v 6.092308 -6.101871 6.764377
v 17.245445 -5.641509 6.987255
v 7.223668 -3.757132 6.861522
v 7.762658 -3.434445 6.896438
v 14.006700 -3.291126 7.209081
v 8.422762 -2.431550 7.780640
v 8.667926 -1.198603 7.108528
v 12.345748 0.182260 7.002055
v 19.413998 -25.796961 7.592072
v 14.657925 -24.498434 7.432378
v 10.064882 -23.341412 6.857285
v 18.548132 -23.468077 7.546278
v 10.070770 -22.342133 7.264858
v 10.033951 -18.582541 7.258039
v 15.765690 -18.701658 7.435975
v 19.787764 -14.899043 7.597030
v 15.064991 -14.558511 7.360546
v 18.965433 -13.868267 7.252760
v 14.852429 -13.560109 7.202977
v 8.263412 -13.679458 8.227845
v 12.230001 -13.548685 7.267900
v 8.671217 -12.906902 7.662776
v 18.768974 -12.208275 7.562489
v 8.362127 -11.547200 7.506962
v 18.419010 -11.588080 7.389751
v 15.735000 -11.701999 6.995001
v 15.678226 -11.707579 7.331448
v 16.035000 -11.493999 6.695001
v 16.035000 -11.404999 6.995001
v 24.684248 -9.645025 7.333832
v 21.683409 -8.655477 7.316216
v 18.859531 -7.397998 7.349780
v 5.079662 -5.561035 7.260324
v 19.220291 -5.531196 7.097019
v 18.524897 -4.957539 7.052423
v 4.922979 -4.703726 7.508079
v 5.410056 -4.157187 6.942747
v 15.588165 -3.643975 7.212185
v 6.143545 -3.593458 7.216687
v 9.908468 -0.000646 7.797446
v 17.542850 -27.801760 8.110923
v 18.628149 -27.380720 8.247253
v 15.857537 -25.487692 7.566565
v 13.003179 -22.627645 7.353030
v 10.219570 -21.134665 7.567490
v 16.837326 -17.537350 7.244078
v 7.470337 -15.711421 7.353619
v 8.132706 -14.970420 8.125313
v 22.190453 -12.917781 7.785965
v 10.732423 -13.377148 7.778666
v 23.380728 -11.823523 7.714732
v 11.523006 -10.518105 7.724241
v 7.021329 -6.917089 8.020222
v 18.927519 -6.723820 7.900957
v 5.551073 -6.239254 7.763261
v 16.795429 -4.862756 7.634943
v 17.693386 -4.884320 7.569719
v 19.976217 -4.036144 7.404966
v 18.996807 -3.760729 7.283394
v 11.779716 -0.444622 8.135614
v 16.961363 -27.744526 7.685891
v 16.286665 -27.091150 8.087971
v 16.180592 -26.040285 8.639407
v 12.672987 -23.066771 8.111256
v 11.012817 -21.979055 7.800075
v 12.205964 -22.325714 7.979622
v 17.061138 -21.388298 8.111975
v 9.683890 -20.004154 8.017697
v 9.007441 -16.955166 8.138804
v 20.387491 -14.999994 7.871719
v 21.181095 -14.776559 7.835580
v 9.885212 -11.778123 7.914383
v 21.803257 -8.466689 8.073208
v 19.904900 -8.186275 8.256142
v 6.589038 -6.641979 8.037910
v 20.296612 -5.189126 7.875771
v 5.051429 -4.191462 7.982933
v 16.385759 -3.336673 8.425007
v 7.690804 -2.551736 8.531406
v 15.090250 -3.003927 7.946045
v 13.445512 -2.797606 7.820240
v 11.514886 0.122814 8.057405
v 15.497813 -25.107714 8.311796
v 14.376529 -24.486454 7.998299
v 17.235432 -22.995260 7.734749
v 14.429626 -23.321213 7.343255
v 15.832744 -19.965408 7.717563
v 15.468949 -19.475662 8.642258
v 8.598669 -16.422573 8.259007
v 16.985521 -16.247679 9.390211
v 18.752369 -13.729035 8.360571
v 12.228342 -12.738960 8.313171
v 16.134678 -11.662344 8.012513
v 8.720965 -12.134785 8.542097
v 16.936468 -11.512278 8.157058
v 24.380098 -10.577621 8.095912
v 6.762592 -8.810764 8.203658
v 7.763993 -7.989180 7.650960
v 20.166582 -5.983280 9.084226
v 18.676601 -2.788726 8.032730
v 6.130144 -3.294321 8.507848
v 19.261106 -2.894253 8.203282
v 8.518323 -1.169650 7.993828
v 12.535305 -1.751822 7.711146
v 18.637049 -26.210335 8.861481
v 16.717436 -24.580618 8.047553
v 18.182207 -24.719601 8.129698
v 13.582766 -23.247183 8.227893
v 16.198378 -23.469042 8.062181
v 11.408134 -21.425045 8.766771
v 17.098265 -17.417286 8.291567
v 15.698336 -14.743057 8.645493
v 19.215889 -14.212963 8.791380
v 15.383250 -13.527514 8.995544
v 11.483006 -13.127973 8.412163
v 10.544687 -12.736897 8.474308
v 23.044685 -11.806913 8.507342
v 10.680698 -11.094426 8.427564
v 7.018991 -10.998980 8.488416
v 11.817814 -11.123571 8.449108
v 24.118040 -9.977852 8.512902
v 6.497491 -10.502082 8.787514
v 7.153873 -7.787839 8.405219
v 21.277588 -7.921810 8.841128
v 19.418861 -7.423982 8.541199
v 5.132594 -5.409513 8.490601
v 20.643061 -4.473841 8.293184
v 5.672524 -3.894692 8.908972
v 16.951424 -3.054485 8.614127
v 14.174769 -2.756752 8.881663
v 9.509977 -0.309691 8.259036
v 17.093695 -27.064196 8.969586
v 18.170818 -27.195955 8.824312
v 15.651649 -25.436441 9.024838
v 13.956506 -24.692327 8.387919
v 16.239000 -24.694000 8.495002
v 16.035000 -24.393999 8.495002
v 16.035000 -24.393999 8.495002
v 15.712173 -23.518322 8.634050
v 16.035000 -24.094000 8.359002
v 12.716015 -22.891397 8.957242
v 10.138536 -20.230021 9.185156
v 9.722767 -19.500587 8.880851
v 15.787165 -18.249638 9.444510
v 16.770222 -15.361245 8.372965
v 8.112269 -14.480839 8.832682
v 20.825565 -14.296154 8.972502
v 21.399044 -13.826328 8.987898
v 8.477124 -13.084251 8.835400
v 18.272333 -12.712941 8.513288
v 12.249022 -12.159901 8.554667
v 7.993446 -11.176256 8.440367
v 23.907421 -8.857022 8.022631
v 22.526888 -8.806540 8.683646
v 6.739158 -6.873610 9.053274
v 15.872533 -3.163602 8.891253
v 7.730362 -0.413825 9.341314
v 12.229870 -1.110365 8.843631
v 11.436006 -0.102616 8.901956
v 16.760174 -25.473583 8.912530
v 17.920654 -25.521463 9.018451
v 13.740276 -25.496025 9.116967
v 14.786819 -25.443159 9.515825
v 16.171944 -25.244911 9.073473
v 15.856000 -24.393999 8.795002
v 16.035000 -24.393999 8.495002
v 12.848725 -23.635204 8.598407
v 16.168892 -21.524134 8.972779
v 9.825301 -18.004454 8.223374
v 8.741283 -16.986700 9.153773
v 16.962246 -14.897617 9.013654
v 18.364267 -13.809933 8.933199
v 21.896978 -12.668256 8.576434
v 5.344389 -12.856445 8.635415
v 4.724940 -11.899722 8.794990
v 10.923922 -11.829696 8.852275
v 3.657477 -11.614470 8.904071
v 7.452332 -11.604801 9.410108
v 23.007864 -10.210295 9.192354
v 6.264799 -9.142818 8.963577
v 20.629257 -7.610773 9.180979
v 19.923874 -6.836897 9.050200
v 5.812554 -4.290307 9.640327
v 20.367420 -3.363025 9.574167
v 19.185289 -1.724641 8.901220
v 18.106867 -1.551795 8.833582
v 13.518843 -1.698335 9.443816
v 11.906950 -0.287154 9.118815
v 17.422958 -26.355431 9.207718
v 15.730389 -24.861904 9.580909
v 15.568935 -22.709652 9.590670
v 11.852729 -21.587824 9.585055
v 11.183331 -20.306511 10.023151
v 15.491776 -20.561550 8.963307
v 9.781135 -19.893772 9.868540
v 16.053576 -17.300253 9.999425
v 16.914871 -16.700796 9.327210
v 8.448240 -15.685080 9.873911
v 16.162054 -13.897607 9.447284
v 19.983107 -13.910108 9.575206
v 5.094701 -13.755196 9.181097
v 3.661178 -13.652873 9.422134
v 6.613755 -12.888804 9.361571
v 3.011411 -12.127833 8.876135
v 16.794903 -12.570711 9.090575
v 21.276590 -12.229615 9.353815
v 6.505658 -11.400629 8.879962
v 22.505253 -11.321535 9.392862
v 5.868958 -11.254000 9.087048
v 22.491060 -9.636257 9.455155
v 6.757492 -7.942327 9.482977
v 5.975929 -6.248268 8.966253
v 20.507475 -4.175850 10.000937
v 6.788998 -2.682518 9.567778
v 16.620329 -2.847510 9.289848
v 19.845457 -2.372491 9.754640
v 17.488361 -2.138091 8.566456
v 8.557395 -0.052505 9.230972
v 10.378616 -0.185775 9.427899
v 12.733816 -24.776270 9.088121
v 15.983163 -21.481434 9.538445
v 9.334747 -19.450596 9.660378
v 15.256495 -19.664627 10.047652
v 17.871374 -14.078519 9.212330
v 19.169579 -14.236184 9.497359
v 7.521559 -13.554082 9.246744
v 3.028522 -12.953564 8.999129
v 6.275942 -13.799709 9.551815
v 8.146106 -12.098505 9.327324
v 2.863318 -11.215145 9.507442
v 4.144939 -10.465982 9.823403
v 5.629608 -9.091075 9.430982
v 6.142382 -5.516296 10.027446
v 17.219467 -1.806795 9.694455
v 18.915979 -1.394606 9.637841
v 8.067431 0.185435 9.446058
v 5.157370 2.258046 9.180737
v 13.786761 -26.339516 9.959443
v 12.786640 -26.100130 9.578227
v 12.099052 -25.295824 9.721332
v 12.267028 -23.595924 9.921525
v 15.691705 -24.307199 10.630552
v 6.578996 -18.874249 9.607391
v 17.352209 -16.450569 10.132708
v 17.604645 -15.362997 9.995604
v 7.473547 -14.334468 9.526583
v 5.136636 -14.486474 10.329915
v 7.688065 -12.739063 9.542269
v 21.564411 -11.715116 9.639542
v 5.758698 -10.374764 9.599699
v 4.390607 -8.896252 9.568249
v 5.968974 -8.150394 9.829271
v 21.834747 -8.160094 9.705924
v 21.135000 -7.743999 9.695001
v 6.059414 -6.909912 9.805550
v 20.940960 -6.881152 10.248740
v 20.816950 -5.051741 10.208262
v 14.612557 -3.564959 10.166104
v 16.000336 -3.669168 9.932707
v 6.549635 -3.154398 9.853621
v 13.851602 -2.920421 10.378950
v 7.407734 -1.634238 9.520841
v 17.892881 -1.441517 10.174023
v 13.473310 -1.084897 10.161653
v 6.545910 -0.428467 9.800551
v 12.484327 0.430807 10.093738
v 7.253182 0.806225 9.388051
v 8.828591 0.596133 10.079410
v 11.785246 0.734598 10.267906
v 6.244019 1.367843 9.701025
v 4.786110 0.668566 9.787099
v 3.935874 2.798280 9.692684
v 6.159076 3.012648 9.954895
v 5.418618 3.584375 9.981416
v 14.043000 -26.194000 9.995002
v 14.235000 -26.062000 9.995002
v 11.606135 -25.543280 10.739430
v 11.969203 -22.109612 10.123380
v 15.912303 -21.777048 10.900076
v 15.958007 -21.028358 10.653474
v 5.857384 -19.744728 10.148952
v 6.792949 -19.814817 9.998560
v 5.731368 -18.420183 9.951431
v 15.285228 -18.440573 10.121352
v 7.494041 -18.817669 9.897772
v 5.942950 -17.881638 10.085944
v 7.336868 -17.735525 10.141979
v 18.752684 -14.747476 10.234295
v 19.622723 -13.790844 10.142555
v 19.854952 -12.882363 10.370786
v 22.582403 -11.238406 10.503305
v 3.299300 -10.520822 10.279547
v 22.904598 -10.288850 10.429378
v 3.579669 -9.866557 10.279131
v 4.064243 -8.248562 10.033268
v 5.504175 -7.578494 10.084967
v 21.836746 -7.609275 10.457153
v 21.135000 -7.593999 9.995001
v 21.135000 -7.593999 9.995001
v 20.902000 -7.293999 9.995001
v 16.636757 -3.295344 10.452668
v 19.288858 -1.740585 10.314328
v 4.118736 1.716571 9.431869
v 3.369683 1.562513 10.265157
v 8.088190 1.806078 10.434385
v 6.852510 2.107890 10.204763
v 3.989000 3.206001 9.995000
v 4.282114 3.573010 10.095830
v 14.235000 -26.194000 10.295002
v 14.235000 -26.194000 10.295002
v 14.235000 -26.194000 10.295002
v 12.030928 -26.130604 10.978161
v 14.829440 -25.391441 11.067655
v 15.525121 -22.941353 10.583706
v 11.642519 -21.331015 10.861569
v 6.587729 -20.339725 10.711922
v 8.133313 -19.336245 10.153892
v 5.212203 -19.350914 10.647624
v 8.019958 -17.461182 9.911906
v 16.629162 -16.854906 10.839570
v 6.206308 -14.644672 10.226945
v 4.203598 -14.191759 10.529094
v 2.041252 -12.857765 9.901385
v 0.943260 -12.122606 10.429964
v 1.916518 -11.925707 10.174317
v 21.861063 -8.419808 10.786465
v 21.135000 -7.593999 9.995001
v 21.434999 -7.593999 10.255001
v 5.797979 -6.264749 10.986406
v 7.058033 -4.878119 10.902718
v 6.737500 -4.035645 10.539291
v 20.958128 -4.640134 10.640938
v 15.764168 -3.605313 10.978876
v 20.052233 -3.386404 10.912571
v 6.633595 -1.815650 10.166974
v 17.004553 -2.574965 10.876455
v 6.087499 -1.116713 10.379907
v 9.221231 0.598796 10.662246
v 3.175535 2.532282 10.743116
v 3.531000 2.906001 10.295000
v 3.735000 3.206001 10.295000
v 3.735000 3.206001 10.295000
v 3.735000 3.206001 10.295000
v 13.317062 -26.601719 10.615162
v 14.235000 -26.238001 10.595002
v 14.328671 -26.151169 11.096089
v 11.407475 -23.360638 10.721516
v 8.073349 -19.849834 10.712905
v 5.142559 -18.360502 10.825547
v 14.973744 -17.682299 10.882862
v 18.518732 -16.315578 10.580728
v 7.403609 -15.386792 10.787643
v 19.232054 -14.589652 11.124907
v 2.579046 -14.263768 10.551678
v 0.993932 -13.328610 10.369544
v 21.247442 -11.770696 10.688352
v 2.118228 -11.391290 10.746116
v 21.668629 -6.869047 10.740734
v 23.569294 -6.224905 10.529732
v 21.781395 -5.911127 10.588157
v 23.043032 -5.561093 10.290629
v 23.751114 -5.044903 10.590527
v 6.857568 -5.637754 11.229738
v 21.789818 -4.936629 10.728906
v 23.066769 -4.324477 10.888541
v 6.826447 -2.645908 10.600520
v 13.747519 -2.349740 11.018619
v 18.686613 -1.766868 10.738414
v 4.476281 -0.707801 10.919937
v 4.873155 -0.274123 10.013827
v 14.049070 -0.411109 10.836756
v 3.834372 0.534172 11.344429
v 13.402104 1.381561 10.457221
v 12.655900 1.929178 10.505302
v 3.836829 3.573174 11.252141
v 3.735000 3.363001 10.595000
v 10.836839 -22.440489 11.652125
v 10.196175 -20.411743 11.318398
v 5.536441 -19.979036 11.310331
v 14.710915 -19.455969 11.445017
v 7.562004 -16.575319 11.021594
v 19.247360 -15.892567 11.218492
v 0.977304 -14.069425 11.091641
v 0.319152 -12.722634 10.899217
v 1.027434 -11.478983 11.160944
v 3.399253 -8.690448 10.688086
v 22.217073 -8.884162 11.125277
v 4.058800 -7.455184 11.147736
v 4.602605 -6.515022 11.391131
v 22.516253 -6.835695 10.735746
v 24.349972 -5.681158 11.047287
v 20.649532 -4.207376 11.455261
v 14.709452 -3.399377 11.073296
v 6.864508 -2.732297 11.565502
v 14.155508 1.468974 11.155770
v 10.685730 0.948763 11.596532
v 11.894407 2.156072 11.056147
v 6.228726 3.558280 11.063163
v 5.165787 4.061772 11.054740
v 12.926518 -26.341982 11.735698
v 11.143649 -24.412868 10.709727
v 10.920919 -23.537716 11.689153
v 15.377012 -22.428398 11.399503
v 10.843071 -20.903574 11.478173
v 6.385958 -20.309471 11.588539
v 7.477697 -20.311018 11.888526
v 8.813634 -20.226114 10.985572
v 5.146532 -18.699793 12.115919
v 14.962212 -17.751225 11.738938
v 5.990807 -17.260256 11.196451
v 16.008682 -16.854355 11.344169
v 17.983036 -17.210871 11.484017
v 18.983545 -16.707443 11.648406
v 4.443343 -15.197477 11.412261
v 3.349241 -15.132295 11.543805
v 0.569812 -13.915705 11.844785
v 19.736601 -12.879807 11.502278
v 22.829988 -12.024599 11.535073
v 23.696428 -11.133141 11.633661
v 3.269355 -10.563062 11.622138
v 23.746971 -10.341599 11.570036
v 23.612509 -9.383469 11.845304
v 22.573851 -7.517196 11.511602
v 24.138132 -4.473266 11.638089
v 21.522575 -4.527619 11.611930
v 16.277514 -2.651211 11.661968
v 19.181553 -2.860223 11.177412
v 5.920779 -1.373917 10.962305
v 17.665985 -2.480207 11.397559
v 14.330278 -1.327536 11.675130
v 14.358097 0.056430 11.704444
v 3.195835 1.736246 11.586325
v 8.588980 1.521182 11.680710
v 7.247772 2.230714 12.058946
v 3.610039 3.241112 11.895062
v 11.020522 -26.554342 11.920661
v 15.119155 -23.131687 11.590570
v 15.297508 -20.818975 11.852935
v 9.814027 -20.597229 12.157990
v 5.248696 -18.132284 12.019106
v 6.037144 -16.862329 11.570857
v 2.013682 -14.404680 12.112298
v 0.209634 -12.506716 11.873982
v 2.635450 -10.950205 12.081343
v 3.182231 -9.023803 12.244623
v 22.654915 -8.399055 11.688132
v 23.892015 -7.041730 11.402011
v 24.470940 -6.545196 11.733828
v 6.248323 -6.012181 11.976023
v 6.927098 -3.842605 11.653949
v 14.457700 -2.796174 11.545301
v 19.637136 -3.572085 12.078917
v 18.224602 -2.983348 11.508116
v 6.279806 -1.722810 12.185446
v 4.728615 -0.850101 11.926986
v 4.238321 -0.141096 12.142922
v 9.458797 0.918161 11.794282
v 5.464004 4.692681 11.970863
v 11.949577 -26.801800 12.419288
v 10.487175 -25.902889 11.528724
v 13.623114 -25.518589 12.392933
v 14.015203 -24.925663 12.430322
v 10.180754 -24.746510 11.784844
v 14.448594 -24.032581 11.867755
v 10.665457 -21.615789 11.994786
v 14.989882 -21.218884 12.004985
v 15.613036 -17.362717 12.247944
v 16.757385 -17.173744 12.288719
v 5.529946 -15.768314 11.767077
v 6.382575 -15.332557 11.345770
v 4.307016 -15.510907 12.490005
v 19.153278 -14.597273 12.313455
v 19.049154 -13.062376 13.051742
v 1.201673 -11.041009 12.478111
v 23.577702 -8.915870 11.890178
v 3.579081 -7.974829 12.674675
v 24.226845 -7.802330 11.706481
v 4.027715 -6.802932 11.918212
v 5.223742 -5.890368 12.482327
v 24.520956 -5.055052 12.149994
v 7.088511 -4.843757 11.932704
v 22.772297 -4.047450 12.008824
v 18.135000 -3.131999 11.795000
v 18.440285 -3.544830 12.444279
v 17.834999 -2.933999 11.795000
v 14.885668 -1.955063 11.988335
v 17.330906 -2.581964 12.031144
v 14.568105 -0.826470 12.664361
v 15.216094 1.132920 12.251488
v 14.667007 2.119598 12.025705
v 11.607711 2.379353 12.221518
v 13.004776 2.792144 11.766138
v 6.554152 4.030103 11.923706
v 14.189380 -21.715311 12.396499
v 5.736054 -19.612875 12.604134
v 14.821888 -19.301132 12.162835
v 19.393757 -15.519538 12.224551
v 4.611610 -15.586315 12.868416
v 21.111570 -12.178630 12.016181
v 0.686254 -11.850371 12.633070
v 22.350838 -12.255780 12.552046
v 23.991396 -8.741472 12.161367
v 25.054207 -7.685672 12.110504
v 20.300472 -4.691098 12.294911
v 21.467016 -4.971714 12.871576
v 17.834999 -3.093999 12.095000
v 17.834999 -3.093999 12.095000
v 17.834999 -3.093999 12.095000
v 9.200393 1.551202 12.209250
v 10.787929 2.055806 12.573258
v 8.039361 1.815514 12.487405
v 14.005505 3.531315 12.204907
v 4.236647 4.459107 12.541460
v 10.612195 -26.362986 12.812752
v 10.041605 -25.585157 12.834517
v 9.584153 -24.336452 12.653051
v 9.869348 -23.212215 12.558041
v 15.279274 -20.638103 12.499866
v 8.988693 -20.733110 12.868808
v 6.468286 -20.134489 12.839362
v 17.597673 -17.121742 12.888438
v 18.835556 -16.538540 12.796613
v 3.016424 -15.319616 12.605618
v 0.632860 -13.299529 12.668891
v 19.922739 -12.235137 13.297555
v 23.366255 -11.735596 12.613052
v 23.777178 -10.684974 12.849184
v 25.400146 -7.377421 12.830698
v 4.054721 -6.670057 13.274115
v 6.590769 -5.125319 12.650950
v 17.764000 -3.093999 12.395000
v 17.801741 -3.104657 13.196106
v 6.035556 -1.769130 12.909635
v 15.323095 -1.325099 13.003797
v 5.581807 -1.084080 12.419359
v 4.660693 1.370799 13.008848
v 3.695072 2.212471 12.605083
v 15.134295 2.049109 12.716108
v 14.928419 3.024890 12.804291
v 7.018281 3.708589 12.875938
v 12.801090 4.173909 12.901508
v 12.740379 -26.218233 13.414546
v 14.196029 -23.353836 12.632126
v 9.698343 -21.371067 12.971793
v 14.877846 -20.684401 13.097123
v 7.889805 -20.371540 13.243989
v 10.823483 -19.937025 12.559814
v 11.774612 -20.244476 12.677011
v 15.270723 -19.505400 12.883065
v 11.605105 -19.252024 12.549805
v 16.226820 -17.853153 12.824439
v 1.965241 -13.983031 12.925644
v 1.613851 -10.318127 12.854428
v 23.838898 -9.289644 12.828834
v 0.808705 -8.655752 12.509426
v 25.089235 -8.340876 13.145283
v 1.019321 -7.664813 12.955784
v 24.850790 -5.453852 12.986977
v 20.906237 -5.109919 12.694722
v 6.217537 -3.658470 12.637930
v 22.443968 -4.351153 12.942818
v 23.281502 -4.254913 12.951672
v 5.902994 -2.435901 13.296428
v 17.207968 -1.969607 12.863394
v 9.721416 2.563737 12.986216
v 7.285414 2.476817 12.738369
v 11.059809 3.121333 12.920606
v 3.726070 3.658232 13.214159
v 14.346926 4.188786 13.152021
v 5.912053 4.657673 12.806130
v 11.590954 5.495916 12.461084
v 11.244296 6.447851 12.418453
v 12.151951 6.140387 12.450453
v 11.540703 -26.520151 13.457546
v 9.470692 -24.911747 13.355287
v 9.736316 -22.204250 13.099029
v 13.705557 -22.841215 13.298332
v 15.989940 -20.507364 13.235940
v 10.474896 -19.322245 12.709182
v 12.185758 -18.884422 12.951317
v 4.930859 -18.858976 13.558239
v 10.903315 -18.458841 13.119245
v 4.811574 -18.265041 12.988001
v 5.164191 -16.828869 13.187481
v 17.101461 -17.418541 13.227655
v 5.147796 -16.439552 12.985965
v 18.682587 -15.136616 13.655125
v 2.630334 -14.503814 13.508464
v 22.767683 -11.731625 13.326429
v 0.728173 -10.035041 12.950541
v 1.816455 -8.830569 12.877507
v 2.476571 -8.939474 12.835677
v -0.418141 -9.074272 12.845430
v 0.003505 -8.227281 12.606911
v -0.084489 -7.541975 13.097051
v 25.181675 -6.644424 13.433312
v 5.372990 -5.146522 13.036147
v 19.852852 -5.261273 12.827256
v 24.250475 -4.627892 13.785030
v 4.987113 -3.687096 13.159290
v 17.257742 -0.721117 13.365895
v 5.348141 0.000037 13.353882
v 15.383272 0.288752 13.133093
v 8.657537 2.545711 13.395822
v 7.766460 3.614665 13.420580
v 12.034885 3.124907 12.810304
v 9.848350 4.114683 12.684075
v 11.728752 4.311831 13.101130
v 9.390182 4.984035 13.133144
v 10.884292 4.908738 12.785454
v 12.366597 5.097632 12.842087
v 10.240505 5.824306 12.931081
v 12.671134 6.870128 13.253418
v 10.994340 7.304356 13.240007
v 11.738272 7.310251 13.084369
v 12.994843 -25.190519 13.588911
v 9.358863 -24.244339 13.783205
v 13.016251 -23.797998 13.442167
v 9.631900 -22.986364 13.899897
v 9.879104 -21.434866 13.555402
v 9.281117 -20.517834 13.442358
v 10.481907 -21.273941 13.743560
v 12.027948 -20.949972 13.602277
v 9.654882 -19.986925 13.528906
v 12.627840 -20.361143 13.549623
v 16.304659 -18.948437 13.279757
v 16.892431 -17.831902 13.514068
v 4.964916 -17.698380 14.033445
v 6.015540 -16.222410 13.721476
v 5.676657 -14.740679 13.992629
v 3.394311 -14.667198 13.909729
v 4.570593 -14.641801 13.791778
v 1.216314 -12.366945 13.264557
v 2.340589 -12.539798 13.666145
v 20.651705 -12.147838 13.549438
v 1.257573 -11.911235 14.026270
v 21.520370 -11.801570 13.744886
v 23.234802 -9.704399 13.470333
v 23.626839 -9.056486 13.560697
v -0.961452 -8.394637 13.540804
v 1.868940 -8.070911 13.324190
v 2.800498 -8.219092 13.269880
v 3.659208 -7.391678 13.496371
v 1.199977 -6.900503 14.044246
v 4.565171 -6.091984 13.692426
v 21.079800 -5.460217 13.707375
v 18.418116 -4.304207 13.254080
v 18.077257 -1.194410 13.983061
v 5.876907 -0.850777 13.726009
v 16.047756 -0.237462 13.482250
v 15.471719 0.940078 14.205752
v 6.489028 3.884317 13.772062
v 5.233341 4.456644 13.631316
v 13.320911 5.576276 13.523666
v 9.885752 -25.307224 14.175205
v 13.662907 -21.732452 13.814946
v 9.954871 -20.728523 13.484643
v 17.358366 -20.845419 13.886559
v 17.292725 -19.904734 13.458426
v 12.715831 -19.190659 13.895345
v 5.808724 -19.531624 13.948144
v 9.939898 -18.043798 13.688560
v 10.607190 -17.528233 13.749401
v 16.777966 -17.450886 13.687785
v 18.319448 -15.773975 13.616024
v 3.503357 -13.229021 14.277925
v 0.458254 -11.136124 13.460836
v 22.951298 -10.850572 13.768761
v 24.527702 -8.442680 14.083573
v 2.598806 -7.658339 14.057059
v 25.225286 -7.534636 13.860303
v 24.505926 -5.203834 14.299546
v 4.834566 -5.260578 13.823532
v 19.937943 -5.507154 13.868524
v 21.637524 -4.525886 14.480290
v 22.616272 -3.893955 14.173816
v 23.437544 -3.961890 14.219345
v 4.389568 -3.383112 14.203231
v 18.082890 -4.013049 14.595490
v 4.141480 2.157532 14.001487
v 15.522404 3.465520 13.673694
v 4.223955 2.951105 14.178278
v 8.549701 4.055835 13.451816
v 15.374898 4.683165 14.258465
v 9.417107 5.679524 13.349450
v 14.646220 5.152504 13.628809
v 9.889224 6.822990 13.706641
v 11.954079 7.513675 14.027966
v 11.627362 -25.806179 14.175931
v 12.896516 -22.885492 14.268888
v 14.104208 -21.265774 14.023171
v 13.224063 -19.749992 14.045761
v 8.194788 -19.442974 14.555408
v 8.823867 -19.364147 14.454029
v 7.479538 -19.246874 14.452607
v 17.814707 -19.295435 14.171602
v 10.288340 -18.683819 13.332392
v 17.147604 -18.571846 13.890771
v 11.773548 -18.087587 13.850254
v 16.887054 -16.158741 13.911532
v 17.392685 -15.598428 14.385473
v 18.359474 -15.430747 14.404962
v 15.446212 -13.384674 14.052096
v 19.408840 -13.401703 14.164944
v 21.603813 -11.485317 13.920863
v -0.452412 -10.251893 13.670058
v 22.288187 -9.098554 13.784776
v 22.710258 -8.550447 13.949907
v -0.504049 -7.401620 13.882911
v 3.345194 -6.080146 13.998363
v 24.745192 -6.599524 14.616326
v 20.728062 -5.414155 14.304906
v 18.011671 -2.832563 14.318453
v 17.419771 -0.275881 14.149857
v 5.068264 0.834591 14.189451
v 14.742730 5.737129 14.351885
v 8.833823 6.891954 14.719562
v 13.397820 6.093654 14.196392
v 12.595010 7.078759 14.442437
v 10.548450 -25.413616 14.676760
v 12.331913 -24.304920 14.643394
v 10.077767 -22.508650 14.696878
v 10.587588 -22.156086 14.978491
v 11.253840 -21.616148 14.707158
v 16.552944 -21.236759 14.064662
v 15.152574 -21.014017 14.313693
v 18.089453 -20.180099 14.696543
v 5.287906 -18.554165 14.464859
v 12.077044 -18.006994 14.942579
v 16.694265 -18.012676 14.908215
v 9.583321 -17.654358 14.559226
v 6.280966 -16.840067 14.891136
v 11.194010 -17.206802 14.512793
v 6.345114 -15.850237 14.261924
v 14.916547 -14.682323 13.924644
v 16.050026 -14.550604 14.092147
v 19.047747 -15.012955 14.620811
v 5.665759 -13.468898 14.220537
v 4.893584 -12.993307 14.229219
v 14.447847 -13.453231 14.121873
v 20.927151 -12.438384 14.415664
v 2.592711 -12.012057 15.175477
v -0.340134 -11.027328 14.219174
v -1.162479 -9.333057 14.180852
v 22.158979 -8.321114 14.447822
v -0.825000 -7.893999 14.195001
v -0.599000 -7.593999 14.195001
v 3.001334 -6.798203 14.241358
v 0.660856 -6.923384 14.501835
v 1.626195 -6.264540 14.202338
v 3.989742 -5.437426 14.253212
v 2.188024 -5.126714 13.888920
v 4.070322 -4.801012 14.225492
v 2.844240 -3.945130 14.541241
v 18.473274 -4.585453 14.942121
v 5.147945 -1.861457 15.528283
v 5.612367 -1.085018 15.077954
v 4.761017 3.276075 14.382152
v 7.104653 3.822989 14.024167
v 11.000556 7.453707 14.450946
v 10.098229 -24.353657 14.905740
v 12.695740 -21.579052 14.293615
v 13.618053 -20.667553 14.672723
v 14.040268 -20.985352 14.573304
v 16.579126 -21.461601 14.824989
v 6.580377 -18.928364 14.980741
v 17.721474 -18.871376 15.130934
v 10.244038 -17.206705 15.021068
v 16.374403 -16.710464 14.810004
v 16.063356 -15.659121 14.433196
v 6.248672 -15.070600 14.722526
v 6.485762 -14.260100 14.815348
v 6.223664 -13.432700 14.809841
v 13.981495 -13.057773 14.843967
v 20.853075 -13.781343 15.034761
v 3.664473 -12.853086 14.674508
v 14.835416 -12.739630 14.748741
v 21.124462 -12.077712 14.723503
v 0.393807 -11.577726 15.482024
v 20.795748 -10.969103 14.582060
v -1.450909 -10.889265 14.634656
v 21.658167 -9.917512 14.119035
v 23.501217 -7.757903 15.036800
v -0.765000 -7.893999 14.495001
v -0.765000 -7.893999 14.495001
v -0.765000 -7.893999 14.495001
v -0.344528 -7.585685 14.845805
v 24.543953 -7.202099 14.819013
v 1.183600 -4.960331 14.636474
v 19.710394 -4.901598 14.965774
v 24.349396 -4.671780 15.324232
v 1.379581 -4.335212 14.957873
v 22.324358 -4.291573 15.157457
v 3.412578 -3.035342 14.592987
v 18.233086 -1.321106 14.976910
v 17.120716 -0.059877 14.875128
v 16.143463 0.742437 14.946306
v 16.167608 2.115161 14.818247
v 6.638922 3.109980 14.771008
v 15.654886 3.748556 14.597837
v 7.648056 4.125341 14.549527
v 13.071745 6.101757 14.932027
v 11.715276 -25.084877 14.870566
v 16.156168 -21.216463 15.532297
v 17.475527 -20.982594 15.527023
v 13.680217 -19.923138 15.555749
v 13.246741 -19.126886 15.013614
v 9.076888 -18.937384 14.679489
v 6.265214 -18.227051 15.195421
v 15.338267 -15.897573 14.370994
v 16.767010 -15.878718 15.018349
v 14.073598 -15.396358 14.887107
v 16.523012 -13.565100 14.750563
v 13.506732 -14.260537 14.474859
v 19.765524 -14.260880 14.957636
v 13.331858 -13.312200 14.797657
v 5.426597 -12.441668 15.238936
v 15.848928 -12.727036 14.885163
v 1.277428 -11.922591 15.521287
v 21.396626 -8.923236 15.245204
v -1.094041 -8.583102 14.821236
v -0.765000 -8.129999 14.795001
v 0.583340 -7.245396 15.052625
v 1.046395 -6.242004 15.042697
v 21.293264 -4.480094 15.030436
v 4.701685 -2.436160 15.119773
v 4.672938 0.596368 14.920369
v 3.937863 1.907220 14.710587
v 4.552835 2.969743 15.088782
v 16.258709 2.858620 15.293141
v 8.097425 5.048414 15.436720
v 15.334552 5.115337 15.183097
v 8.543366 5.710747 15.134773
v 9.274870 7.554544 14.950270
v 10.087853 7.800407 15.213990
v 11.461605 -24.392717 15.150148
v 10.961449 -23.643126 15.132158
v 14.582511 -20.718552 15.735664
v 17.849560 -19.574507 15.705686
v 12.242269 -17.457495 15.497501
v 6.528055 -17.219004 15.419466
v 11.969472 -16.496637 15.060592
v 13.533420 -16.102240 15.231944
v 17.069101 -15.615070 15.282743
v 12.975766 -14.835615 14.807940
v 19.154629 -15.359798 15.413417
v 12.429082 -14.513363 15.026440
v 3.894794 -12.326139 15.903649
v -0.978603 -11.513535 15.183678
v -1.885956 -10.693483 15.271527
v -2.093086 -10.031596 15.691256
v -1.710871 -9.106584 15.269096
v 21.748825 -8.472073 15.693438
v -0.301092 -8.354053 15.653605
v 24.941599 -5.583529 15.679844
v 18.972754 -4.681215 15.326764
v 2.075895 -3.477856 15.711411
v 2.801448 -2.665246 15.394691
v 3.739507 -2.151472 15.716163
v 13.942261 -1.337072 15.196190
v 14.766253 -0.590302 14.927556
v 13.627825 -0.360803 14.869897
v 14.299046 0.362490 15.004861
v 13.645447 0.670075 15.321268
v 16.571999 0.095346 15.268489
v 4.113770 2.782762 15.202369
v 14.471420 5.858514 15.323506
v 8.568532 6.714888 15.600725
v 11.835444 -22.579504 15.193474
v 9.552829 -18.527023 16.206139
v 13.676192 -18.438759 15.682683
v 11.436617 -17.441530 15.531617
v 16.035461 -16.651449 15.047449
v 11.099130 -15.250113 15.118488
v 6.181917 -15.968247 16.127062
v 18.357681 -15.697190 15.693031
v 19.836260 -14.529470 16.044931
v 21.364632 -13.180189 15.691351
v 14.816570 -12.539025 16.072588
v 15.870862 -12.454601 16.274742
v 21.221704 -12.091404 16.003389
v 20.180540 -9.511257 15.843712
v 24.589277 -6.875771 16.130106
v 0.970611 -5.320008 15.798079
v 20.646154 -4.142838 15.736135
v 17.863834 -2.759785 16.264395
v 13.109642 -0.881966 15.342405
v 15.348162 0.621998 15.768217
v 3.389526 0.794534 15.330651
v 16.268057 2.148097 15.886608
v 3.242963 2.829869 16.218872
v 12.221106 2.831411 15.305821
v 5.871788 2.805626 15.391764
v 8.500000 5.606001 15.395000
v 10.628209 7.603731 15.939156
v 15.536656 -20.423389 16.148252
v 7.756365 -19.581495 15.929798
v 8.765562 -19.349449 16.185032
v 16.325645 -18.252289 15.537313
v 13.678680 -17.133219 15.695163
v 11.502972 -17.219296 15.825397
v 6.346235 -15.492245 16.582350
v 18.844387 -15.460521 16.183393
v 10.400190 -15.069029 16.000675
v 6.660440 -14.298695 16.144665
v 16.781733 -14.489401 16.131445
v 12.364959 -13.142679 15.771776
v 16.835524 -13.430808 16.540796
v 11.323121 -13.169835 15.756783
v 6.240474 -12.713907 16.089869
v 13.698645 -12.490644 16.577961
v -0.581037 -11.547723 16.251894
v -1.501492 -11.033885 16.359394
v 20.160265 -10.781823 15.674666
v 2.305818 -7.842723 15.619451
v 1.295070 -7.303102 15.516063
v 23.720285 -7.400523 16.420862
v 1.682681 -3.804223 16.288008
v 23.405405 -4.263164 16.169247
v 14.716567 -2.187812 15.766194
v 12.946778 -1.308012 16.203180
v 17.512793 -0.722639 15.788681
v 15.804331 -0.062065 15.693085
v 12.708631 -0.213644 15.824944
v 3.914918 -0.267788 16.236532
v 13.797866 0.987559 16.023880
v 15.929131 0.934382 15.570168
v 2.843374 1.783343 15.838757
v 12.933378 1.840350 15.623173
v 11.047585 2.704218 15.481750
v 7.385682 3.698925 16.117872
v 11.151885 3.982279 15.755844
v 12.447102 5.192987 15.800617
v 12.640998 4.729836 15.884605
v 8.535000 5.606001 15.695000
v 8.535000 5.606001 15.695000
v 8.583000 5.906001 15.695000
v 9.417393 7.464457 16.212938
v 16.645046 -20.396925 16.391586
v 14.422475 -19.633781 16.351368
v 7.186626 -19.329132 16.300642
v 6.616194 -18.291964 16.637285
v 15.290139 -17.389450 15.754263
v 6.690610 -16.969215 16.493837
v 10.896117 -17.546690 16.027525
v 17.541510 -14.973999 16.818003
v 20.707781 -14.006275 16.283066
v 10.803673 -13.601896 15.821798
v 5.447849 -12.074271 16.708015
v 2.673617 -11.384270 16.244223
v -1.767424 -9.766556 16.559486
v -1.359783 -8.864120 16.143381
v 1.968450 -8.644093 15.784510
v 1.132284 -8.105622 15.671228
v 2.869506 -8.203180 15.913548
v 20.930815 -8.215579 16.509478
v 22.823133 -8.215101 16.372477
v 2.816617 -6.832352 16.436148
v 1.451382 -6.591838 15.834047
v 24.351780 -4.805714 16.316687
v 19.854897 -4.120148 16.542334
v 22.155340 -4.460590 16.167761
v 21.243542 -4.138277 16.524780
v 3.154414 -2.469047 16.343906
v 13.686072 -2.535733 16.130098
v 17.778961 -2.171333 15.943091
v 4.113477 -1.717871 16.191494
v 5.349524 -0.844356 15.546022
v 2.897439 0.627359 16.390911
v 11.484515 1.763339 15.529402
v 5.946571 2.880804 16.557747
v 13.548926 3.232303 16.266539
v 4.522512 3.306468 16.706556
v 14.809469 5.274119 15.917159
v 8.312960 4.660901 16.480639
v 11.765292 5.483957 15.906219
v 8.535000 5.309001 15.995000
v 8.535000 5.606001 15.695000
v 8.952626 6.081574 16.462851
v 11.614655 6.849796 15.513680
v 7.972709 -19.224287 16.968611
v 17.164312 -19.154257 16.153318
v 11.143597 -16.944483 16.272627
v 21.004478 -13.439185 16.659327
v 11.091336 -12.507070 16.383471
v 13.277785 -12.452151 17.150454
v 4.372369 -12.033293 17.211868
v 0.944267 -10.768558 16.466408
v 19.885710 -10.455286 17.326963
v 2.149100 -9.115619 16.191002
v -0.521998 -8.807724 16.605368
v 3.387123 -7.841090 16.645924
v 1.787874 -6.212035 16.683725
v 24.661425 -5.949318 16.537563
v 1.426959 -5.381920 16.827026
v 18.578003 -3.469250 17.040817
v 2.069119 -3.606021 16.982779
v 14.985665 -2.762261 16.741262
v 15.942006 -2.096880 16.676008
v 17.058254 -1.822397 16.525412
v 4.251870 -0.914627 16.322914
v 16.546696 -0.783657 16.172737
v 12.891086 0.544148 16.418718
v 11.680634 0.770913 16.309172
v 12.505941 0.913177 15.904745
v 13.616653 1.291241 16.315577
v 14.705219 1.689741 16.930166
v 15.660652 1.876882 16.631870
v 10.143300 2.569422 16.634077
v 14.067277 2.579351 16.878130
v 16.007481 2.935828 16.268335
v 13.475830 4.798985 16.353575
v 10.354739 4.921735 16.470192
v 14.123030 5.259387 16.265924
v 9.296093 5.210273 16.662403
v 15.026216 -19.113831 16.427223
v 16.006845 -19.194340 16.272898
v 10.239502 -18.217052 17.404238
v 10.109564 -15.261150 17.082573
v 18.723455 -14.970602 16.804878
v 7.430363 -14.930430 17.319025
v 10.211418 -13.015520 16.461090
v 6.734649 -12.600628 16.743645
v 15.677313 -11.847239 16.616974
v 6.234561 -11.802615 17.223488
v 3.568238 -11.796068 17.027203
v 2.534368 -10.728525 16.577353
v 0.636692 -8.989372 16.468178
v 3.010307 -8.970749 16.927916
v 21.087370 -7.427609 17.704329
v 22.368374 -8.097960 17.136290
v 22.302277 -4.810021 16.880629
v 13.055390 -2.337152 16.864407
v 4.606492 -2.215705 17.008177
v 12.708311 0.259633 16.814775
v 3.252964 0.369682 17.082605
v 2.780007 1.787729 17.131477
v 7.955245 3.447380 16.869780
v 14.401960 3.790915 16.397173
v 15.282596 4.067962 15.894857
v 10.971213 6.656552 16.636787
v 9.806493 6.713406 16.912653
v 7.229947 -18.575687 17.154484
v 9.025921 -18.493841 17.222706
v 7.567947 -16.959850 17.648266
v 11.018834 -17.055012 17.263988
v 10.678078 -16.088390 17.573605
v 19.217752 -13.838135 17.138409
v 18.485620 -13.349920 17.462421
v 20.269602 -13.401469 17.194742
v 21.054754 -12.457064 16.758331
v 16.888838 -12.404829 17.451469
v 12.404005 -12.401446 17.310125
v 13.785932 -11.741126 17.254873
v 20.210979 -11.317169 16.699354
v 16.052595 -10.786899 16.785318
v -0.363568 -10.533739 17.173475
v 14.942534 -10.318468 17.045574
v 20.304602 -8.919944 15.930358
v 3.367279 -7.729064 17.209148
v 24.059748 -5.771309 17.114981
v 1.495935 -4.433192 17.742151
v 20.316841 -4.248242 17.463133
v 3.379164 -3.072325 17.511774
v 14.483296 -2.985902 17.568687
v 17.299095 -2.388913 17.425434
v 10.189028 2.054519 16.734093
v 9.057908 1.971659 16.864780
v 15.345192 3.003723 16.776138
v 8.978671 4.150332 17.085695
v 10.480699 6.010784 16.895514
v 7.213399 -16.006577 17.274239
v 9.476774 -13.204813 17.224165
v 17.886503 -12.907368 17.418253
v 9.908893 -11.205625 17.725288
v 3.736573 -10.448532 17.905317
v 15.714628 -9.944944 17.258114
v -0.556241 -9.399954 17.121574
v 23.531530 -6.726216 17.172369
v 16.612873 -2.489204 17.711369
v 12.957255 -1.266428 17.727808
v 4.362323 -0.017611 17.709562
v 11.652989 0.490929 17.849594
v 10.948624 0.879894 17.229588
v 8.508715 2.874892 17.083738
v 3.573427 2.749415 17.505634
v 5.182732 2.219774 18.179907
v 6.833611 2.365517 17.666965
v 10.043945 3.571562 17.005249
v 7.981178 -17.515423 17.706903
v 10.436786 -17.552273 17.970707
v 7.812250 -13.319598 17.518084
v 20.264231 -12.483733 17.250664
v 19.596455 -11.924632 17.331371
v 11.242829 -11.596510 17.291798
v 5.939492 -11.049273 17.773703
v 17.229675 -10.852286 17.656057
v 19.379553 -9.406727 17.778730
v 19.881651 -8.059243 17.928095
v 1.776729 -6.236707 17.954885
v 23.472441 -4.951711 16.997314
v 1.317673 -5.283568 18.029734
v 13.886702 -2.655929 18.054831
v 15.576913 -2.280395 18.067940
v 3.313879 1.203715 17.850475
v 9.913813 0.417268 17.794712
v 8.686094 1.063709 17.515488
v 4.673167 2.663621 17.824316
v 9.289494 -15.294465 17.697500
v 8.333755 -14.495944 17.772066
v 9.670749 -14.278624 17.488029
v 8.524339 -13.112607 17.663860
v 7.090370 -12.369886 17.911604
v 9.082811 -12.181573 17.833359
v 13.426415 -11.251899 18.074390
v 18.015471 -11.454296 17.875055
v 9.541140 -10.801952 18.137886
v 19.099026 -11.107693 17.925825
v 4.882757 -10.786618 17.979273
v 11.742471 -10.691620 17.837029
v 10.874494 -10.226816 18.178333
v 14.743241 -9.801880 18.029251
v 15.978218 -9.649908 17.801775
v 3.089755 -8.688076 17.684198
v 2.918657 -7.172654 17.975618
v 22.641850 -7.344994 17.661863
v 22.622713 -6.337384 17.770018
v 21.892397 -5.544295 17.608572
v 18.407795 -2.996954 18.156298
v 4.761974 -2.643982 18.885759
v 18.135000 -2.973999 17.795000
v 17.955999 -2.793998 17.795000
v 13.401186 -2.059548 18.210934
v 5.344501 -1.009479 18.009995
v 12.680967 -0.378124 18.099054
v 3.725887 2.099637 18.021437
v 7.816251 1.764142 17.848677
v 9.411194 -17.574314 18.268744
v 8.645441 -11.551154 18.654324
v 12.638654 -11.268526 18.071159
v 18.242777 -10.209053 18.225594
v 16.358843 -9.209869 18.334934
v 21.390041 -6.715013 17.943754
v 2.436066 -6.519285 19.023607
v 20.593628 -4.644746 17.962704
v 2.166840 -3.758703 18.768497
v 20.138300 -3.816998 18.840910
v 19.187916 -2.929419 18.581537
v 18.135000 -2.793998 18.094999
v 18.135000 -2.793998 18.094999
v 17.691368 -1.827485 18.504814
v 18.135000 -2.793998 18.094999
v 5.317853 -2.106051 18.421347
v 13.271066 -0.933516 18.335373
v 8.758015 0.652710 18.320017
v 4.617987 1.294955 18.569870
v 9.222631 -16.589714 18.395563
v 10.069473 -16.456356 18.270472
v 7.787428 -11.895943 18.658081
v 13.757827 -10.949683 18.709055
v 3.818714 -10.036455 18.463730
v 11.686181 -9.988013 19.076401
v 14.969311 -9.845964 18.996651
v 18.596064 -9.733983 18.277294
v 15.298564 -9.554561 18.490311
v 17.885990 -9.656672 18.553122
v 2.926799 -8.679447 18.819210
v 2.948069 -7.328196 18.953655
v 20.268055 -6.700727 19.039221
v 1.974836 -4.170216 19.141657
v 19.609173 -3.158720 19.189316
v 18.237062 -2.298941 18.503635
v 18.212000 -2.493999 18.395000
v 16.952980 -2.029343 18.801153
v 5.577052 -1.165388 19.110556
v 4.714309 0.457502 18.820333
v 12.073980 -0.148257 18.533663
v 10.740579 0.033754 18.526257
v 6.143640 2.211891 18.598978
v 6.864451 -10.939453 18.891245
v 12.773653 -10.912574 18.635151
v 6.235450 -10.631142 19.506287
v 16.997141 -8.879233 19.360796
v 18.587992 -9.017243 19.303001
v 19.534016 -7.421164 19.012768
v 20.811850 -6.237651 18.358343
v 2.051224 -5.120623 19.532227
v 20.096962 -5.770936 19.220194
v 20.235001 -4.097999 18.695000
v 3.276457 -2.861213 19.087059
v 14.617064 -1.733202 18.832548
v 18.458939 -1.563669 18.607683
v 11.402228 -0.606481 19.348398
v 7.028039 1.716613 19.139996
v 7.836995 -11.503645 19.250040
v 9.680398 -10.474322 18.952095
v 10.886220 -10.002295 19.350624
v 3.462379 -9.917812 19.211285
v 15.331980 -9.345459 19.695599
v 20.273001 -4.593998 18.995001
v 20.235001 -4.293999 18.995001
v 20.235001 -4.293999 18.995001
v 20.235001 -4.293999 18.995001
v 4.275636 -2.649663 19.734264
v 5.292998 -2.158213 19.365871
v 19.394106 -2.491985 19.142210
v 16.326244 -1.912192 19.133015
v 19.399031 -0.981022 19.051231
v 14.156348 -0.385939 19.366512
v 17.801735 -0.152847 18.995384
v 12.641418 -0.238919 19.000593
v 9.999354 0.183686 19.109407
v 8.212458 1.179824 19.186495
v 5.698209 1.793204 19.497761
v 9.189057 -11.078270 19.863989
v 14.078037 -11.266502 19.925261
v 15.886463 -8.879966 19.299004
v 20.138000 -4.593998 19.295000
v 2.160980 -2.963713 19.590580
v 15.409760 -1.742008 19.540163
v 15.156669 -1.022793 20.297970
v 17.183098 -0.403455 19.469959
v 13.552698 0.064258 19.946413
v 18.941738 0.521840 18.922201
v 4.818940 0.309136 19.850723
v 5.159170 1.382358 19.824778
v 18.671421 1.279052 19.315516
v 13.178392 -11.397748 20.196270
v 10.877294 -10.320292 19.924644
v 14.821385 -10.731251 19.737093
v 16.798454 -7.977420 20.022240
v 18.559275 -8.209400 20.173506
v 2.358269 -6.266355 20.227457
v 19.621733 -2.293707 19.682358
v 2.573026 -2.344915 20.002577
v 5.135564 -1.226213 20.048906
v 20.205164 -1.318844 19.977139
v 11.046649 -0.459389 20.004776
v 20.318678 0.494442 19.892649
v 17.291876 0.787335 19.511002
v 9.675203 0.925424 19.994078
v 19.733030 1.409765 20.017500
v 8.652565 1.587352 20.636824
v 1.450809 -10.777635 19.731079
v 2.294030 -11.510560 19.979990
v 7.347626 -11.210356 21.028671
v 8.845466 -11.424019 20.581522
v 2.922527 -10.234616 19.679855
v 4.085402 -9.891762 20.148640
v 4.800076 -9.814906 19.511978
v 2.519911 -8.416842 19.546604
v 19.041967 -8.130651 19.699675
v 2.179507 -7.287642 19.978933
v 20.272221 -6.851153 19.963116
v 19.899086 -5.246632 20.018307
v 19.478559 -4.585834 20.432709
v 15.535094 -0.996877 20.379566
v 16.520132 -0.419770 20.518763
v 20.535929 1.132027 20.118093
v 18.136814 1.590973 19.806570
v 1.460477 -12.006039 20.473444
v 3.855331 -10.507723 20.907589
v 11.385279 -10.983624 20.613516
v 12.053168 -10.867306 20.281080
v 14.916360 -10.522813 20.741650
v 1.437538 -8.227582 20.098564
v 19.295929 -8.054209 20.352728
v 1.499902 -3.880543 20.304058
v 19.498373 -2.928806 21.287512
v 3.383814 -1.643397 20.983648
v 21.286407 -0.226060 20.141380
v 10.662848 0.157843 20.487871
v 12.320061 -0.070812 20.609558
v 17.126188 1.227977 20.384161
v 5.005000 1.406002 20.195000
v 8.062767 1.617065 20.289268
v 5.612917 2.041900 20.369473
v 6.865028 1.833898 20.657221
v 2.764803 -11.878413 20.585699
v 0.707973 -11.595305 20.702143
v 10.525640 -11.719708 20.844625
v 13.903769 -11.051450 21.173662
v 0.486727 -10.439376 20.579117
v 4.977921 -10.183886 21.417408
v 1.309050 -9.386332 20.285473
v 15.514952 -7.700363 21.630836
v 16.329170 -7.569901 21.196348
v 17.741863 -7.718940 20.946180
v 20.774101 -6.895599 20.790092
v 20.790222 -5.759696 21.374575
v 1.685023 -2.842330 20.600193
v 4.494948 -1.514066 20.576216
v 20.340149 -2.037568 21.233925
v 21.531494 -1.068392 20.475302
v 11.402115 0.391077 21.083319
v 21.228561 1.139436 21.041763
v 10.324943 1.407354 20.577040
v 4.805000 1.406002 20.495001
v 4.935000 1.706002 20.495001
v 4.935000 1.706002 20.495001
v 18.932465 1.970706 20.574911
v 9.780310 -11.978512 21.325274
v 12.407357 -10.819396 21.157192
v 5.797287 -10.127645 21.218929
v 0.839711 -9.377149 21.182465
v 14.963929 -8.717159 21.472792
v 0.876879 -7.921247 20.869438
v 19.992920 -8.189492 21.442245
v 20.030001 -7.893999 20.795000
v 20.385000 -7.593998 20.795000
v 1.614113 -3.686935 21.263422
v 2.748089 -2.072827 21.437281
v 21.216974 -1.850427 21.376490
v 15.748579 -0.825291 21.005869
v 22.038523 0.013225 20.996437
v 4.473400 2.070415 21.084799
v 4.935000 1.706002 20.495001
v 10.038567 2.360689 21.062803
v 5.235000 2.006001 20.511999
v 20.178015 2.592141 20.973190
v 5.942343 2.651094 21.148844
v 19.059151 2.838005 21.552792
v 1.899769 -12.257959 21.531960
v 11.632546 -10.938860 21.538177
v 18.964331 -8.313530 21.935671
v 20.235001 -7.893999 21.094999
v 20.235001 -7.893999 21.094999
v 20.235001 -7.893999 21.094999
v 20.779924 -7.442223 21.671522
v 1.640095 -6.696643 21.356274
v 1.918442 -4.770202 21.562103
v 19.752808 -4.822572 22.172323
v 19.495028 -3.597538 21.643913
v 1.986864 -2.918748 21.509100
v 22.103098 -0.926530 21.686575
v 3.963459 0.064533 20.869072
v 13.962828 -0.341641 21.310829
v 17.068357 0.522994 21.798418
v 11.164742 1.553950 21.382719
v 18.125700 1.762881 21.390911
v 8.256768 1.857610 21.845846
v 10.615685 2.253649 21.467907
v 21.158535 2.146131 21.702929
v 9.300601 2.478540 21.570957
v 5.093151 2.773292 21.659487
v 3.303087 -11.576048 21.718540
v 0.405577 -10.741791 21.639893
v 0.867993 -7.998256 22.111105
v 20.235001 -7.957999 21.395000
v 16.266056 -7.311119 21.953640
v 3.051975 -1.419568 21.484430
v 3.241802 -0.172071 21.418861
v 12.693577 -0.617493 21.763010
v 15.253504 -0.242837 22.546679
v 11.735350 -0.080639 22.169777
v 3.934608 0.956165 21.793772
v 7.416734 1.812330 21.907318
v 6.539668 2.565305 21.861927
v 20.143167 2.990511 21.811775
v 0.965625 -11.567817 22.180304
v 10.888638 -11.623466 22.194262
v 9.588883 -11.892073 22.149429
v 7.015224 -11.563940 22.193092
v 4.959525 -10.949416 22.595255
v 12.078018 -10.063526 21.929243
v 14.146483 -10.005078 21.880447
v 1.119959 -9.243690 22.557526
v 18.003321 -7.738276 22.446060
v 1.624419 -6.857762 22.217983
v 2.907365 -0.025177 22.082373
v 16.548922 0.434408 22.683268
v 21.927382 0.132998 22.115732
v 18.094860 0.923830 22.684553
v 18.525429 2.352992 22.539713
v 5.769229 2.816282 22.216564
v 2.627992 -11.677608 22.558937
v 8.555206 -11.535728 22.286371
v 4.181772 -11.490232 22.407578
v 1.143995 -9.992263 22.746063
v 20.936823 -6.690871 21.885933
v 1.688148 -5.705659 22.392160
v 2.946324 -3.662043 22.435532
v 19.516838 -2.573897 22.397562
v 2.997386 -1.860728 22.053375
v 20.105330 -1.951075 22.215965
v 21.435675 -1.392789 22.448723
v 14.018217 -0.254510 22.334486
v 4.369461 2.239227 22.044321
v 19.210991 2.916906 22.375820
v 20.812164 2.633975 22.136074
v 7.641222 -11.623303 23.079937
v 5.906215 -10.933816 22.618099
v 14.055371 -9.665306 22.424183
v 14.764841 -9.082446 22.751863
v 15.273622 -7.875214 22.666275
v 19.685129 -7.764699 22.817234
v 2.771033 -0.863221 22.777393
v 12.477583 -0.429249 22.609709
v 11.646126 0.601428 22.628498
v 4.110194 1.140727 22.700644
v 9.381561 2.599577 22.711840
v 3.885002 -11.604145 23.288830
v 11.177390 -10.411146 23.157021
v 5.696678 -10.761068 22.939388
v 12.179338 -9.812428 22.706337
v 16.924095 -7.364550 22.909035
v 20.174776 -6.922359 22.987690
v 2.174210 -5.536000 23.400036
v 2.733442 -4.363514 23.000950
v 19.652048 -1.591183 22.613832
v 3.199316 0.172394 23.354240
v 21.289865 0.923660 22.385490
v 17.726488 0.594814 23.039270
v 11.741447 1.540322 23.048517
v 8.268300 1.682798 23.093193
v 20.956291 1.862955 22.900904
v 5.130004 2.158620 23.019321
v 11.162134 2.478424 23.068232
v 10.231450 -11.459341 22.858456
v 1.795574 -11.000608 22.892508
v 13.602060 -9.603004 23.282793
v 14.496583 -9.580143 23.038786
v 1.866702 -7.787757 23.117882
v 16.325502 -7.579782 23.215551
v 20.523106 -6.021966 22.563360
v 19.131800 -3.165467 23.134899
v 3.620463 -2.977222 23.535810
v 20.854769 -0.924755 23.013811
v 21.420574 -0.474669 22.846672
v 7.170356 1.613833 22.727283
v 6.065874 2.025154 23.156321
v 10.248023 2.853347 23.525829
v 2.790868 -11.276367 23.681581
v 7.003549 -11.111873 23.674404
v 9.123702 -10.830819 23.297480
v 10.536306 -10.350050 23.367325
v 1.868604 -10.016928 23.440968
v 5.060210 -10.269278 23.448492
v 4.827762 -9.043091 23.036791
v 3.102731 -8.827452 23.791796
v 6.217711 -8.407176 22.966957
v 5.897121 -7.560776 23.151770
v 15.969003 -8.066030 23.636692
v 18.639248 -6.834756 23.245495
v 19.456091 -5.449934 23.196888
v 3.417242 -3.643260 23.842304
v 19.338516 -3.807129 23.965124
v 3.364522 -1.606088 23.514959
v 20.446472 0.220623 23.085257
v 12.905955 -0.533138 23.439880
v 11.849605 0.410479 24.035391
v 16.339680 0.470014 23.610664
v 18.712618 0.720185 23.197077
v 5.187892 0.864846 23.446220
v 19.165983 2.150392 23.321436
v 20.159798 2.619517 23.002838
v 5.903302 -10.049723 23.442635
v 10.748136 -9.451828 23.865591
v 8.952063 -8.776105 23.396370
v 9.665312 -8.552094 23.288609
v 6.660915 -7.578136 23.679205
v 5.088302 -7.790337 23.163170
v 16.940523 -5.884651 23.816044
v 18.789230 -5.776999 23.701962
v 10.969211 -3.507237 23.332233
v 9.556061 -3.633455 23.420422
v 12.113701 -3.495073 23.568026
v 10.149454 -2.884009 23.146885
v 9.600652 -2.515623 23.416349
v 18.764090 -2.637738 23.249096
v 18.859709 -0.898001 22.864685
v 3.476694 -0.552591 23.911833
v 18.315365 -0.083662 23.396849
v 15.150932 -0.392606 23.835167
v 6.898057 0.356143 23.231932
v 6.133230 0.071588 23.759962
v 17.527250 0.204123 23.825186
v 20.109312 1.520650 23.561892
v 8.784142 2.092295 23.851440
v 11.426032 2.037094 23.992023
v 9.540402 2.590134 24.075491
v 8.223523 -10.439465 24.097387
v 2.662896 -10.147805 24.123915
v 11.348172 -10.026321 23.918926
v 9.326344 -9.469730 23.393881
v 13.585419 -10.044833 24.739973
v 15.705819 -9.489710 23.859982
v 3.896278 -8.866829 23.701666
v 7.266708 -8.870587 24.107647
v 10.648415 -8.522614 23.945503
v 2.763052 -6.923673 24.066381
v 9.855213 -7.699674 23.883694
v 15.886510 -6.801194 24.151861
v 5.007144 -6.809263 23.892965
v 5.596559 -6.676910 24.183706
v 2.312700 -4.598242 24.500153
v 19.237602 -4.726289 24.203415
v 11.240540 -4.650586 23.661953
v 12.175867 -4.518238 23.785189
v 10.422483 -4.375620 23.884508
v 12.760773 -3.849134 24.254725
v 11.627478 -1.797113 23.975410
v 10.702971 -1.427022 23.983072
v 12.448252 -0.152728 24.327559
v 3.281875 -10.930259 24.109734
v 7.382357 -10.159401 24.237480
v 3.845103 -9.798771 24.154032
v 12.150288 -10.156814 23.757742
v 14.760795 -10.221951 24.410133
v 8.099220 -8.909525 24.034054
v 3.730522 -7.172807 24.208691
v 7.169098 -8.016857 24.523478
v 8.750991 -7.775286 24.078930
v 2.205802 -5.566955 24.809811
v 3.965406 -3.642452 24.653482
v 12.278162 -2.894871 24.015703
v 4.611609 -2.891925 24.876753
v 8.896750 -2.328641 24.017437
v 17.859951 -2.478172 24.025219
v 4.174970 -1.568562 24.143778
v 14.949182 -0.538013 24.513876
v 4.223588 0.298687 23.877632
v 4.938793 -0.442597 24.373129
v 7.420347 -0.104105 23.776745
v 16.442095 -0.004596 24.350519
v 3.966100 -10.518740 24.133715
v 11.566635 -9.974738 24.968441
v 14.383801 -10.146857 24.865095
v 15.986745 -8.785541 25.153614
v 7.907816 -8.180614 24.669767
v 5.122947 -6.212946 24.996510
v 17.425547 -4.891406 24.993713
v 18.374798 -5.363863 24.498934
v 10.935000 -5.358998 24.395000
v 10.635000 -5.193998 24.395000
v 10.635000 -5.193998 24.395000
v 10.635000 -4.893998 24.177000
v 9.070146 -3.975512 24.233967
v 2.912506 -4.146145 24.858475
v 8.432000 -3.093998 24.395000
v 8.235000 -2.793998 24.395000
v 8.235000 -2.793998 24.395000
v 8.235000 -2.793998 24.395000
v 17.126274 -2.785958 24.616953
v 4.628825 -2.145160 24.852631
v 8.235000 -2.493998 24.349001
v 9.647468 -1.298584 24.693468
v 11.374504 -0.860157 24.736393
v 7.994182 0.000434 24.621910
v 13.742167 -0.138007 24.645346
v 12.402297 -10.189638 25.030785
v 15.412735 -9.741235 25.187145
v 11.190010 -8.860952 25.504721
v 10.816448 -8.112465 24.842663
v 9.359778 -7.304029 25.083986
v 10.062325 -7.438261 24.666441
v 6.054199 -6.599149 25.229136
v 3.008875 -6.177670 25.381006
v 11.103927 -5.580133 24.504025
v 16.506884 -5.437510 25.015991
v 10.635000 -5.193998 24.395000
v 10.335000 -4.893998 24.416000
v 18.801178 -4.429078 24.759890
v 9.555190 -5.387629 25.011721
v 18.709383 -3.542850 24.549582
v 8.235000 -3.093998 24.527000
v 12.279128 -2.036185 25.299902
v 7.862048 -2.354800 24.591360
v 7.821129 -1.230979 25.017559
v 12.028737 -1.197183 25.007511
v 8.382731 -0.755355 24.981518
v 17.797274 -0.831010 24.370193
v 10.947664 -0.632056 24.794615
v 17.092512 -0.430746 24.629192
v 10.719053 1.238254 24.882175
v 6.744322 -7.529504 25.489084
v 11.326122 -7.099190 24.733171
v 11.318717 -6.138104 24.774349
v 3.843145 -6.216385 25.557579
v 17.733290 -3.934397 25.181974
v 12.910131 -3.028596 25.571697
v 16.484177 -2.257324 25.505486
v 5.384741 -1.421880 25.644449
v 15.564304 -0.862622 24.579315
v 16.753994 -1.593026 24.843500
v 15.430334 -1.717819 25.280273
v 7.320401 -0.432850 24.852844
v 12.928703 -0.369354 25.105614
v 6.011112 -0.369815 25.152761
v 14.125432 -0.571271 25.616140
v 8.773061 0.558548 25.161428
v 9.371409 1.776888 24.684774
v 10.462399 1.992172 24.771521
v 15.608389 -7.486375 25.409182
v 15.987874 -6.529017 25.843601
v 9.782917 -6.375175 24.971518
v 5.906746 -6.000119 25.384424
v 5.358588 -5.557008 25.170485
v 12.644047 -5.154298 25.581816
v 6.586236 -4.606312 25.429859
v 3.319837 -4.599471 25.597128
v 4.815125 -4.223170 25.170313
v 8.296869 -4.372848 25.165346
v 6.229148 -3.127088 25.353134
v 17.263491 -3.608994 26.016638
v 7.530136 -2.933357 24.922874
v 9.582007 -0.544886 25.356564
v 10.064949 0.088470 25.411449
v 12.160269 -9.594789 25.729008
v 14.833356 -9.191658 25.962097
v 13.413688 -8.679073 26.104345
v 12.354750 -7.545731 25.791794
v 8.212395 -7.770407 25.647068
v 12.299145 -6.565804 25.920139
v 8.889766 -5.724083 26.197153
v 3.630864 -5.241366 25.870670
v 17.163252 -4.469279 25.751226
v 8.369945 -4.887761 25.877388
v 6.347112 -1.906271 25.953094
v 7.137407 -1.774363 25.680092
v 12.967162 -1.334686 26.000034
v 6.526235 -0.826702 25.627731
v 12.176381 -8.891448 25.941303
v 7.183822 -7.207442 26.273573
v 8.947721 -6.859862 26.146627
v 6.827262 -6.171848 26.407101
v 16.122305 -5.554838 26.249878
v 7.664938 -5.429512 26.509205
v 12.949895 -4.176853 26.258757
v 16.745298 -2.659666 26.693102
v 14.970525 -7.649451 25.912178
v 13.955588 -7.462037 26.160433
v 8.169089 -6.794973 26.560316
v 13.240503 -6.405163 26.353926
v 16.909676 -4.572648 26.919003
v 14.289476 -2.412279 26.757889
v 13.858476 -1.927574 26.233152
v 14.690516 -1.802157 26.061432
v 15.050621 -6.655272 26.696201
v 13.986379 -6.439256 26.757799
v 13.903207 -5.343547 26.868011
v 15.738571 -2.160473 26.703352
v 15.416465 -5.548291 26.986485
v 13.658813 -4.110964 27.044075
v 14.767812 -5.484836 27.255890
v 16.822012 -3.913816 27.952946
v 15.840432 -2.359815 28.094305
v 16.217915 -4.833806 28.289896
v 14.132581 -4.346239 28.206043
v 14.095760 -3.329397 28.298222
v 16.530928 -3.156549 28.373745
v 14.591001 -2.531497 28.060305
v 15.218994 -4.995495 28.447510
v 14.974739 -4.089369 28.954350
v 15.962130 -3.894626 28.914948
v 15.221309 -3.118592 28.920765
vn 0.3866 -0.1723 -0.9060
vn -0.4653 -0.2486 -0.8495
vn 0.2430 0.3619 -0.9000
vn 0.1910 -0.6496 -0.7359
vn -0.4431 0.4290 -0.7871
vn -0.2218 0.8208 -0.5264
vn -0.5238 -0.7749 -0.3537
vn 0.2828 -0.6086 -0.7414
vn 0.3763 0.0608 -0.9245
vn -0.9182 0.1818 -0.3519
vn 0.0579 -0.9539 -0.2944
vn 0.0811 -0.9610 -0.2645
vn -0.9454 -0.3171 -0.0757
vn -0.6153 0.7660 -0.1863
vn 0.3130 0.6806 -0.6624
vn -0.3470 0.0682 -0.9354
vn 0.4082 -0.3474 -0.8442
vn -0.2589 -0.6549 -0.7099
vn 0.4044 0.4082 -0.8184
vn 0.3783 -0.2191 -0.8994
vn 0.1337 -0.7491 -0.6488
vn 0.4219 0.3666 -0.8292
vn 0.2795 0.5994 -0.7500
vn -0.3271 -0.9158 0.2333
vn 0.7568 -0.0065 -0.6536
vn -0.5042 0.2099 -0.8377
vn 0.0799 0.7323 -0.6763
vn 0.3924 0.0755 -0.9167
vn -0.9099 0.3600 0.2060
vn -0.3657 0.6308 -0.6844
vn 0.2007 -0.8870 -0.4158
vn -0.4364 -0.4969 -0.7501
vn -0.1623 -0.8659 -0.4732
vn 0.0781 -0.5220 -0.8494
vn 0.2557 0.7084 -0.6579
vn 0.2813 0.7184 -0.6363
vn -0.8355 0.5306 0.1430
vn 0.3873 0.2903 -0.8750
vn -0.2009 -0.9114 -0.3591
vn 0.3120 -0.7237 -0.6155
vn -0.2812 -0.9344 0.2187
vn -0.8065 -0.3206 0.4968
vn 0.2100 0.6663 -0.7155
vn 0.4546 0.1768 -0.8730
vn 0.0833 0.0929 -0.9922
vn 0.2759 0.5036 -0.8187
vn 0.4297 0.5794 -0.6926
vn 0.2497 -0.2182 -0.9434
vn -0.6531 0.0025 -0.7573
vn -0.2072 0.1524 -0.9663
vn 0.2910 0.0903 -0.9525
vn -0.8010 -0.0633 -0.5953
vn 0.8146 -0.1950 -0.5463
vn -0.5049 0.4787 -0.7182
vn 0.7825 0.3545 -0.5119
vn 0.3406 0.7930 -0.5050
vn 0.6419 -0.2158 -0.7358
vn -0.7685 -0.6321 0.0995
vn -0.0008 0.8123 -0.5832
vn -0.8431 -0.0328 0.5367
vn -0.8421 0.2806 -0.4606
vn 0.7974 -0.0029 -0.6034
vn -0.7011 0.6815 -0.2099
vn -0.1334 0.9555 -0.2631
vn -0.5324 -0.7051 0.4684
vn -0.4401 -0.6758 0.5913
vn 0.3823 0.8304 -0.4052
vn 0.4218 0.6098 -0.6710
vn 0.5148 -0.0588 -0.8553
vn -0.1126 -0.0640 -0.9916
vn -0.2201 0.4885 -0.8443
vn -0.8328 0.0154 -0.5533
vn 0.0362 -0.5310 -0.8466
vn -0.4804 -0.3930 -0.7841
vn 0.5556 -0.1735 -0.8131
vn 0.4725 -0.1294 -0.8718
vn 0.4047 0.9111 -0.0779
vn -0.4525 0.2446 -0.8576
vn 0.1872 -0.1036 -0.9768
vn -0.9959 -0.0849 0.0308
vn 0.2863 0.9326 -0.2199
vn 0.7912 -0.2270 -0.5678
vn -0.7805 0.2359 -0.5789
vn 0.3940 0.2969 -0.8698
vn -0.0968 0.6335 -0.7677
vn -0.8163 0.5066 -0.2775
vn 0.8873 0.0809 -0.4540
vn -0.0589 -0.4164 -0.9073
vn 0.0272 -0.9312 -0.3635
vn 0.0818 -0.3405 -0.9367
vn 0.4223 0.0516 -0.9050
vn -0.6488 -0.3654 0.6675
vn -0.7390 -0.2900 0.6081
vn 0.8143 -0.2633 -0.5173
vn 0.8433 -0.1065 -0.5268
vn 0.6898 0.7131 -0.1253
vn -0.6580 0.6824 -0.3185
vn 0.8837 -0.0932 -0.4587
vn 0.6291 0.6644 -0.4035
vn 0.1014 0.9765 -0.1901
vn 0.6146 -0.6889 -0.3844
vn 0.4745 -0.7029 -0.5300
vn -0.4231 -0.6490 -0.6323
vn -0.8557 -0.0365 -0.5161
vn -0.1526 -0.6583 -0.7371
vn -0.1634 -0.9427 -0.2909
vn -0.9905 -0.0287 -0.1345
vn 0.7604 -0.2466 -0.6008
vn -0.2308 0.9103 -0.3436
vn -0.8655 0.4485 -0.2228
vn 0.3713 0.9234 0.0969
vn -0.8307 -0.2313 -0.5065
vn 0.6192 0.3535 -0.7012
vn -0.6617 0.7334 -0.1560
vn 0.0109 0.7411 -0.6713
vn -0.4582 0.8834 0.0980
vn 0.1765 -0.8955 -0.4087
vn 0.5412 -0.0504 -0.8394
vn -0.0512 -0.4436 -0.8948
vn 0.3387 0.0536 -0.9394
vn -0.2164 -0.6398 -0.7375
vn -0.7993 -0.5532 -0.2346
vn -0.8567 -0.1985 0.4761
vn -0.4364 -0.4222 0.7945
vn -0.8242 -0.5480 0.1428
vn 0.9428 0.0270 -0.3323
vn -0.9067 0.4186 0.0521
vn 0.9747 0.1061 -0.1969
vn -0.8567 0.3459 -0.3828
vn -0.3877 0.8762 -0.2864
vn 0.3807 0.9048 -0.1910
vn 0.0900 -0.5465 -0.8326
vn 0.0529 -0.9742 -0.2194
vn -0.5082 -0.7224 -0.4689
vn 0.7220 0.4435 -0.5311
vn 0.7795 0.2588 -0.5704
vn -0.6087 -0.5736 0.5482
vn 0.9354 -0.2810 -0.2149
vn 0.2669 0.9611 0.0707
vn 0.9756 -0.1613 -0.1487
vn 0.3717 0.8885 -0.2693
vn 0.9778 -0.1458 0.1505
vn -0.9667 -0.1353 -0.2172
vn 0.9067 -0.0751 -0.4150
vn -0.5350 0.8322 -0.1455
vn 0.8284 0.4600 -0.3197
vn 0.3262 0.8866 -0.3279
vn 0.6470 -0.3510 -0.6768
vn -0.4404 -0.8373 -0.3241
vn -0.1153 -0.9912 0.0648
vn 0.4874 -0.8715 0.0541
vn 0.7668 0.1844 -0.6148
vn -0.5329 -0.6906 -0.4889
vn -0.8892 0.0768 -0.4510
vn -0.9646 0.2623 -0.0274
vn -0.4071 -0.8808 0.2418
vn 0.3244 0.9318 -0.1628
vn -0.4121 0.8982 -0.1530
vn -0.8798 0.4738 0.0373
vn 0.7481 0.6474 -0.1454
vn -0.7198 -0.6587 -0.2190
vn -0.4408 -0.7856 -0.4341
vn 0.1896 -0.9259 -0.3268
vn -0.0034 -0.9952 -0.0976
vn -0.6655 -0.6258 -0.4067
vn -0.8800 0.4720 0.0525
vn -0.8578 0.5126 0.0380
vn -0.5343 0.8205 0.2033
vn 0.6152 0.6590 0.4326
vn -0.1312 0.9912 0.0178
vn 0.6229 -0.4965 -0.6046
vn -0.3513 -0.9325 -0.0838
vn 0.3108 -0.9290 -0.2007
vn -0.3175 -0.8711 -0.3746
vn 0.6614 0.4906 -0.5673
vn -0.9839 -0.1556 0.0879
vn 0.8934 -0.1676 -0.4169
vn -0.3911 -0.9195 0.0393
vn 0.9178 0.0694 -0.3910
vn 0.9594 -0.0401 0.2793
vn 0.8098 -0.0940 -0.5791
vn -0.4685 0.4295 0.7721
vn -0.5170 0.8373 0.1781
vn -0.0729 0.8375 0.5416
vn 0.4627 0.8836 0.0718
vn -0.1946 -0.9395 -0.2820
vn 0.6943 0.1530 -0.7032
vn 0.6901 0.3227 -0.6478
vn 0.9889 0.0434 -0.1419
vn -0.7904 -0.6087 -0.0691
vn 0.1998 0.8406 -0.5034
vn 0.8206 0.3618 0.4425
vn -0.9738 -0.2170 -0.0672
vn 0.8163 0.4861 -0.3121
vn -0.2573 -0.9531 0.1594
vn 0.0563 -0.9959 0.0711
vn -0.5566 -0.7545 -0.3478
vn 0.6895 0.3656 -0.6253
vn -0.8301 0.3935 -0.3950
vn -0.7050 0.5401 -0.4596
vn -0.3554 -0.9347 -0.0083
vn 0.4544 0.4182 -0.7865
vn 0.6725 -0.0202 0.7399
vn 0.6248 -0.0260 0.7804
vn -0.4659 0.8626 0.1974
vn -0.2938 0.9271 0.2327
vn 0.1058 -0.9915 -0.0755
vn -0.6143 -0.7858 0.0720
vn -0.4311 -0.4460 -0.7843
vn -0.6584 0.4627 -0.5937
vn -0.9247 -0.0913 -0.3696
vn 0.6936 0.2728 -0.6667
vn -0.1427 0.5979 -0.7888
vn -0.3090 -0.9411 -0.1377
vn 0.2036 0.5762 -0.7916
vn -0.7760 -0.6020 0.1880
vn -0.9523 -0.0494 0.3012
vn -0.2812 0.7125 0.6428
vn 0.1485 0.1948 0.9695
vn 0.3839 0.9034 0.1907
vn -0.2559 -0.8610 0.4396
vn -0.1159 -0.9218 0.3699
vn 0.6217 -0.6411 -0.4500
vn 0.8424 -0.1204 -0.5253
vn -0.5102 0.2070 -0.8348
vn 0.4438 0.1757 -0.8787
vn -0.9285 -0.1697 -0.3303
vn -0.6921 -0.6509 -0.3120
vn 0.1024 0.1362 0.9854
vn 0.1273 0.6266 0.7689
vn 0.1376 0.2168 0.9665
vn -0.7546 0.5420 0.3699
vn -0.5128 0.8179 0.2609
vn 0.3566 0.9183 0.1719
vn -0.3993 -0.7289 0.5561
vn 0.1615 -0.9632 -0.2148
vn -0.4400 -0.8976 0.0289
vn 0.9360 0.2451 -0.2528
vn 0.2914 -0.5132 -0.8073
vn -0.2541 -0.1509 -0.9553
vn 0.3483 -0.4362 -0.8297
vn 0.1037 -0.9932 -0.0530
vn 0.0769 -0.9858 -0.1490
vn -0.5198 0.4187 -0.7447
vn -0.1525 0.3199 -0.9351
vn 0.1049 -0.8522 -0.5125
vn 0.8641 0.1601 -0.4772
vn -0.5171 0.6941 -0.5009
vn -0.8100 0.4654 -0.3569
vn 0.4497 0.2027 -0.8699
vn 0.3758 0.8948 -0.2412
vn 0.0425 0.3354 0.9411
vn -0.1194 0.2888 -0.9499
vn 0.2628 0.3166 0.9114
vn 0.6801 0.2266 0.6973
vn 0.0826 0.1421 -0.9864
vn 0.5310 0.6751 -0.5122
vn 0.2679 0.1409 -0.9531
vn 0.0818 0.5238 -0.8479
vn -0.4215 0.8591 0.2903
vn -0.3037 -0.9012 0.3092
vn -0.5214 -0.7155 -0.4650
vn -0.3334 -0.9393 0.0812
vn 0.9847 0.1127 -0.1329
vn 0.7064 -0.0603 -0.7053
vn 0.2246 0.4920 0.8411
vn 0.2131 0.8039 0.5552
vn 0.5018 0.6534 0.5668
vn -0.6662 -0.7404 0.0898
vn 0.8292 0.1304 0.5435
vn 0.2051 0.1658 -0.9646
vn 0.1431 0.1645 -0.9759
vn -0.3034 0.9496 -0.0793
vn -0.2753 0.4285 -0.8606
vn 0.0385 0.8754 0.4819
vn 0.2494 -0.9283 0.2759
vn 0.1243 -0.9253 -0.3582
vn 0.7950 -0.5621 0.2280
vn -0.2299 -0.8526 0.4693
vn -0.8433 -0.1836 -0.5051
vn -0.2402 -0.9271 -0.2878
vn 0.1696 -0.9819 -0.0849
vn -0.5875 0.5824 -0.5618
vn 0.6812 0.5669 -0.4633
vn -0.9324 -0.1894 -0.3078
vn -0.2553 0.9589 0.1240
vn 0.9900 -0.0543 0.1305
vn 0.7819 -0.0393 -0.6222
vn 0.2504 0.1659 -0.9538
vn -0.4916 0.8313 0.2593
vn -0.4362 -0.8180 0.3751
vn 0.6421 -0.7076 -0.2949
vn -0.5120 -0.6392 0.5738
vn 0.9666 0.0038 0.2563
vn 0.5225 -0.8096 -0.2675
vn 0.2423 -0.9594 0.1443
vn -0.0058 -0.9692 -0.2461
vn -0.8453 0.4615 -0.2693
vn -0.4304 0.7033 -0.5659
vn 0.9506 -0.0581 -0.3050
vn -0.8327 0.2322 -0.5026
vn -0.3234 0.9337 0.1539
vn 0.5192 0.8422 0.1453
vn 0.3970 0.9139 -0.0852
vn 0.8527 0.5207 0.0430
vn 0.9619 -0.2245 -0.1558
vn -0.8725 0.3388 0.3522
vn 0.4399 0.2321 -0.8675
vn -0.1925 0.2800 -0.9405
vn -0.0689 0.7407 -0.6683
vn -0.4003 -0.1009 -0.9108
vn 0.2254 0.1110 -0.9679
vn 0.0965 -0.5026 -0.8591
vn -0.1854 0.6132 -0.7679
vn -0.8750 -0.4802 0.0624
vn -0.9869 0.1266 0.1001
vn 0.3165 -0.9425 -0.1075
vn -0.1584 -0.9813 -0.1096
vn -0.1517 -0.8798 -0.4504
vn 0.9932 -0.0302 -0.1121
vn 0.9959 0.0115 0.0893
vn -0.5415 0.7825 -0.3073
vn 0.1900 0.9597 -0.2068
vn -0.6036 -0.7048 -0.3727
vn 0.9720 0.0939 -0.2156
vn -0.8316 -0.4290 0.3527
vn -0.7048 -0.4475 0.5504
vn -0.7600 -0.2702 0.5911
vn -0.7730 -0.2600 0.5787
vn -0.7456 -0.2300 0.6254
vn -0.6481 -0.4263 0.6310
vn -0.0000 -0.0000 1.0000
vn -0.7885 -0.1402 0.5989
vn -0.7066 -0.2187 0.6729
vn -0.0286 0.9257 0.3773
vn -0.2611 0.9595 0.1060
vn -0.7930 0.5467 -0.2689
vn -0.7585 0.5828 -0.2915
vn 0.8099 0.3656 -0.4587
vn 0.2935 0.9261 -0.2371
vn 0.2380 -0.2267 -0.9444
vn -0.5770 -0.2681 -0.7715
vn -0.4891 0.2880 -0.8233
vn 0.3086 0.3678 -0.8772
vn -0.5069 -0.5489 -0.6646
vn 0.5978 -0.4244 -0.6801
vn -0.6890 0.4710 -0.5509
vn 0.4278 0.5366 -0.7273
vn -0.4066 -0.9048 0.1263
vn -0.1786 -0.8590 0.4799
vn 0.0755 -0.9871 -0.1409
vn -0.9074 0.4155 -0.0636
vn 0.9267 0.3128 0.2084
vn 0.5201 0.7637 -0.3826
vn -0.0615 0.9822 0.1775
vn -0.8846 -0.3106 -0.3478
vn -0.6996 -0.5701 -0.4308
vn -0.7101 -0.5449 -0.4459
vn -0.6946 -0.6509 -0.3063
vn -0.6297 -0.6807 -0.3745
vn -0.0000 -0.0000 -1.0000
vn -0.9675 -0.0582 0.2460
vn -0.9167 -0.0850 0.3905
vn 0.8687 -0.3248 -0.3741
vn 0.8422 -0.2117 -0.4958
vn 0.8807 0.1931 -0.4325
vn -0.2849 -0.6473 -0.7070
vn 0.3029 -0.8562 -0.4185
vn 0.7148 -0.2841 -0.6390
vn -0.4671 0.7051 -0.5336
vn -0.1810 -0.8378 -0.5152
vn -0.8865 0.0513 -0.4599
vn 0.9397 -0.0049 -0.3421
vn 0.2840 -0.9221 -0.2630
vn 0.5414 -0.7895 -0.2892
vn -0.1737 -0.9142 0.3660
vn -0.1455 -0.5246 -0.8388
vn 0.9045 -0.1398 0.4029
vn 0.9823 -0.1865 -0.0193
vn -0.7794 0.6019 -0.1738
vn -0.4687 0.8677 -0.1655
vn -0.6775 0.6352 -0.3708
vn -0.1549 0.9765 -0.1497
vn 0.5440 0.6563 -0.5229
vn 0.6315 0.5928 -0.4999
vn -0.7423 -0.5614 -0.3658
vn -0.7180 -0.6197 -0.3169
vn -0.9343 -0.3541 0.0411
vn -0.7100 -0.5450 -0.4459
vn -0.6737 -0.6739 -0.3033
vn -0.8052 -0.5199 -0.2852
vn -0.9054 -0.0929 0.4142
vn -0.4497 0.8930 0.0161
vn 0.6449 -0.0592 -0.7619
vn 0.2042 0.4276 -0.8806
vn -0.3835 0.6983 -0.6044
vn 0.7136 0.6776 -0.1779
vn -0.4620 0.6798 -0.5695
vn 0.5503 0.7514 -0.3640
vn -0.4662 -0.8124 0.3502
vn 0.4468 -0.8622 0.2388
vn -0.7808 -0.3403 0.5240
vn 0.0130 -0.6122 -0.7906
vn -0.7000 -0.6462 0.3039
vn 0.4358 -0.8790 -0.1937
vn 0.3765 -0.7604 -0.5292
vn -0.8905 0.0455 0.4528
vn 0.4885 0.7340 0.4719
vn -0.9146 -0.2610 0.3087
vn 0.8384 -0.2312 -0.4936
vn 0.9160 -0.1236 -0.3816
vn -0.8179 0.4582 0.3480
vn -0.4324 0.8288 0.3552
vn -0.2682 0.9214 -0.2812
vn -0.7802 0.6210 -0.0751
vn 0.8458 0.5248 0.0961
vn -0.4077 -0.9068 -0.1073
vn -0.9451 -0.3100 -0.1038
vn -0.9633 0.2281 -0.1416
vn 0.7111 -0.6498 -0.2686
vn 0.3017 -0.6565 -0.6914
vn -0.3632 -0.6835 -0.6332
vn -0.7730 -0.3725 -0.5135
vn -0.5258 -0.8451 0.0963
vn 0.2867 -0.9361 -0.2038
vn -0.3012 -0.5708 -0.7639
vn 0.4648 -0.8560 -0.2264
vn -0.8756 0.4211 0.2366
vn 0.9899 0.1213 0.0729
vn -0.0475 0.9979 0.0448
vn 0.8180 0.5113 0.2637
vn -0.1494 0.8851 0.4408
vn 0.4933 0.6921 0.5269
vn -0.7470 0.6571 -0.1013
vn 0.5620 -0.0503 -0.8256
vn 0.2210 0.4873 -0.8448
vn -0.1981 0.7537 -0.6266
vn 0.8383 -0.3314 -0.4330
vn -0.7390 0.4414 -0.5090
vn 0.9236 0.3808 -0.0453
vn 0.2968 -0.2960 -0.9079
vn -0.0467 -0.3871 -0.9209
vn 0.3388 -0.3527 -0.8723
vn 0.2523 -0.4034 -0.8796
vn 0.2831 -0.3331 -0.8994
vn 0.3310 -0.2483 -0.9104
vn 0.3081 -0.3760 -0.8739
vn -0.7987 -0.3748 0.4708
vn 0.0912 -0.6440 -0.7596
vn -0.2869 -0.5453 -0.7877
vn 0.2004 -0.4843 -0.8516
vn 0.2407 -0.5539 -0.7970
vn -0.4037 -0.7246 -0.5586
vn 0.6512 -0.6446 -0.4005
vn -0.5859 0.8025 -0.1131
vn -0.5133 0.7983 -0.3150
vn 0.6246 0.5011 0.5991
vn -0.8356 0.2294 -0.4991
vn 0.3851 0.6664 -0.6384
vn 0.3164 0.8050 0.5018
vn 0.5345 0.1762 -0.8266
vn -0.3517 0.9214 0.1653
vn -0.3809 0.6970 -0.6076
vn 0.8760 0.4513 0.1703
vn -0.5303 0.6554 0.5378
vn 0.7409 -0.3954 -0.5430
vn 0.4443 0.1279 -0.8867
vn -0.4048 -0.7023 -0.5856
vn -0.5992 0.7106 -0.3689
vn -0.2588 -0.2252 -0.9393
vn -0.1410 0.2677 -0.9531
vn -0.2879 -0.5320 -0.7963
vn 0.4296 -0.2935 -0.8540
vn 0.4997 -0.4841 -0.7183
vn 0.4394 -0.3043 -0.8452
vn 0.3998 -0.4289 -0.8101
vn -0.5397 -0.6149 -0.5750
vn 0.7025 -0.6331 -0.3250
vn 0.6774 -0.4505 -0.5815
vn -0.3672 -0.9123 -0.1815
vn 0.4090 -0.8513 -0.3287
vn -0.8031 -0.0002 0.5959
vn -0.9072 0.3943 0.1467
vn -0.9768 -0.1733 -0.1256
vn 0.7500 0.6162 -0.2406
vn 0.4213 0.3198 -0.8487
vn 0.9181 -0.2000 -0.3422
vn -0.2081 0.8080 -0.5511
vn -0.0592 -0.9843 -0.1665
vn 0.1167 -0.6347 -0.7639
vn -0.2474 -0.1890 -0.9503
vn 0.4145 -0.0141 -0.9099
vn 0.3491 -0.0896 -0.9328
vn -0.8176 0.5744 0.0400
vn -0.1198 0.7145 -0.6893
vn -0.7131 0.3417 -0.6122
vn -0.7154 -0.1772 -0.6759
vn 0.8596 0.1300 -0.4942
vn 0.8768 -0.3839 -0.2897
vn -0.7777 -0.4731 -0.4140
vn 0.6137 -0.2951 -0.7323
vn -0.2816 -0.7939 -0.5389
vn -0.6907 -0.5695 -0.4456
vn 0.5862 -0.5465 -0.5981
vn 0.0160 -0.8740 -0.4856
vn -0.4272 -0.5893 -0.6857
vn -0.8078 -0.0275 0.5889
vn 0.9914 -0.0912 -0.0937
vn 0.9541 0.2996 -0.0048
vn 0.2939 0.7868 0.5427
vn -0.9837 0.0095 0.1798
vn -0.9002 0.3484 0.2612
vn 0.5715 0.0360 -0.8198
vn 0.8821 0.3679 0.2941
vn -0.5092 0.8109 -0.2882
vn -0.1115 0.4175 -0.9018
vn 0.0285 0.5047 0.8628
vn -0.8011 -0.5967 0.0475
vn -0.9906 0.0082 0.1367
vn -0.6927 -0.1416 -0.7072
vn -0.3418 0.0433 -0.9388
vn 0.7061 -0.0901 -0.7024
vn 0.4655 -0.4622 -0.7548
vn -0.5403 -0.2153 -0.8135
vn 0.8780 0.4734 0.0705
vn 0.2762 -0.6560 -0.7024
vn -0.3438 -0.6711 -0.6569
vn -0.5526 -0.6015 -0.5769
vn -0.9993 -0.0364 0.0012
vn -0.5469 -0.6396 -0.5401
vn 0.5873 -0.7999 -0.1232
vn 0.9669 -0.1134 -0.2285
vn -0.8384 -0.0572 0.5421
vn -0.7752 0.3739 -0.5091
vn 0.6800 0.6974 0.2265
vn 0.7323 0.5710 0.3709
vn -0.8211 0.2007 -0.5343
vn 0.5642 0.4038 -0.7202
vn 0.1759 0.9840 -0.0290
vn 0.1920 0.5407 0.8190
vn -0.3979 -0.8462 -0.3543
vn 0.1652 -0.1703 -0.9715
vn 0.4164 0.0720 -0.9063
vn 0.8368 -0.5431 -0.0694
vn 0.7149 -0.6486 0.2611
vn -0.9108 -0.1439 -0.3871
vn -0.8426 0.4632 0.2746
vn 0.6284 -0.7452 -0.2233
vn -0.1829 -0.4537 -0.8722
vn 0.8776 0.2286 -0.4213
vn -0.7443 0.6668 0.0367
vn 0.9684 0.2168 -0.1235
vn 0.9822 0.1782 0.0594
vn -0.5617 0.7578 -0.3320
vn -0.4093 0.5465 -0.7306
vn 0.7884 0.5716 0.2275
vn -0.8700 -0.4646 -0.1650
vn -0.9370 0.2485 0.2454
vn -0.0864 -0.7209 -0.6876
vn 0.5749 0.2682 -0.7731
vn 0.6775 0.6353 -0.3705
vn -0.6034 0.3057 -0.7365
vn 0.4796 0.7381 0.4745
vn -0.0342 0.7854 0.6181
vn 0.3948 0.5942 0.7008
vn 0.0363 0.4288 -0.9027
vn -0.3562 -0.1079 -0.9282
vn -0.4282 0.5420 -0.7231
vn 0.1201 -0.0737 -0.9900
vn 0.0993 -0.5561 -0.8252
vn -0.3796 -0.4500 -0.8083
vn 0.0838 0.1403 -0.9866
vn 0.6215 -0.3006 -0.7234
vn -0.5085 -0.5896 -0.6275
vn 0.6696 0.3120 -0.6740
vn 0.1126 -0.8448 -0.5231
vn 0.4362 0.3198 -0.8411
vn -0.9132 -0.3862 -0.1303
vn 0.2923 -0.9466 -0.1364
vn -0.5161 -0.8461 -0.1334
vn 0.0313 -0.9834 -0.1790
vn 0.4458 -0.5180 -0.7301
vn -0.9989 0.0199 -0.0418
vn -0.4941 -0.5740 -0.6529
vn 0.2612 -0.8144 -0.5183
vn 0.0068 -0.4399 -0.8980
vn -0.9267 0.2666 0.2648
vn 0.9770 0.1188 -0.1772
vn 0.5167 0.8489 -0.1113
vn 0.1127 0.9695 -0.2175
vn -0.7606 0.3955 -0.5148
vn 0.8617 0.3803 -0.3359
vn -0.8427 0.4779 -0.2479
vn 0.9479 0.1241 -0.2935
vn 0.8870 0.3324 -0.3205
vn -0.9762 0.0691 -0.2056
vn 0.6302 0.7259 -0.2754
vn 0.1550 0.6972 0.7000
vn -0.0997 -0.1217 -0.9875
vn 0.8040 0.4243 0.4165
vn 0.3969 0.5989 -0.6955
vn -0.5039 -0.3681 -0.7814
vn -0.8582 -0.2523 -0.4470
vn 0.1522 0.0098 -0.9883
vn 0.3759 0.2826 -0.8825
vn -0.1979 -0.9618 -0.1893
vn -0.4732 -0.8757 0.0967
vn -0.3921 -0.9113 0.1257
vn 0.3326 0.2035 -0.9208
vn 0.4736 0.3392 -0.8128
vn 0.3141 -0.7119 -0.6281
vn 0.9505 0.2357 0.2023
vn -0.3303 0.6319 -0.7012
vn -0.3357 0.4876 -0.8059
vn -0.7296 0.0068 -0.6838
vn 0.0285 -0.9343 -0.3554
vn -0.4576 -0.5901 -0.6651
vn 0.9122 -0.3830 -0.1457
vn -0.1180 -0.6061 -0.7866
vn 0.8355 -0.3899 -0.3872
vn -0.0369 0.0725 -0.9967
vn -0.3617 -0.4139 -0.8354
vn -0.2322 -0.9084 -0.3478
vn -0.3263 -0.4784 -0.8153
vn -0.2472 -0.3988 -0.8831
vn -0.2497 -0.3994 -0.8821
vn -0.2526 -0.5052 -0.8252
vn -0.9246 -0.1844 0.3335
vn 0.2108 0.7613 -0.6132
vn -0.9565 -0.2918 0.0074
vn -0.8941 0.2049 -0.3983
vn -0.7996 0.3616 -0.4795
vn 0.4454 0.7890 0.4232
vn 0.8927 0.4450 -0.0704
vn -0.7187 0.6309 -0.2925
vn -0.4317 0.7497 -0.5016
vn -0.0723 0.6944 -0.7159
vn 0.3196 -0.9049 -0.2809
vn -0.6162 -0.7417 -0.2649
vn 0.8458 -0.4916 -0.2072
vn 0.9722 0.1649 -0.1664
vn -0.3682 -0.9183 -0.1455
vn 0.8940 0.3415 -0.2900
vn -0.8978 -0.4310 0.0909
vn -0.9515 0.0529 0.3032
vn 0.6707 0.4818 -0.5640
vn -0.5621 -0.8242 -0.0686
vn 0.4018 0.5847 -0.7048
vn 0.6097 0.5255 -0.5934
vn 0.5876 0.5845 -0.5596
vn 0.6270 0.5593 -0.5423
vn 0.3990 0.6316 -0.6647
vn 0.7030 0.5369 -0.4664
vn 0.6804 0.2721 -0.6804
vn -0.6517 0.6467 0.3964
vn -0.7883 0.4529 0.4165
vn -0.8761 0.1651 -0.4529
vn -0.5433 0.0394 -0.8386
vn 0.9858 0.1229 -0.1146
vn -0.4654 -0.8631 -0.1961
vn 0.1896 -0.9812 -0.0346
vn 0.9526 0.0893 0.2908
vn -0.9074 0.3072 0.2867
vn -0.2572 -0.2726 -0.9271
vn -0.3754 -0.4412 -0.8151
vn -0.4742 -0.3387 -0.8127
vn -0.2651 -0.3977 -0.8784
vn -0.2496 -0.3994 -0.8821
vn -0.0510 -0.4937 -0.8681
vn 0.9986 -0.0148 0.0514
vn 0.5294 -0.1392 -0.8369
vn 0.0137 -0.3968 -0.9178
vn 0.3130 0.5822 -0.7504
vn -0.2499 0.1565 -0.9555
vn 0.8819 -0.1112 -0.4581
vn -0.9757 0.1800 -0.1251
vn 0.7628 0.4366 -0.4771
vn 0.6374 0.6522 0.4103
vn 0.5150 0.5022 -0.6946
vn -0.7725 -0.4488 0.4492
vn -0.8279 -0.4117 0.3809
vn 0.6116 -0.6247 0.4855
vn 0.4728 0.8001 -0.3693
vn 0.7737 0.6300 -0.0674
vn 0.4682 0.7692 -0.4348
vn -0.7036 0.5664 0.4291
vn -0.7991 0.4250 0.4251
vn -0.8211 0.3904 0.4164
vn -0.8231 0.4655 0.3253
vn -0.7991 0.4251 0.4251
vn -0.8278 0.3967 0.3967
vn -0.6532 0.5515 0.5189
vn -0.7043 0.2364 0.6694
vn 0.7767 0.5917 0.2158
vn 0.8291 0.4155 0.3741
vn -0.3323 -0.8564 0.3951
vn 0.1733 -0.4640 -0.8687
vn -0.0363 -0.2889 -0.9567
vn 0.7371 -0.1029 0.6679
vn -0.0554 -0.6106 0.7900
vn -0.2935 -0.7856 -0.5447
vn -0.7520 -0.3757 -0.5417
vn -0.7313 0.3328 -0.5953
vn 0.8679 0.1576 -0.4712
vn -0.2513 0.8114 -0.5277
vn 0.5973 -0.2680 -0.7559
vn 0.0005 0.6948 -0.7192
vn -0.1373 0.2838 -0.9490
vn 0.5530 -0.1932 -0.8104
vn 0.3618 0.3024 -0.8818
vn -0.7598 0.6326 -0.1500
vn 0.9830 0.1743 0.0576
vn -0.4359 0.1402 -0.8890
vn 0.2461 0.9580 0.1473
vn 0.1404 0.9742 -0.1769
vn -0.3719 0.9283 0.0042
vn 0.9281 0.3359 -0.1604
vn -0.6958 0.0221 -0.7179
vn -0.9753 -0.1672 -0.1444
vn 0.9113 0.4117 -0.0087
vn 0.9307 0.3416 -0.1311
vn -0.9912 0.0583 0.1188
vn -0.7794 0.5657 0.2693
vn -0.6971 0.7156 0.0453
vn 0.4842 -0.8414 0.2400
vn 0.1629 -0.7198 0.6748
vn -0.6076 -0.4436 0.6588
vn 0.8773 0.4725 -0.0846
vn -0.6470 -0.6088 0.4590
vn 0.3578 -0.9041 0.2337
vn -0.8079 0.4345 0.3982
vn -0.7869 0.4278 0.4448
vn -0.9067 0.3256 0.2682
vn -0.5241 -0.1631 -0.8359
vn -0.3117 -0.9194 0.2400
vn -0.7495 -0.4440 0.4911
vn 0.6832 -0.7156 0.1455
vn -0.3524 0.1943 0.9155
vn 0.2394 0.2502 0.9381
vn -0.3792 0.0162 0.9252
vn 0.2214 -0.2328 0.9470
vn 0.6689 -0.0509 0.7416
vn 0.4374 -0.8287 -0.3492
vn 0.8501 -0.4189 -0.3192
vn -0.5726 -0.5829 0.5765
vn 0.0521 -0.7968 0.6019
vn 0.5335 0.8188 -0.2120
vn -0.9189 -0.3670 0.1446
vn -0.2500 0.6334 -0.7323
vn 0.9491 0.3118 0.0459
vn 0.1764 0.9387 -0.2963
vn 0.8424 0.4357 -0.3169
vn -0.5761 -0.4012 -0.7121
vn 0.4580 0.7370 -0.4971
vn 0.8816 0.4340 -0.1856
vn -0.3846 0.8918 -0.2382
vn 0.3090 0.9041 -0.2953
vn 0.9127 -0.2065 0.3527
vn -0.6172 -0.7468 -0.2476
vn -0.7010 -0.6942 0.1635
vn 0.9361 0.2964 0.1892
vn 0.8965 0.2951 0.3306
vn -0.7532 -0.4554 0.4746
vn -0.6826 0.2452 0.6885
vn 0.1179 -0.9380 0.3259
vn -0.9941 0.0926 -0.0571
vn 0.9000 0.3654 0.2376
vn 0.9956 0.0935 -0.0008
vn -0.7526 -0.6480 -0.1168
vn 0.8516 -0.3626 -0.3784
vn -0.3147 -0.7770 0.5452
vn -0.6787 -0.5641 0.4702
vn -0.7197 -0.2558 0.6454
vn -0.7538 0.0267 0.6566
vn 0.9561 -0.0838 0.2807
vn 0.9435 -0.3293 -0.0379
vn -0.9711 0.1854 0.1503
vn -0.9441 0.0551 0.3250
vn -0.2205 -0.9693 -0.1085
vn -0.9382 -0.1453 0.3143
vn 0.6807 -0.3308 0.6536
vn 0.7566 -0.5887 -0.2846
vn -0.8008 -0.4621 0.3811
vn -0.9189 0.3087 -0.2458
vn 0.8235 -0.4563 -0.3370
vn 0.0479 0.9913 -0.1226
vn -0.1252 0.6759 -0.7263
vn -0.1377 0.9395 -0.3135
vn 0.5100 0.7526 -0.4165
vn -0.9093 0.3069 -0.2809
vn -0.8719 -0.3413 -0.3513
vn 0.5405 0.7474 -0.3863
vn 0.8845 0.4294 -0.1826
vn -0.0241 -0.9978 0.0617
vn 0.5258 -0.7734 0.3541
vn 0.3945 -0.4273 0.8135
vn 0.7064 0.6508 0.2782
vn -0.9476 -0.1409 -0.2867
vn -0.8769 -0.0284 0.4799
vn 0.5403 0.7264 0.4248
vn 0.5937 0.4116 0.6915
vn 0.9785 0.0305 0.2042
vn -0.9065 -0.4198 0.0462
vn 0.8368 0.5228 0.1627
vn 0.3194 -0.7766 0.5431
vn -0.3149 -0.9463 0.0727
vn -0.5916 0.8042 0.0569
vn 0.8938 0.2559 -0.3682
vn -0.8959 0.4155 -0.1574
vn 0.5400 0.7768 -0.3239
vn 0.9970 0.0769 -0.0115
vn -0.0127 0.8960 -0.4439
vn 0.6649 0.6747 -0.3205
vn -0.4584 -0.1597 -0.8743
vn -0.1360 0.4614 -0.8767
vn -0.6422 0.5076 -0.5744
vn -0.6991 0.6586 0.2784
vn 0.4169 0.8449 0.3352
vn -0.1718 0.8922 0.4176
vn -0.1926 -0.1837 0.9639
vn 0.0767 -0.3706 0.9256
vn -0.2621 -0.0996 0.9599
vn -0.8412 -0.5121 -0.1736
vn 0.1648 -0.8413 0.5148
vn -0.4314 -0.9016 -0.0329
vn 0.7260 0.4786 0.4938
vn 0.7575 0.6167 0.2142
vn 0.9419 -0.3299 0.0636
vn -0.4983 -0.6352 0.5901
vn 0.8204 -0.4365 -0.3694
vn 0.2018 -0.6782 0.7067
vn 0.9550 0.2448 -0.1678
vn 0.7519 -0.2730 0.6001
vn 0.9859 -0.0722 0.1512
vn 0.8238 -0.4908 0.2837
vn 0.9259 -0.3602 0.1138
vn -0.6226 -0.7288 -0.2850
vn -0.7216 -0.6362 0.2729
vn 0.6759 -0.6155 0.4053
vn 0.5753 -0.7446 0.3385
vn 0.3714 -0.7428 0.5571
vn 0.7497 -0.6602 0.0464
vn 0.1998 -0.9729 -0.1162
vn 0.4601 -0.8274 0.3221
vn -0.9959 -0.0004 -0.0905
vn 0.9488 0.3154 -0.0169
vn -0.2897 -0.6970 -0.6559
vn -0.6637 0.5224 -0.5354
vn -0.0939 0.6647 -0.7412
vn 0.3663 0.7746 -0.5156
vn -0.8625 0.4099 -0.2968
vn -0.8638 0.4559 0.2144
vn 0.8735 0.3357 0.3526
vn -0.4417 -0.8967 0.0284
vn 0.8511 0.1313 0.5083
vn -0.8010 -0.5769 0.1597
vn -0.8588 -0.5114 -0.0299
vn 0.5485 0.4359 0.7136
vn 0.0320 -0.9767 -0.2120
vn -0.5930 -0.1627 0.7886
vn -0.5897 -0.6046 0.5355
vn -0.8426 -0.1027 0.5286
vn 0.8205 0.5688 0.0572
vn -0.9481 -0.2866 0.1377
vn 0.3687 -0.8791 0.3021
vn -0.9609 0.2763 0.0182
vn 0.8119 -0.4871 0.3220
vn -0.7435 -0.5502 0.3801
vn -0.8682 -0.3918 -0.3045
vn 0.8051 -0.5198 0.2858
vn 0.8313 -0.5048 -0.2328
vn 0.6120 -0.7445 0.2669
vn 0.7947 -0.5917 0.1352
vn 0.5886 -0.8005 0.1130
vn 0.5754 -0.7446 0.3385
vn 0.5727 -0.8086 0.1348
vn 0.9609 0.2584 0.0997
vn -0.1385 0.9322 -0.3345
vn 0.3328 0.9378 0.0989
vn -0.8903 0.1154 -0.4406
vn -0.6682 -0.6444 -0.3718
vn -0.8399 -0.3993 -0.3675
vn 0.7421 -0.0262 -0.6698
vn -0.0807 0.5379 -0.8391
vn -0.9723 0.1350 -0.1909
vn 0.4186 0.6829 -0.5987
vn -0.3356 0.8475 -0.4112
vn 0.8112 0.5848 0.0009
vn -0.4982 0.7558 0.4250
vn 0.0108 -0.9495 0.3135
vn 0.6781 -0.6538 0.3358
vn -0.7776 -0.5752 0.2538
vn -0.8426 -0.3805 0.3811
vn 0.8397 0.4553 0.2958
vn -0.7411 -0.6632 0.1047
vn -0.8815 -0.3870 -0.2704
vn 0.5592 -0.4606 0.6894
vn -0.9288 -0.0616 0.3654
vn -0.4395 -0.8402 0.3177
vn -0.9050 0.2616 0.3355
vn 0.6638 -0.7253 0.1824
vn 0.1198 0.9315 0.3435
vn 0.9237 -0.1395 -0.3568
vn -0.5743 -0.8150 -0.0769
vn 0.2913 0.5733 -0.7658
vn -0.2843 0.5228 -0.8037
vn -0.0836 0.4651 -0.8813
vn 0.5822 0.3932 -0.7116
vn 0.8680 0.4675 0.1675
vn -0.6462 -0.4576 0.6107
vn 0.3850 0.4656 0.7969
vn 0.4335 0.1219 0.8929
vn -0.4766 -0.8667 -0.1475
vn -0.6028 -0.6010 0.5249
vn -0.4208 -0.4566 0.7839
vn 0.7513 0.3432 0.5637
vn -0.9847 -0.1741 -0.0039
vn 0.8861 -0.4445 0.1316
vn -0.1179 -0.6734 0.7298
vn -0.7889 -0.5192 -0.3287
vn -0.8833 0.1668 0.4382
vn 0.5629 -0.6590 -0.4989
vn 0.8296 -0.2971 0.4728
vn 0.5533 0.6756 0.4872
vn 0.1943 0.9689 -0.1532
vn 0.3899 0.7936 -0.4671
vn -0.4680 -0.8800 -0.0808
vn 0.7954 -0.3764 -0.4751
vn -0.8740 0.4727 0.1122
vn -0.6278 0.6013 -0.4943
vn 0.1786 0.9313 -0.3174
vn 0.6152 0.7516 -0.2380
vn -0.3829 0.9173 -0.1091
vn 0.3887 0.7502 0.5349
vn -0.5559 -0.8146 -0.1655
vn -0.6170 -0.5716 -0.5410
vn 0.5575 -0.3077 0.7710
vn 0.2446 0.4160 0.8758
vn -0.4098 -0.5829 -0.7017
vn 0.9745 -0.0655 0.2146
vn -0.8511 -0.4299 0.3012
vn 0.9676 -0.0656 -0.2440
vn 0.7936 0.5867 -0.1611
vn 0.1016 -0.6408 0.7610
vn 0.6219 -0.4425 0.6461
vn -0.9330 -0.2564 -0.2525
vn 0.5552 -0.0430 0.8306
vn -0.0835 -0.7862 -0.6124
vn -0.4834 -0.8493 -0.2122
vn -0.4462 -0.7740 -0.4493
vn -0.8243 0.3615 -0.4357
vn 0.8637 -0.2449 -0.4404
vn 0.1614 0.7880 -0.5941
vn -0.0124 0.5370 -0.8435
vn -0.5936 0.8046 -0.0175
vn 0.5611 0.5932 -0.5774
vn -0.7855 0.4455 -0.4296
vn 0.6446 0.0746 0.7609
vn -0.5809 -0.6940 0.4253
vn -0.9581 -0.2557 -0.1293
vn 0.5674 0.6775 -0.4680
vn -0.2858 -0.9572 0.0454
vn 0.7657 -0.1141 -0.6330
vn 0.6641 -0.3845 0.6412
vn -0.5113 -0.4079 0.7564
vn -0.5392 -0.4726 -0.6971
vn 0.7041 -0.4102 0.5797
vn 0.6564 -0.5639 0.5011
vn -0.4086 0.5739 0.7097
vn 0.4390 0.5659 0.6979
vn -0.7717 -0.1228 -0.6240
vn 0.6537 0.1452 0.7427
vn 0.5342 0.7192 0.4443
vn -0.8981 0.0218 -0.4392
vn 0.2955 0.9109 -0.2881
vn 0.7002 0.3596 -0.6167
vn -0.8834 -0.2599 0.3900
vn 0.9704 0.1009 -0.2193
vn -0.3766 0.5655 -0.7338
vn -0.7874 0.5347 0.3067
vn 0.5081 0.8611 -0.0176
vn -0.2643 -0.4927 0.8291
vn 0.3122 -0.5321 0.7870
vn -0.0776 -0.9481 0.3085
vn 0.2440 0.4927 0.8353
vn -0.3560 -0.5647 -0.7446
vn 0.6896 0.3536 0.6320
vn 0.5497 0.5177 0.6556
vn 0.7243 0.2310 0.6497
vn 0.8787 -0.0486 0.4749
vn 0.7722 0.2964 0.5620
vn 0.7325 0.3578 0.5792
vn 0.7250 0.2529 0.6407
vn -0.7519 -0.2704 -0.6013
vn -0.9439 -0.2949 -0.1485
vn 0.7873 0.1992 0.5835
vn -0.6363 -0.7156 0.2881
vn 0.9053 0.3816 0.1865
vn 0.8435 -0.4112 0.3456
vn -0.9254 -0.2646 -0.2712
vn 0.2894 -0.6848 0.6687
vn -0.8090 0.3443 -0.4763
vn -0.4193 -0.4373 -0.7956
vn -0.1939 0.1281 0.9726
vn -0.0297 -0.5046 -0.8629
vn -0.7873 0.1987 -0.5836
vn -0.7646 -0.5327 -0.3628
vn -0.0197 0.9955 0.0929
vn -0.5096 0.5049 -0.6967
vn 0.7993 0.5693 -0.1925
vn -0.1433 0.8567 -0.4954
vn 0.5370 0.7021 -0.4676
vn -0.4350 0.2192 -0.8733
vn 0.7220 0.6147 -0.3177
vn -0.1419 0.7797 -0.6099
vn 0.2181 0.9587 -0.1824
vn 0.3839 -0.8984 -0.2134
vn 0.3735 -0.0050 0.9276
vn -0.0320 0.2493 0.9679
vn 0.0412 -0.6410 -0.7664
vn -0.6259 -0.2101 -0.7511
vn 0.8690 0.2964 0.3963
vn 0.7375 0.3792 0.5588
vn 0.5932 0.5253 0.6101
vn 0.7325 0.3577 0.5792
vn 0.8584 0.3366 0.3871
vn -0.8744 -0.2070 -0.4389
vn 0.8803 -0.4280 0.2049
vn 0.6016 0.2467 -0.7597
vn -0.0358 0.3232 -0.9457
vn 0.1426 -0.2058 -0.9681
vn -0.4249 -0.3715 -0.8255
vn -0.1032 -0.2677 -0.9579
vn -0.0398 -0.5435 -0.8385
vn 0.8076 0.1388 0.5731
vn 0.6853 -0.6052 0.4051
vn -0.7552 0.1838 -0.6292
vn 0.4705 0.7270 -0.5001
vn 0.6744 0.0806 -0.7340
vn -0.8255 -0.5310 0.1912
vn -0.8049 0.1678 0.5693
vn 0.9069 0.4195 -0.0401
vn -0.8382 0.5194 -0.1664
vn 0.6498 0.5732 -0.4992
vn -0.0495 -0.0524 0.9974
vn 0.8700 -0.2769 0.4080
vn -0.8572 -0.5097 0.0740
vn -0.5998 -0.7984 0.0531
vn -0.4023 -0.8864 -0.2289
vn 0.9610 0.1359 0.2407
vn 0.6701 -0.6360 0.3828
vn -0.8726 -0.2768 -0.4023
vn 0.2164 0.0983 -0.9713
vn -0.5318 -0.5261 -0.6636
vn 0.4660 -0.5852 0.6636
vn 0.1975 -0.9534 -0.2280
vn 0.0186 -0.5644 -0.8253
vn -0.5699 0.0834 -0.8175
vn -0.1922 -0.7514 -0.6313
vn 0.0331 -0.6945 -0.7188
vn 0.5679 -0.4532 0.6871
vn -0.4611 0.0796 -0.8838
vn -0.6020 -0.2713 -0.7510
vn -0.1347 0.4477 -0.8840
vn -0.2368 0.3275 -0.9147
vn -0.4271 0.1191 -0.8963
vn 0.8258 0.5049 0.2511
vn 0.9549 0.2915 -0.0573
vn 0.8368 0.5474 0.0001
vn -0.7266 0.6852 -0.0503
vn -0.7259 0.1705 -0.6664
vn -0.0638 0.9541 -0.2925
vn -0.7212 -0.2846 -0.6316
vn -0.3206 -0.7261 -0.6083
vn -0.8048 0.0100 -0.5935
vn 0.9806 -0.1492 0.1271
vn 0.9905 0.0995 0.0945
vn -0.5918 -0.5589 -0.5809
vn -0.6371 0.1232 -0.7609
vn 0.0459 -0.4916 -0.8696
vn 0.2751 -0.1369 -0.9516
vn -0.2300 0.1592 -0.9601
vn 0.5265 -0.7612 0.3787
vn -0.5689 0.6164 -0.5443
vn -0.3067 0.3659 -0.8787
vn -0.3361 0.1763 -0.9252
vn 0.7497 0.6586 -0.0647
vn -0.8719 -0.0202 -0.4893
vn -0.9076 0.1566 0.3895
vn -0.2473 0.9408 0.2320
vn -0.7454 0.6652 0.0424
vn 0.3158 0.9488 0.0026
vn 0.0891 0.4338 -0.8966
vn 0.2578 -0.8649 -0.4308
vn 0.9090 -0.1600 0.3848
vn -0.9102 -0.1803 -0.3728
vn 0.5757 -0.6412 -0.5073
vn 0.5813 -0.2994 -0.7566
vn -0.1775 -0.8086 -0.5610
vn -0.2434 -0.8031 -0.5439
vn -0.5284 -0.1526 -0.8351
vn -0.5637 0.4958 -0.6607
vn -0.3924 0.1663 -0.9047
vn -0.3082 0.3239 -0.8945
vn 0.5287 0.7773 -0.3410
vn 0.6820 0.1815 -0.7085
vn 0.7196 0.2110 -0.6616
vn -0.8492 0.4077 0.3356
vn 0.3624 0.9247 0.1164
vn 0.8275 0.5593 -0.0495
vn -0.2530 0.9241 0.2865
vn -0.3625 -0.2079 -0.9085
vn 0.8140 0.2495 -0.5245
vn 0.3164 0.3998 -0.8603
vn 0.0052 0.2575 -0.9663
vn 0.3970 0.7332 -0.5521
vn -0.2812 0.6769 -0.6803
vn 0.0957 0.0627 -0.9934
vn -0.3173 -0.4430 -0.8385
vn -0.4551 -0.2534 -0.8536
vn 0.0917 0.1200 -0.9885
vn 0.5519 0.5865 -0.5928
vn -0.5607 0.4879 -0.6689
vn 0.6036 0.5085 -0.6141
vn -0.3396 0.7827 -0.5216
vn 0.2156 0.7665 -0.6050
vn -0.0029 -0.9993 -0.0368
vn 0.5214 -0.7743 -0.3586
vn 0.4618 -0.7654 -0.4483
vn 0.9373 0.2859 0.1992
vn 0.1138 -0.6000 -0.7919
vn -0.4444 -0.5597 -0.6995
vn -0.0393 -0.0095 -0.9992
vn 0.2442 -0.0502 -0.9684
vn -0.5999 0.1467 -0.7865
vn -0.0509 -0.4881 -0.8713
vn 0.8352 -0.1552 0.5276
vn -0.3810 0.6395 -0.6678
vn -0.2190 0.4997 -0.8381
vn 0.6109 -0.5331 -0.5854
vn -0.5064 -0.5307 -0.6796
vn -0.1902 -0.7317 -0.6545
vn -0.1798 -0.8335 -0.5224
vn 0.8479 -0.4265 0.3149
vn 0.8003 -0.5143 0.3083
vn 0.4190 -0.9028 -0.0973
vn -0.7049 0.6142 -0.3549
vn 0.6633 -0.6704 -0.3326
vn 0.9228 0.1744 -0.3435
vn -0.8314 0.0907 -0.5482
vn -0.3541 0.4597 -0.8144
vn -0.5774 0.4655 -0.6708
vn 0.6019 0.7524 -0.2676
vn 0.6064 0.6401 -0.4717
vn 0.5643 0.6455 -0.5146
vn 0.5592 0.6819 -0.4715
vn 0.7738 0.3440 -0.5319
vn -0.7295 0.6776 -0.0932
vn -0.8019 -0.2336 -0.5500
vn 0.5778 0.6982 0.4227
vn -0.5039 -0.5685 -0.6503
vn -0.5032 -0.4512 -0.7370
vn 0.4697 0.7872 -0.3996
vn -0.8359 -0.3595 -0.4148
vn -0.5281 0.5844 -0.6161
vn 0.4555 -0.7928 -0.4049
vn 0.5720 -0.7906 -0.2187
vn 0.5027 -0.8444 -0.1849
vn 0.5719 -0.7906 -0.2187
vn 0.6496 -0.7486 -0.1327
vn 0.5682 -0.7186 -0.4010
vn -0.3048 -0.8453 -0.4388
vn -0.6031 -0.4888 -0.6303
vn 0.7752 -0.4678 0.4246
vn -0.7607 0.0634 -0.6460
vn 0.9758 -0.0758 0.2051
vn 0.9294 -0.1323 0.3446
vn -0.8688 -0.2627 -0.4197
vn -0.0449 -0.9480 -0.3151
vn -0.8822 -0.3318 -0.3342
vn 0.1977 -0.9769 -0.0816
vn 0.5242 -0.4681 -0.7114
vn -0.5325 -0.3706 -0.7610
vn -0.5290 0.4387 -0.7264
vn -0.9109 0.2567 -0.3230
vn 0.9345 0.1779 -0.3084
vn 0.7258 0.2442 -0.6431
vn -0.7584 0.5174 -0.3964
vn 0.4339 0.5289 -0.7294
vn 0.3891 0.6429 -0.6598
vn 0.6087 0.5169 -0.6020
vn 0.7623 0.4404 -0.4743
vn -0.6140 0.7489 -0.2494
vn -0.9234 0.0686 0.3776
vn -0.8819 0.0597 0.4676
vn 0.5885 0.7190 -0.3697
vn 0.7175 0.6313 0.2945
vn -0.1451 0.8789 -0.4543
vn -0.9830 -0.1781 0.0440
vn -0.6257 0.7748 0.0907
vn 0.3823 0.8633 -0.3296
vn -0.3517 0.7561 -0.5520
vn 0.0456 0.6203 -0.7831
vn -0.9653 0.2046 -0.1622
vn -0.8336 0.3782 -0.4026
vn -0.6938 0.5551 -0.4587
vn -0.6900 0.5890 -0.4208
vn -0.7991 0.4252 -0.4251
vn -0.5429 0.5938 -0.5938
vn -0.6900 0.5890 -0.4207
vn -0.6924 0.5924 -0.4119
vn 0.6609 -0.7497 -0.0335
vn 0.5891 -0.8079 -0.0169
vn 0.5904 -0.7305 0.3433
vn -0.8058 0.0893 -0.5854
vn 0.7685 -0.1855 0.6123
vn 0.0070 -0.8507 -0.5255
vn -0.1344 -0.9239 -0.3583
vn -0.9322 0.2851 -0.2229
vn 0.8416 -0.4553 0.2907
vn -0.6092 0.2027 -0.7666
vn -0.2495 -0.8740 -0.4169
vn -0.4722 -0.8017 -0.3663
vn -0.9112 0.0039 -0.4120
vn -0.4128 0.8485 -0.3311
vn 0.2938 0.1285 -0.9472
vn 0.1339 -0.0349 -0.9904
vn 0.2340 -0.4192 -0.8772
vn 0.0483 0.0635 -0.9968
vn 0.4065 -0.3295 -0.8522
vn -0.7801 0.6110 0.1347
vn 0.4267 0.3659 -0.8271
vn 0.0824 0.6213 -0.7792
vn 0.0628 0.8246 -0.5622
vn 0.8783 0.2299 -0.4192
vn 0.1800 0.7474 0.6395
vn -0.6301 -0.7485 -0.2069
vn -0.7104 -0.6525 -0.2636
vn -0.8949 -0.4407 0.0702
vn 0.8241 0.0288 -0.5657
vn 0.4124 0.3437 -0.8437
vn -0.6736 0.7234 -0.1517
vn -0.8225 0.5417 -0.1731
vn -0.9831 0.1820 0.0196
vn -0.6894 0.6725 -0.2691
vn 0.6590 0.6336 -0.4053
vn 0.2924 -0.9459 0.1404
vn -0.7853 0.0544 -0.6167
vn -0.2458 -0.8977 -0.3656
vn -0.6907 -0.7206 0.0599
vn 0.9811 0.1546 0.1162
vn -0.6167 0.6728 -0.4087
vn 0.3057 -0.9510 -0.0465
vn 0.2333 -0.9537 -0.1901
vn 0.9047 -0.2795 -0.3215
vn 0.9796 -0.1711 -0.1057
vn -0.2624 -0.5707 -0.7781
vn -0.5585 0.7577 -0.3377
vn 0.7423 0.4245 -0.5185
vn -0.5078 0.7321 -0.4541
vn 0.4390 -0.3875 -0.8107
vn 0.8568 -0.0207 -0.5152
vn 0.5626 0.7828 0.2659
vn 0.3180 0.8036 -0.5032
vn 0.4079 0.6859 0.6026
vn 0.0571 0.7847 0.6173
vn 0.6613 0.3448 -0.6662
vn -0.4798 0.7232 -0.4967
vn -0.9280 -0.2430 0.2825
vn -0.0144 0.9057 -0.4236
vn -0.7147 -0.4571 -0.5293
vn -0.7855 0.1174 -0.6077
vn 0.7775 -0.0968 0.6214
vn -0.5756 -0.5536 -0.6019
vn -0.2373 -0.9660 0.1025
vn -0.0505 -0.9955 -0.0798
vn 0.9335 -0.0030 0.3584
vn -0.9754 -0.2115 -0.0627
vn -0.7006 0.2369 -0.6731
vn 0.7338 -0.6688 -0.1191
vn -0.2269 -0.8307 -0.5084
vn -0.7209 -0.6849 0.1055
vn 0.7600 -0.6221 0.1881
vn 0.4333 -0.8361 -0.3364
vn 0.8856 -0.3375 -0.3190
vn -0.8421 0.4524 -0.2938
vn 0.9377 0.1058 -0.3311
vn 0.8411 0.1558 -0.5179
vn 0.4661 -0.3795 -0.7992
vn 0.6654 0.7339 -0.1366
vn -0.0802 0.9962 0.0341
vn -0.9682 -0.1467 -0.2027
vn -0.9576 -0.2378 -0.1625
vn -0.0647 0.8348 -0.5467
vn 0.4245 0.5100 -0.7481
vn 0.2332 0.7108 0.6636
vn 0.8557 0.1210 -0.5032
vn 0.8945 -0.1366 -0.4257
vn 0.1748 0.8151 -0.5523
vn 0.4834 0.8594 -0.1667
vn 0.7092 0.6810 -0.1824
vn -0.9427 0.3215 0.0893
vn -0.3733 -0.8783 -0.2989
vn -0.7900 0.0869 -0.6069
vn 0.7840 -0.1950 0.5893
vn -0.7463 -0.1150 -0.6557
vn -0.3396 -0.8130 -0.4730
vn 0.8612 -0.4251 -0.2786
vn -0.9287 0.2981 -0.2207
vn 0.1524 -0.9363 -0.3163
vn -0.4156 -0.6033 -0.6806
vn -0.4959 -0.8636 0.0910
vn 0.2215 -0.9752 -0.0056
vn -0.9794 0.1630 0.1192
vn -0.4823 0.7029 -0.5228
vn -0.8470 0.3221 -0.4229
vn 0.4400 0.0512 -0.8965
vn -0.8139 0.5456 -0.1999
vn 0.7906 -0.0472 -0.6106
vn -0.4436 0.8236 -0.3534
vn 0.4047 0.6533 0.6399
vn -0.8170 -0.5652 -0.1138
vn -0.5591 -0.7692 0.3094
vn -0.8129 -0.3863 0.4359
vn -0.0518 0.7166 -0.6956
vn 0.0394 0.9488 -0.3133
vn 0.6962 0.6012 -0.3922
vn 0.1146 -0.9932 -0.0219
vn 0.6854 -0.5502 0.4770
vn 0.7924 -0.2596 0.5520
vn 0.6543 -0.4297 0.6222
vn 0.9376 -0.0215 -0.3470
vn 0.4957 -0.6485 -0.5777
vn 0.9780 -0.0562 0.2010
vn -0.1736 -0.9730 -0.1521
vn 0.9752 0.1107 0.1918
vn 0.8889 -0.4581 -0.0055
vn -0.5576 0.6360 -0.5334
vn 0.3387 -0.0337 -0.9403
vn -0.8472 0.4487 -0.2846
vn 0.3620 -0.2649 -0.8938
vn -0.4982 0.7789 -0.3809
vn 0.8545 0.5001 -0.1406
vn -0.9442 0.0573 -0.3242
vn -0.0904 0.9958 0.0139
vn 0.4804 0.7059 0.5205
vn 0.6192 0.6656 0.4166
vn 0.4024 0.5046 -0.7638
vn 0.4104 0.9119 -0.0010
vn -0.6688 -0.6955 0.2628
vn 0.8051 0.0868 -0.5867
vn 0.8954 -0.0024 -0.4453
vn 0.6204 0.3806 -0.6857
vn -0.4934 0.6790 -0.5437
vn -0.9248 0.0072 -0.3803
vn -0.8553 0.1693 -0.4897
vn 0.7449 -0.0832 0.6620
vn 0.7842 -0.2940 0.5465
vn -0.6858 -0.7145 0.1382
vn 0.9277 -0.3677 0.0650
vn 0.4298 -0.8202 0.3775
vn -0.9380 -0.2873 0.1938
vn -0.4179 -0.9035 0.0952
vn -0.6821 -0.3613 0.6358
vn 0.1710 -0.9745 0.1451
vn -0.9756 0.1208 0.1834
vn 0.7164 -0.6532 0.2451
vn 0.7016 -0.5037 -0.5041
vn 0.7541 -0.1931 -0.6277
vn -0.6410 0.2609 -0.7218
vn -0.1337 0.8940 0.4277
vn -0.5177 0.8426 0.1483
vn 0.3023 0.6017 0.7393
vn 0.5495 0.7728 0.3174
vn 0.3905 0.7752 0.4966
vn 0.5750 0.7779 0.2537
vn 0.3536 0.8080 0.4713
vn 0.5685 0.7958 0.2086
vn 0.5780 0.6629 0.4759
vn 0.5685 0.7779 0.2677
vn 0.1109 0.7454 -0.6573
vn -0.2787 0.5537 -0.7847
vn 0.2934 0.8701 -0.3960
vn -0.8854 -0.2797 0.3711
vn -0.0692 0.3920 -0.9174
vn 0.2957 0.5842 -0.7558
vn -0.5487 0.8356 0.0264
vn -0.5544 -0.8196 0.1446
vn -0.8596 -0.5016 -0.0972
vn -0.2999 -0.9530 0.0421
vn -0.3307 -0.9071 0.2605
vn 0.6976 -0.0478 -0.7149
vn 0.6460 -0.5882 0.4866
vn -0.4250 -0.8177 0.3882
vn -0.5508 -0.5168 0.6554
vn 0.4779 -0.8697 -0.1235
vn 0.9190 -0.1781 0.3516
vn 0.9895 -0.0285 -0.1418
vn 0.2879 0.7969 0.5311
vn -0.6754 0.0390 -0.7364
vn 0.2351 0.9701 -0.0609
vn -0.8459 0.2489 -0.4717
vn 0.4057 0.9134 0.0321
vn 0.8823 0.4707 0.0074
vn 0.5749 0.7779 0.2537
vn 0.6260 0.7782 0.0507
vn -0.9431 -0.2699 -0.1945
vn 0.3444 0.4728 -0.8111
vn 0.6138 0.5015 -0.6097
vn -0.8168 -0.4477 0.3639
vn 0.9310 0.2559 -0.2604
vn -0.3172 0.4907 -0.8115
vn 0.7612 0.3369 -0.5542
vn 0.7233 0.4797 -0.4967
vn 0.6769 0.7008 -0.2249
vn -0.8596 0.3678 0.3548
vn 0.5775 -0.6141 0.5380
vn -0.9725 0.0540 -0.2264
vn -0.8853 -0.4287 -0.1800
vn 0.4724 -0.8795 0.0569
vn -0.2271 -0.8950 0.3839
vn -0.1784 -0.2443 0.9532
vn 0.4908 -0.2121 0.8451
vn 0.2526 0.2490 0.9350
vn -0.3175 0.4032 0.8582
vn -0.9912 -0.0097 -0.1320
vn 0.5043 -0.0771 -0.8601
vn 0.4739 -0.4694 -0.7450
vn -0.9301 0.3503 0.1102
vn -0.7935 -0.4762 -0.3790
vn -0.2116 0.3235 -0.9222
vn -0.3044 0.4188 -0.8556
vn 0.8697 -0.4834 0.0998
vn -0.5856 -0.2394 -0.7744
vn 0.1458 0.0227 -0.9891
vn -0.2715 -0.1905 -0.9434
vn -0.3604 0.2587 -0.8962
vn 0.8224 -0.5682 -0.0305
vn 0.2238 0.6457 -0.7301
vn -0.7159 0.5768 -0.3934
vn 0.9110 0.4121 -0.0142
vn -0.6462 0.2617 -0.7169
vn -0.3886 0.9209 -0.0305
vn 0.7071 0.6402 0.3003
vn -0.8546 -0.4362 0.2818
vn 0.8638 0.0842 -0.4967
vn -0.2193 0.3136 -0.9239
vn -0.0532 0.4027 -0.9138
vn -0.0861 0.2261 -0.9703
vn 0.2957 0.9490 0.1095
vn 0.4399 0.5061 -0.7419
vn -0.0932 -0.1360 -0.9863
vn -0.0087 -0.2642 -0.9644
vn 0.0533 -0.0792 -0.9954
vn 0.3325 -0.1373 -0.9331
vn -0.4671 0.1664 -0.8684
vn -0.1943 0.3296 -0.9239
vn 0.3496 0.1389 -0.9265
vn -0.1388 -0.8505 0.5073
vn -0.9179 -0.3925 -0.0583
vn 0.7007 -0.2245 0.6772
vn 0.7787 -0.1937 0.5968
vn -0.2239 0.6690 0.7087
vn 0.3222 -0.5367 -0.7799
vn -0.5881 -0.4642 0.6623
vn -0.8658 -0.4622 0.1917
vn 0.1262 -0.5733 0.8096
vn 0.9945 -0.0661 -0.0811
vn 0.7892 -0.6137 -0.0241
vn 0.9160 -0.3516 0.1933
vn -0.6505 -0.4081 0.6405
vn -0.5951 -0.4553 0.6622
vn 0.4650 -0.6324 0.6195
vn 0.1461 0.2170 -0.9652
vn -0.2845 0.7302 -0.6211
vn -0.3897 0.7129 -0.5831
vn 0.9452 0.2407 0.2207
vn 0.6684 0.7432 -0.0305
vn -0.6533 0.2006 -0.7300
vn 0.1354 0.7008 -0.7004
vn -0.2220 0.0595 -0.9732
vn -0.4717 0.2074 -0.8570
vn 0.5452 0.3899 -0.7421
vn -0.4670 0.6613 -0.5870
vn 0.6401 0.6195 -0.4545
vn -0.3508 0.8273 -0.4386
vn 0.1643 0.8343 -0.5262
vn -0.9785 -0.0010 0.2063
vn 0.7523 -0.1239 0.6470
vn -0.9673 0.1492 0.2051
vn -0.7210 0.1260 0.6814
vn -0.1677 -0.5349 0.8281
vn 0.6262 -0.4374 0.6454
vn 0.1267 0.3061 0.9435
vn -0.2044 0.6995 0.6848
vn 0.5273 -0.1343 0.8390
vn -0.6158 0.2495 0.7474
vn 0.5810 -0.3106 0.7523
vn -0.8782 0.2048 0.4323
vn -0.7502 0.1085 0.6522
vn 0.4713 -0.5944 0.6516
vn -0.2271 -0.5140 0.8272
vn -0.0162 -0.4946 0.8690
vn -0.5266 -0.2850 0.8009
vn -0.4391 -0.6020 0.6669
vn 0.3198 -0.9311 -0.1756
vn -0.4842 -0.8606 0.1577
vn 0.5023 -0.7873 0.3575
vn 0.5026 -0.1782 0.8459
vn 0.5421 -0.0950 0.8349
vn -0.5864 -0.4087 -0.6994
vn 0.3394 -0.6488 0.6811
vn -0.9026 0.1912 -0.3857
vn 0.2654 0.6217 -0.7369
vn -0.7106 0.4685 -0.5249
vn -0.1016 0.7441 -0.6603
vn -0.5785 0.5688 -0.5846
vn -0.4360 0.8999 0.0084
vn 0.3903 0.5268 -0.7551
vn 0.9058 0.2766 -0.3211
vn -0.9395 -0.3404 -0.0377
vn 0.3730 0.5518 -0.7459
vn 0.8661 0.2335 -0.4420
vn -0.2240 0.9640 0.1429
vn -0.5664 0.3206 -0.7592
vn 0.8314 0.2373 -0.5024
vn 0.1266 0.8715 0.4738
vn -0.0711 0.8029 0.5918
vn -0.6680 0.3269 -0.6685
vn -0.7304 -0.5246 0.4375
vn 0.5350 -0.0276 -0.8444
vn 0.5905 -0.6273 -0.5078
vn -0.4008 -0.7970 0.4519
vn -0.7404 -0.4658 0.4845
vn 0.1024 -0.7443 0.6599
vn 0.5633 -0.3547 0.7462
vn -0.5343 -0.7129 0.4542
vn 0.8154 0.4038 -0.4148
vn 0.8959 0.0542 0.4409
vn 0.6593 -0.4837 0.5756
vn -0.2798 -0.3897 0.8774
vn 0.5551 -0.2275 0.8001
vn -0.8868 -0.0356 -0.4607
vn 0.5104 -0.6329 0.5822
vn -0.6332 0.7659 -0.1116
vn -0.0889 0.5806 -0.8093
vn 0.8943 -0.1015 0.4357
vn 0.9234 0.3837 0.0125
vn -0.7495 0.0239 -0.6616
vn 0.2494 0.9672 -0.0472
vn -0.5417 0.8260 -0.1559
vn -0.2256 0.9740 0.0223
vn 0.2972 0.9548 -0.0038
vn 0.9305 0.3664 -0.0009
vn 0.9932 0.0052 -0.1164
vn -0.9445 -0.3234 0.0583
vn -0.8525 0.3498 0.3884
vn 0.8629 0.3661 -0.3485
vn 0.4974 0.4864 -0.7183
vn 0.5789 0.7997 -0.1595
vn 0.2357 0.9702 0.0555
vn 0.1685 -0.7004 0.6936
vn 0.6952 -0.1091 0.7105
vn -0.0787 0.6962 0.7135
vn 0.5154 -0.8133 0.2701
vn 0.1645 0.2289 0.9594
vn 0.0198 -0.9833 -0.1807
vn 0.0916 -0.8764 -0.4728
vn 0.0131 -0.9303 0.3665
vn 0.4192 -0.5541 0.7192
vn -0.2278 -0.9303 0.2875
vn -0.7533 -0.2277 0.6170
vn 0.8719 0.3057 -0.3825
vn 0.3657 -0.8766 0.3128
vn -0.9423 -0.0916 0.3221
vn 0.3986 -0.9169 0.0215
vn -0.4573 0.0143 0.8892
vn -0.1799 -0.4171 0.8909
vn 0.1543 0.1874 0.9701
vn 0.6824 -0.4389 -0.5845
vn 0.5413 -0.1810 0.8211
vn -0.3386 -0.7981 -0.4985
vn 0.4830 -0.2344 0.8437
vn 0.1596 -0.6623 0.7321
vn -0.3428 0.0726 -0.9366
vn -0.2783 0.1817 -0.9432
vn 0.9808 -0.0693 0.1822
vn -0.2366 0.8733 -0.4260
vn -0.3231 0.0094 -0.9463
vn -0.5734 0.4699 -0.6711
vn -0.9330 -0.1139 -0.3414
vn 0.5473 0.8138 -0.1952
vn -0.8646 -0.4680 -0.1830
vn -0.2770 0.7798 0.5614
vn 0.5349 0.8019 -0.2663
vn -0.8309 0.3945 -0.3925
vn 0.5724 0.7627 0.3010
vn -0.2414 -0.6219 0.7450
vn 0.6510 -0.1179 0.7498
vn -0.6987 0.1954 0.6882
vn -0.3659 0.3558 0.8599
vn -0.5945 -0.4718 0.6511
vn 0.9728 -0.2190 -0.0753
vn -0.6820 -0.2601 0.6835
vn 0.7664 -0.6006 0.2277
vn 0.7668 -0.6243 0.1493
vn -0.5550 -0.6910 0.4632
vn 0.7593 0.5149 0.3980
vn -0.3034 -0.9276 0.2181
vn -0.9156 0.1429 0.3760
vn -0.3771 0.3229 0.8680
vn -0.4575 -0.3672 0.8099
vn 0.7605 -0.5631 -0.3234
vn -0.0751 -0.6100 0.7888
vn 0.3343 -0.3854 0.8601
vn 0.3786 0.0289 0.9251
vn 0.7656 -0.5242 -0.3729
vn -0.2700 -0.8820 0.3863
vn 0.7558 0.0290 0.6542
vn -0.8072 0.5878 0.0537
vn 0.4018 -0.8460 0.3504
vn -0.8692 0.4945 0.0077
vn -0.5954 0.8024 -0.0396
vn -0.4526 0.1120 -0.8847
vn 0.7791 -0.4668 0.4185
vn -0.2341 0.2495 -0.9397
vn -0.1371 0.2086 -0.9684
vn -0.3535 0.4619 -0.8134
vn 0.6315 0.7457 -0.2124
vn -0.6269 0.4640 -0.6259
vn -0.7730 -0.2186 -0.5956
vn -0.3702 0.8780 0.3033
vn -0.6307 0.7577 -0.1675
vn 0.0261 0.9994 -0.0222
vn 0.3283 -0.4346 0.8386
vn -0.5386 -0.1105 0.8353
vn -0.1382 -0.8622 0.4873
vn 0.1220 -0.9925 0.0077
vn -0.5079 -0.7419 0.4377
vn 0.7707 0.6057 0.1977
vn 0.3427 -0.9315 -0.1221
vn 0.0491 0.4713 0.8806
vn -0.9499 0.0426 0.3097
vn 0.3164 0.3221 0.8923
vn -0.9003 -0.0155 0.4350
vn -0.8029 -0.3455 0.4859
vn -0.7711 -0.4288 0.4706
vn 0.3757 -0.7426 0.5544
vn -0.1706 -0.8251 0.5387
vn 0.1749 -0.8737 0.4540
vn -0.3934 -0.8150 0.4256
vn 0.6560 -0.6114 -0.4426
vn 0.9745 -0.0367 0.2215
vn -0.1267 -0.9724 0.1958
vn -0.6416 -0.5073 -0.5754
vn 0.5519 -0.7281 0.4064
vn -0.8285 0.4903 0.2706
vn -0.8714 0.4861 0.0670
vn -0.7610 0.5887 0.2725
vn -0.8280 0.5070 0.2394
vn -0.7421 0.6496 0.1653
vn -0.7221 0.6885 0.0672
vn -0.7976 0.5238 0.2992
vn -0.5213 0.7294 0.4429
vn -0.8447 0.2305 -0.4831
vn 0.0184 0.8905 -0.4547
vn 0.7119 0.7005 0.0500
vn -0.6981 0.6232 -0.3524
vn -0.1977 0.9666 0.1631
vn -0.3687 0.5462 -0.7522
vn 0.9492 0.2711 0.1600
vn 0.5869 0.8040 0.0956
vn 0.8582 0.4851 -0.1679
vn -0.8458 -0.0370 -0.5322
vn 0.9420 -0.0605 -0.3301
vn 0.9378 0.3426 -0.0559
vn 0.3315 0.7757 0.5371
vn -0.5217 0.8231 -0.2244
vn 0.1296 -0.1843 0.9743
vn 0.2666 0.1611 0.9502
vn -0.0564 -0.8838 0.4645
vn 0.6072 -0.6669 0.4319
vn -0.7664 -0.2911 0.5726
vn -0.7540 -0.3961 0.5240
vn -0.8012 -0.1396 0.5818
vn 0.8142 -0.0725 0.5760
vn 0.2335 0.3434 0.9097
vn 0.1906 -0.3410 0.9205
vn 0.2182 0.2159 0.9517
vn 0.6172 -0.6226 -0.4811
vn 0.3401 -0.5513 0.7618
vn -0.2814 -0.8636 0.4183
vn -0.1571 -0.9032 0.3995
vn -0.3035 -0.9228 -0.2372
vn -0.8784 0.4547 -0.1472
vn 0.6129 -0.5727 0.5444
vn -0.7105 0.5439 0.4465
vn -0.7955 0.4908 0.3555
vn -0.5087 0.5547 0.6584
vn -0.9919 0.1254 0.0178
vn -0.1417 0.9288 -0.3425
vn 0.3041 0.8762 -0.3740
vn -0.2358 0.7471 -0.6215
vn -0.5735 -0.5322 -0.6227
vn -0.6371 0.7313 -0.2435
vn -0.2006 0.9732 0.1125
vn 0.9569 0.2896 -0.0204
vn -0.8529 0.5220 0.0065
vn 0.8524 0.4896 0.1838
vn -0.9403 0.2678 -0.2100
vn 0.5946 0.5865 0.5500
vn -0.0162 0.9977 -0.0655
vn -0.1913 -0.0131 0.9814
vn 0.8075 0.1402 0.5729
vn -0.1160 -0.0710 0.9907
vn -0.9651 -0.0465 0.2575
vn 0.0517 0.3311 0.9422
vn -0.3255 -0.8360 0.4419
vn 0.1978 0.3340 0.9216
vn 0.5975 -0.7806 -0.1834
vn 0.0878 -0.9854 0.1462
vn 0.3748 -0.1817 0.9091
vn 0.5063 0.0485 0.8610
vn -0.9103 -0.3540 -0.2147
vn -0.9997 0.0231 0.0078
vn 0.8416 -0.1562 0.5171
vn 0.3512 -0.8962 0.2711
vn -0.2818 0.7803 0.5583
vn 0.9773 0.1917 0.0906
vn -0.6824 0.7031 -0.2001
vn -0.5957 0.7313 -0.3322
vn -0.3857 0.8406 -0.3802
vn 0.8598 0.1965 0.4714
vn 0.6509 0.3732 0.6611
vn 0.2040 0.4793 0.8536
vn 0.3482 -0.0021 0.9374
vn -0.3592 0.1270 0.9246
vn -0.1326 -0.5130 0.8481
vn 0.3509 -0.6933 0.6294
vn 0.4600 0.6158 0.6397
vn -0.6042 -0.4553 -0.6540
vn -0.1411 0.9802 0.1393
vn 0.3382 0.9042 0.2607
vn -0.9271 0.3210 0.1936
vn -0.3181 -0.7082 0.6303
vn -0.4003 -0.0189 0.9162
vn 0.6523 -0.7579 -0.0126
vn 0.4678 0.5377 0.7015
vn 0.0476 -0.9495 0.3101
vn -0.0532 0.2865 0.9566
vn 0.1593 0.4317 0.8878
vn -0.9642 -0.0986 0.2462
vn 0.6259 -0.7383 0.2513
vn 0.4717 -0.2651 0.8409
vn 0.2039 -0.7134 0.6705
vn 0.9777 -0.2027 -0.0543
vn -0.2283 -0.9017 0.3671
vn 0.8991 0.4166 0.1344
vn 0.9179 0.2370 0.3183
vn -0.0149 0.4445 0.8957
vn -0.4847 0.0099 0.8746
vn 0.7864 -0.4923 0.3732
vn -0.9786 0.0398 0.2019
vn -0.0631 0.9546 -0.2913
vn 0.1365 0.9186 0.3710
vn 0.8321 0.5452 0.1015
vn -0.8091 0.5809 0.0890
vn -0.2856 0.5989 0.7481
vn 0.5815 0.5789 0.5716
vn 0.9356 -0.0807 0.3436
vn 0.0804 -0.5082 0.8575
vn 0.7790 -0.0573 0.6244
vn -0.9119 0.1563 -0.3795
vn 0.9552 -0.1036 0.2773
vn -0.6663 0.7342 -0.1307
vn 0.3308 0.4075 0.8512
vn -0.4256 0.1597 0.8907
vn -0.1666 -0.0247 0.9857
vn 0.5112 0.0519 0.8579
vn 0.6941 0.4377 0.5716
vn -0.6390 0.6947 0.3302
vn -0.8115 0.5761 0.0976
vn 0.4396 0.0207 0.8980
vn 0.3245 0.8453 0.4244
vn -0.0817 -0.4338 0.8973
vn -0.1000 -0.9922 0.0748
vn 0.4984 -0.8415 0.2085
vn 0.3817 0.4215 0.8226
vn 0.5444 -0.8381 0.0350
vn 0.5867 -0.1392 0.7978
vn -0.8305 0.1385 0.5396
vn 0.3858 -0.8134 0.4354
vn -0.8981 0.0860 0.4313
vn -0.8889 -0.2854 0.3583
vn 0.8392 0.1726 0.5157
vn -0.7168 -0.3704 0.5908
vn 0.1765 -0.2929 0.9397
vn -0.6751 -0.5665 0.4726
vn 0.3455 -0.8126 0.4693
vn -0.4493 -0.7244 0.5229
vn 0.1298 -0.8817 0.4537
vn -0.3849 -0.6590 0.6462
vn -0.0522 -0.8922 0.4486
vn -0.6225 -0.5855 0.5193
vn 0.6641 -0.4616 0.5881
vn -0.5711 0.7196 0.3949
vn -0.3043 -0.0831 0.9489
vn -0.0548 0.4678 0.8821
vn 0.4585 -0.8719 0.1719
vn 0.5801 -0.6962 0.4228
vn -0.7202 -0.3769 0.5825
vn 0.0579 0.9765 0.2077
vn 0.3568 0.7811 0.5125
vn 0.9022 0.3016 0.3083
vn -0.0610 0.1973 0.9784
vn -0.7221 -0.6599 -0.2075
vn -0.1038 0.5895 0.8011
vn 0.7561 0.3569 0.5486
vn -0.0274 0.2908 0.9564
vn 0.4614 -0.1564 0.8733
vn -0.5396 -0.1113 0.8346
vn 0.5595 0.5432 0.6260
vn -0.8526 0.4382 0.2847
vn -0.9627 0.2701 -0.0169
vn -0.9426 0.2524 0.2188
vn -0.9418 0.3092 0.1316
vn -0.9682 0.0735 0.2393
vn 0.1272 0.4734 0.8716
vn -0.4214 0.7298 0.5383
vn 0.1615 -0.3063 0.9381
vn -0.3672 -0.1231 0.9220
vn -0.5387 -0.7771 0.3256
vn 0.1011 0.2012 0.9743
vn -0.8583 -0.2425 0.4522
vn -0.8806 -0.0614 0.4700
vn 0.9260 0.0579 0.3731
vn -0.3563 -0.5337 0.7670
vn 0.6133 -0.7286 0.3050
vn -0.0485 -0.8503 0.5241
vn 0.7869 0.3453 0.5114
vn -0.7548 0.1341 0.6421
vn 0.2525 -0.8348 0.4893
vn -0.6253 0.2101 0.7516
vn -0.6329 -0.6720 0.3845
vn 0.6386 0.6588 0.3978
vn 0.1279 0.9690 -0.2115
vn 0.2428 0.9587 0.1483
vn -0.5575 0.7772 0.2918
vn -0.7902 0.6117 0.0374
vn -0.3244 0.7395 0.5898
vn -0.9329 -0.3118 -0.1802
vn 0.0601 0.5296 0.8461
vn -0.8855 -0.4612 -0.0560
vn 0.1845 -0.8155 0.5486
vn 0.4187 0.0808 0.9045
vn 0.4082 0.7618 0.5030
vn 0.5536 -0.0124 0.8327
vn 0.0059 0.9909 0.1345
vn -0.0715 0.9638 0.2569
vn -0.4919 0.0483 0.8693
vn 0.3959 -0.0984 0.9130
vn -0.1655 0.1525 0.9744
vn -0.9425 0.2524 0.2188
vn -0.6669 0.5111 0.5421
vn -0.6452 0.4753 0.5981
vn -0.6819 0.1451 0.7169
vn -0.9386 0.2716 0.2127
vn -0.9754 0.0497 0.2149
vn 0.0194 -0.7502 0.6609
vn -0.0357 0.0920 0.9951
vn 0.6234 -0.2407 0.7440
vn 0.7479 -0.3520 0.5628
vn 0.0899 -0.6527 0.7523
vn 0.3280 -0.7244 0.6063
vn 0.7808 0.2215 0.5842
vn -0.0226 -0.8006 0.5987
vn -0.5110 -0.6411 0.5726
vn 0.1623 -0.3477 0.9235
vn 0.8328 0.0863 0.5467
vn -0.2566 0.3838 0.8871
vn 0.1887 0.4934 0.8491
vn -0.0933 0.7757 0.6242
vn -0.9584 -0.1097 0.2636
vn -0.6984 -0.6665 0.2607
vn 0.8219 -0.0120 0.5695
vn -0.9783 -0.1229 0.1667
vn 0.5494 0.7982 -0.2471
vn -0.6186 0.7635 0.1856
vn -0.3397 0.8970 0.2828
vn 0.7966 0.5976 0.0909
vn 0.3353 0.5988 0.7273
vn -0.0653 -0.1722 0.9829
vn 0.0277 -0.3380 0.9407
vn 0.5645 -0.2436 0.7887
vn 0.3512 0.4123 0.8406
vn -0.3736 0.1226 0.9194
vn 0.4467 0.0074 0.8947
vn 0.3065 0.3108 0.8997
vn 0.0073 0.3186 0.9479
vn -0.2306 0.1213 0.9654
vn 0.5175 0.3765 0.7684
vn 0.5280 -0.7802 0.3355
vn 0.3131 -0.5750 0.7558
vn -0.6606 -0.4901 0.5686
vn -0.1158 -0.7147 0.6898
vn -0.4331 -0.6342 0.6405
vn 0.5351 -0.4854 0.6914
vn -0.1895 -0.3714 0.9089
vn -0.4492 -0.1817 0.8748
vn -0.0511 0.3206 0.9458
vn -0.8274 0.2057 0.5226
vn 0.3059 -0.6198 0.7227
vn 0.2450 -0.8011 0.5461
vn 0.2108 0.7077 0.6744
vn 0.2009 0.5384 0.8184
vn -0.6866 0.5138 0.5144
vn -0.6796 -0.6211 0.3903
vn 0.7736 0.5436 0.3256
vn -0.9311 0.1271 0.3418
vn 0.3229 0.7437 0.5853
vn -0.3263 0.4583 0.8267
vn 0.2764 -0.1338 0.9517
vn -0.1725 0.3018 0.9376
vn -0.4580 -0.3677 0.8093
vn 0.2059 -0.7484 0.6305
vn -0.5221 0.0297 0.8524
vn 0.9416 -0.1167 0.3159
vn 0.7507 0.4870 0.4464
vn 0.7841 0.4381 0.4395
vn -0.5051 0.0526 0.8615
vn 0.2820 -0.4033 0.8705
vn 0.5819 0.1406 0.8010
vn -0.0451 -0.1940 0.9800
vn 0.2926 -0.3463 0.8913
vn 0.5963 0.0169 0.8026
vn -0.4589 -0.3023 0.8355
vn -0.4122 -0.3290 0.8496
vn 0.0721 -0.2846 0.9559
vn 0.3959 -0.5063 0.7661
vn -0.2998 -0.3074 0.9031
vn -0.5604 -0.4315 0.7069
vn 0.8035 -0.2236 0.5518
vn 0.5521 -0.2333 0.8005
vn 0.4564 0.1041 0.8837
vn -0.9260 0.3619 0.1079
vn 0.4509 0.8897 0.0719
vn -0.4347 0.8706 0.2303
vn -0.0384 0.9786 -0.2022
vn 0.2666 0.9637 0.0120
vn -0.6774 -0.5213 0.5190
vn 0.2828 0.2202 0.9336
vn 0.0988 0.8307 0.5480
vn -0.0927 0.2340 0.9678
vn -0.5287 -0.0006 0.8488
vn -0.1567 -0.3439 0.9258
vn 0.3493 0.1272 0.9283
vn 0.3259 -0.5270 0.7849
vn -0.1759 -0.5681 0.8040
vn 0.3738 -0.0146 0.9274
vn -0.1269 -0.7389 0.6618
vn -0.9755 -0.1435 -0.1667
vn 0.6588 -0.5492 0.5141
vn 0.3660 -0.3693 0.8542
vn -0.0110 0.9993 -0.0349
vn 0.9398 0.2500 -0.2329
vn 0.2426 0.8661 0.4370
vn 0.1676 0.8209 0.5460
vn -0.4654 0.6943 0.5489
vn 0.1524 0.1838 0.9711
vn -0.2896 -0.2936 0.9110
vn 0.5819 -0.3517 0.7332
vn 0.1086 0.2785 0.9543
vn -0.6025 -0.4919 0.6285
vn -0.1137 -0.7086 0.6964
vn -0.2864 -0.7789 0.5579
vn -0.3971 -0.2255 0.8896
vn -0.0744 -0.7778 0.6241
vn -0.9891 -0.1471 0.0107
vn -0.8752 -0.4796 -0.0640
vn 0.2874 0.1712 0.9424
vn -0.7961 -0.5756 0.1869
vn -0.9755 -0.1014 0.1954
vn 0.3755 0.3845 0.8433
vn 0.7549 0.4709 0.4564
vn 0.2922 0.7885 -0.5412
vn -0.0847 0.9582 -0.2732
vn 0.7021 0.7086 0.0702
vn -0.6584 -0.2032 0.7247
vn 0.4247 0.6544 0.6256
vn 0.4896 0.6741 0.5530
vn -0.1398 0.8165 0.5601
vn 0.0525 0.7212 0.6907
vn -0.1473 -0.0889 0.9851
vn 0.2052 -0.2443 0.9477
vn 0.5505 -0.3638 0.7514
vn -0.0735 -0.2375 0.9686
vn -0.2470 -0.6195 0.7451
vn 0.3956 -0.7495 0.5307
vn 0.2634 -0.7789 0.5691
vn 0.3716 -0.2398 0.8969
vn -0.3054 -0.5913 0.7464
vn 0.1403 -0.8207 0.5539
vn 0.5305 -0.8292 0.1760
vn -0.5683 -0.7746 0.2776
vn 0.5736 0.6097 -0.5471
vn 0.6630 0.6740 -0.3259
vn 0.6207 0.7487 -0.2329
vn 0.3815 0.7702 -0.5111
vn -0.4489 0.8936 0.0032
vn 0.6483 0.4243 -0.6322
vn -0.8592 0.4601 0.2240
vn -0.9004 -0.2041 0.3843
vn -0.4191 0.3519 0.8370
vn -0.0073 -0.4376 0.8991
vn 0.3972 0.2619 0.8796
vn -0.1827 0.1335 0.9741
vn -0.1672 -0.6512 0.7402
vn 0.4794 -0.7046 0.5233
vn -0.3363 -0.9176 0.2119
vn -0.0155 -0.3051 0.9522
vn 0.4379 -0.4469 0.7801
vn 0.4823 -0.8597 0.1682
vn -0.0142 -0.8228 0.5681
vn 0.4013 -0.1392 0.9053
vn -0.9052 -0.4221 0.0502
vn 0.6518 0.1721 0.7386
vn -0.7446 0.6603 -0.0975
vn 0.8366 0.5063 0.2093
vn 0.6101 0.5931 -0.5253
vn 0.6112 0.7301 -0.3056
vn 0.6609 0.5389 -0.5223
vn -0.0655 0.5687 -0.8200
vn 0.6166 0.5852 -0.5266
vn 0.7066 0.6395 -0.3030
vn 0.6100 0.5932 -0.5254
vn 0.5803 0.5180 -0.6284
vn 0.2071 0.8686 0.4502
vn -0.7022 0.2201 0.6771
vn 0.4959 0.8601 0.1191
vn 0.0448 0.9449 0.3243
vn 0.5152 -0.8546 0.0648
vn -0.3376 -0.9407 -0.0317
vn 0.4302 -0.8929 -0.1327
vn 0.7692 -0.6190 -0.1586
vn -0.0978 -0.6839 0.7230
vn -0.9315 -0.2739 -0.2393
vn 0.8723 -0.2772 0.4028
vn -0.9284 -0.2391 -0.2846
vn -0.9828 0.1779 -0.0488
vn 0.9267 0.3653 -0.0883
vn -0.2763 0.8915 -0.3591
vn 0.2811 0.3339 -0.8997
vn 0.6718 0.3042 -0.6754
vn 0.6101 0.5931 -0.5254
vn 0.5417 0.3894 -0.7449
vn 0.3656 0.6766 -0.6392
vn -0.0907 0.8549 -0.5108
vn -0.3427 0.7693 -0.5393
vn -0.9905 -0.1028 -0.0910
vn 0.2429 0.8928 0.3793
vn -0.9423 -0.2508 0.2218
vn 0.4566 0.8785 -0.1407
vn -0.4380 -0.8555 0.2763
vn -0.4440 -0.8795 0.1710
vn -0.2019 -0.9652 0.1664
vn -0.0814 -0.7417 0.6658
vn 0.3277 -0.6825 0.6532
vn 0.7952 -0.5601 0.2322
vn -0.9555 -0.2555 0.1476
vn 0.9387 0.1162 0.3246
vn 0.9384 0.2281 0.2594
vn 0.7996 0.2086 -0.5631
vn 0.2295 0.2240 -0.9472
vn 0.0669 0.9842 -0.1639
vn 0.4592 0.8858 -0.0668
vn 0.0543 0.9875 0.1481
vn 0.2514 0.9585 0.1344
vn -0.2999 0.9445 0.1338
vn -0.1391 -0.9498 0.2803
vn 0.1902 -0.9605 -0.2032
vn -0.2896 -0.9086 -0.3010
vn 0.8757 -0.4525 0.1684
vn 0.7270 -0.6533 0.2116
vn 0.9417 0.0291 0.3352
vn 0.9273 0.2192 0.3035
vn 0.9534 0.0168 0.3011
vn 0.9020 0.2518 0.3508
vn 0.9353 0.3341 0.1168
vn 0.8490 0.2693 0.4547
vn -0.2456 0.8590 -0.4492
vn -0.7959 0.5321 -0.2889
vn 0.5134 0.0466 -0.8569
vn 0.5044 0.7657 -0.3991
vn -0.3213 0.2508 -0.9132
vn 0.1852 0.2879 -0.9396
vn 0.3733 -0.8583 -0.3521
vn 0.7623 -0.6095 -0.2178
vn 0.3834 -0.9195 -0.0867
vn -0.7011 -0.0913 -0.7072
vn 0.4603 -0.7908 0.4034
vn 0.9447 0.3214 0.0650
vn 0.9280 0.2121 0.3063
vn -0.4402 0.7146 0.5436
vn 0.9273 0.2191 0.3036
vn 0.8729 0.0336 0.4868
vn -0.6465 0.5763 -0.4998
vn 0.1371 0.8418 -0.5221
vn 0.3482 0.8590 -0.3753
vn -0.7695 0.2195 -0.5997
vn 0.2138 0.9753 -0.0548
vn -0.9612 -0.0389 -0.2729
vn -0.6414 0.4119 -0.6473
vn -0.8088 0.5830 -0.0769
vn 0.0459 0.7027 -0.7100
vn -0.1199 -0.9905 0.0677
vn -0.2824 -0.9457 -0.1610
vn 0.1678 -0.7976 -0.5793
vn 0.0996 -0.8095 0.5787
vn 0.0568 -0.9221 0.3828
vn -0.8311 0.1842 -0.5247
vn 0.9101 -0.2630 -0.3203
vn -0.9760 0.0060 -0.2176
vn 0.9433 -0.1577 -0.2920
vn -0.3851 0.8348 -0.3934
vn -0.8052 0.0222 -0.5926
vn 0.6304 -0.3267 -0.7042
vn -0.7177 0.6034 -0.3475
vn 0.2918 0.9028 -0.3160
vn 0.5028 0.2371 -0.8312
vn 0.4408 0.7197 -0.5364
vn 0.3486 0.7377 -0.5781
vn -0.2636 0.8648 -0.4273
vn 0.2171 0.9629 -0.1601
vn 0.0142 0.9127 -0.4084
vn -0.0970 -0.9775 -0.1875
vn 0.1121 -0.3884 -0.9146
vn 0.1898 -0.5673 -0.8013
vn -0.3645 -0.0994 -0.9259
vn -0.3183 -0.9418 -0.1081
vn -0.6572 0.1366 -0.7413
vn 0.2202 -0.9412 -0.2564
vn -0.6372 0.1347 -0.7588
vn 0.4166 -0.8855 -0.2057
vn 0.9355 0.3336 0.1165
vn -0.9862 -0.0587 -0.1549
vn -0.5124 0.2701 -0.8152
vn -0.1416 0.8841 -0.4453
vn 0.5421 0.3336 -0.7713
vn 0.2604 0.9434 -0.2055
vn -0.2541 -0.8513 -0.4590
vn -0.7417 -0.5864 -0.3257
vn 0.4904 -0.7950 -0.3571
vn -0.9075 0.1073 -0.4062
vn 0.5783 -0.6665 -0.4706
vn 0.2744 -0.8761 -0.3965
vn 0.7943 -0.4934 0.3546
vn -0.8610 0.5070 -0.0395
vn 0.9564 -0.2918 0.0132
vn -0.5430 0.5379 -0.6448
vn 0.6545 -0.4090 -0.6359
vn 0.4961 0.0994 -0.8625
vn 0.0804 0.9967 0.0062
vn 0.5405 0.5754 -0.6138
vn -0.7413 0.6676 -0.0693
vn -0.8815 0.2295 -0.4125
vn -0.1355 0.8648 -0.4835
vn 0.3696 -0.8339 -0.4099
vn 0.2263 -0.7859 0.5754
vn -0.3255 -0.9234 -0.2036
vn 0.1612 -0.9030 -0.3981
vn 0.8840 -0.3969 0.2469
vn -0.9072 0.3050 -0.2898
vn 0.6255 -0.7380 0.2531
vn 0.1535 -0.9284 0.3385
vn -0.2292 -0.9547 0.1900
vn -0.8959 0.3760 -0.2367
vn 0.8938 0.4467 -0.0407
vn 0.5498 -0.8258 -0.1259
vn -0.7248 0.2065 -0.6573
vn 0.1349 0.9904 0.0305
vn 0.9062 0.2746 -0.3217
vn 0.6648 0.6315 -0.3991
vn 0.8195 0.4308 -0.3780
vn 0.3882 0.4569 -0.8003
vn -0.7646 0.2996 -0.5707
vn -0.6227 0.3926 -0.6769
vn -0.6180 0.4120 -0.6695
vn -0.8322 0.3566 -0.4246
vn -0.6726 0.4316 -0.6012
vn -0.1600 0.8347 -0.5270
vn -0.0824 -0.9858 -0.1465
vn 0.0593 -0.8722 0.4856
vn -0.9762 0.2126 -0.0430
vn 0.4194 -0.9074 -0.0268
vn -0.0852 -0.9620 0.2594
vn 0.5095 -0.7184 -0.4736
vn 0.9217 -0.0995 -0.3749
vn 0.5268 -0.6653 -0.5290
vn -0.9683 0.0998 0.2289
vn -0.8991 0.0054 0.4376
vn -0.7998 0.5637 0.2062
vn 0.4754 -0.8624 -0.1740
vn -0.2779 0.9209 -0.2735
vn -0.7510 0.2337 -0.6175
vn -0.6367 0.4287 -0.6410
vn -0.7158 0.5213 -0.4647
vn 0.2537 0.9642 0.0769
vn 0.1481 0.8177 -0.5563
vn -0.7152 0.6984 0.0269
vn -0.3654 0.7788 -0.5098
vn -0.6180 0.4120 -0.6696
vn -0.3596 0.6337 -0.6850
vn 0.1376 0.9034 -0.4060
vn 0.2533 0.7636 -0.5939
vn -0.0258 -0.9830 0.1817
vn 0.6121 -0.7500 0.2505
vn 0.4683 -0.7692 -0.4348
vn 0.5860 -0.7704 -0.2512
vn 0.6238 -0.7238 -0.2949
vn 0.5779 -0.6762 -0.4570
vn 0.5861 -0.7703 -0.2512
vn 0.6760 -0.5915 -0.4395
vn 0.6557 -0.7213 -0.2231
vn 0.8527 -0.4878 0.1869
vn 0.8892 0.4149 0.1927
vn 0.9969 0.0731 0.0284
vn -0.7088 0.3735 0.5984
vn -0.9204 0.1833 -0.3454
vn 0.9491 -0.3036 0.0835
vn -0.7546 0.3127 -0.5769
vn 0.1239 0.9885 0.0862
vn -0.6678 0.7399 0.0812
vn 0.7518 0.4709 -0.4615
vn 0.4630 0.7925 -0.3970
vn 0.8772 0.4655 -0.1174
vn -0.2836 0.9246 -0.2543
vn -0.4121 0.8706 -0.2688
vn -0.3249 0.9414 -0.0912
vn 0.4558 -0.8769 -0.1528
vn -0.9651 -0.0440 0.2583
vn 0.3922 -0.6567 0.6442
vn -0.1677 -0.8736 0.4568
vn 0.7095 -0.6984 -0.0940
vn 0.5871 -0.8052 -0.0838
vn 0.5861 -0.7703 -0.2513
vn 0.1126 -0.9864 0.1202
vn -0.9393 0.1583 0.3045
vn 0.9723 -0.0324 0.2317
vn -0.2056 0.9704 -0.1265
vn -0.8590 0.4882 -0.1543
vn -0.3078 0.9493 -0.0635
vn 0.5306 0.8450 0.0673
vn -0.7793 0.6023 0.1732
vn 0.2251 0.9674 -0.1162
vn -0.6065 -0.5654 0.5590
vn -0.0422 -0.9372 0.3461
vn 0.5550 -0.7865 0.2710
vn -0.1199 -0.9477 0.2957
vn -0.0101 -0.9902 0.1392
vn -0.3219 -0.9391 -0.1203
vn 0.4812 -0.8480 -0.2220
vn -0.3262 -0.9451 -0.0199
vn 0.4022 -0.9152 0.0246
vn 0.4199 -0.7571 0.5006
vn -0.8564 0.0486 0.5140
vn -0.9095 0.2461 0.3350
vn -0.8986 0.4115 -0.1523
vn -0.3178 0.9377 -0.1404
vn 0.8743 0.3227 0.3624
vn -0.5877 0.6148 0.5260
vn -0.7664 0.5464 0.3377
vn 0.6680 0.7311 0.1388
vn 0.0749 0.9432 0.3235
vn -0.7769 0.0066 0.6295
vn -0.9499 0.2249 0.2171
vn -0.7965 0.3160 0.5155
vn 0.8453 -0.2591 0.4673
vn -0.9734 0.0006 0.2293
vn 0.4684 -0.6800 0.5640
vn 0.5215 -0.6251 0.5807
vn -0.0905 0.9956 0.0227
vn 0.7287 0.6559 -0.1972
vn 0.9330 0.2817 -0.2238
vn 0.8394 0.2941 0.4571
vn -0.2989 0.9080 0.2937
vn 0.0556 -0.9322 0.3577
vn 0.2754 -0.9093 0.3121
vn 0.7962 -0.5016 -0.3383
vn 0.7352 -0.6260 -0.2599
vn 0.2839 -0.6387 0.7151
vn 0.1736 -0.8412 0.5121
vn 0.7639 0.3330 0.5527
vn -0.9705 -0.0593 0.2335
vn 0.3400 0.9315 -0.1294
vn -0.6670 0.5953 0.4481
vn -0.1595 0.8675 0.4711
vn 0.1668 0.6602 0.7323
vn -0.6055 0.7012 0.3765
vn -0.3232 0.9454 -0.0415
vn 0.3372 -0.8542 0.3958
vn 0.1747 -0.7041 0.6883
vn -0.4888 -0.4732 0.7329
vn -0.1649 -0.7748 0.6104
vn 0.4102 -0.7792 0.4739
vn 0.3441 -0.9388 0.0181
vn 0.5524 -0.1809 0.8137
vn -0.6835 0.0853 0.7249
vn 0.7404 -0.0619 0.6693
vn -0.9689 0.0976 0.2274
vn -0.8327 0.5250 0.1759
vn 0.8887 0.3388 0.3091
vn 0.3278 -0.2376 0.9144
vn 0.5814 -0.0093 0.8136
vn 0.9503 0.2890 -0.1159
vn 0.7497 0.2926 0.5935
vn 0.5971 0.7971 -0.0895
vn 0.2191 0.4668 0.8568
vn -0.3290 0.5661 0.7558
vn 0.0981 0.9819 0.1618
vn 0.2261 0.7316 0.6432
vn 0.2343 -0.5139 0.8252
vn 0.0840 -0.9857 -0.1460
vn 0.3704 -0.8383 -0.4000
vn 0.6745 -0.7332 0.0862
vn -0.8683 0.1414 0.4754
vn 0.6658 0.3360 0.6661
vn 0.1577 -0.3086 0.9380
vn 0.1870 0.9750 -0.1198
vn -0.7281 0.4871 0.4823
vn 0.2195 -0.0559 0.9740
vn -0.3192 0.3969 0.8606
vn -0.3630 -0.6658 0.6519
vn -0.2461 -0.6610 0.7089
vn 0.0161 -0.4413 0.8972
vn 0.3212 -0.2355 0.9173
vn -0.6376 0.0191 0.7701
vn 0.1365 -0.9882 -0.0693
vn -0.2931 -0.0802 0.9527
vn 0.3171 0.1469 0.9369
vn -0.2479 0.0710 0.9662
vn -0.3729 0.0145 0.9278
vn 0.3007 -0.3109 0.9016
vn -0.1602 -0.5057 0.8477
vn 0.9479 -0.2955 -0.1189
vn 0.0740 -0.3993 0.9138
vn -0.6420 -0.3818 0.6649
vn 0.8650 0.3311 0.3772
vn -0.7154 0.6352 0.2909
vn -0.8079 -0.1622 0.5666
vn 0.4621 -0.0476 0.8855
vn 0.7348 0.4846 0.4746
vn -0.1626 0.9475 0.2754
vn -0.2743 0.9205 0.2782
vn -0.1465 0.1033 0.9838
vn 0.5481 0.3103 0.7767
vn -0.0616 0.5011 0.8632
vn -0.0170 0.5492 0.8355
vn 0.2343 0.0580 0.9704
vn 0.3264 -0.2959 0.8977
vn 0.3348 -0.2457 0.9097
vn 0.1468 0.0373 0.9885
vn -0.6233 -0.3252 0.7111
vn -0.1130 -0.2211 0.9687
vn 0.4438 -0.0862 0.8920
vn 0.7789 -0.5298 -0.3356
vn 0.3776 0.0646 0.9237
vn -0.6736 -0.5499 0.4939
vn 0.1767 -0.7360 0.6535
vn 0.3647 -0.6377 0.6785
vn 0.4710 -0.5704 0.6729
vn 0.0590 0.4936 0.8677
vn -0.4944 0.4231 0.7593
vn -0.1573 0.1177 0.9805
vn -0.4261 -0.1780 0.8870
vn 0.0486 -0.1050 0.9933
vn 0.4391 0.4000 0.8045
vn 0.4149 -0.3470 0.8411
vn -0.5849 0.0696 0.8081
vn 0.3622 0.6747 0.6431
vn -0.2577 0.5582 0.7887
vn 0.1049 0.7937 0.5992
vn -0.3406 0.7859 0.5161
vn 0.6987 0.5664 0.4372
vn -0.7026 0.6179 0.3528
vn -0.3052 0.8268 0.4726
vn -0.0123 -0.4316 0.9020
vn -0.4127 -0.0054 0.9109
vn 0.2384 0.2351 0.9423
vn -0.2861 -0.8653 0.4116
vn 0.0523 -0.9668 0.2502
vn 0.2205 -0.9722 -0.0785
vn -0.3889 -0.1337 0.9115
vn 0.3587 -0.1748 0.9170
vn -0.7606 -0.3088 0.5712
vn 0.4339 -0.7134 0.5503
vn -0.2450 -0.7278 0.6405
vn 0.1189 -0.5756 0.8090
vn 0.8753 -0.3241 0.3588
vn -0.2762 -0.8525 0.4438
vn -0.8716 0.4340 0.2280
vn 0.8281 -0.2148 0.5177
vn 0.2592 0.5533 0.7917
vn -0.9049 0.0558 0.4219
vn -0.6776 -0.3563 0.6433
vn -0.4376 -0.4585 0.7735
vn 0.0516 -0.6390 0.7675
vn 0.6006 0.3068 0.7383
vn 0.6000 0.1362 0.7884
vn 0.0863 0.9037 0.4194
vn -0.3743 0.5037 0.7786
vn -0.4412 0.2911 0.8489
vn -0.1683 -0.1337 0.9766
vn -0.5688 -0.7164 0.4040
vn -0.8832 -0.1101 0.4560
vn 0.5453 0.4441 0.7110
vn -0.4242 0.5991 0.6791
vn 0.4198 -0.2646 0.8682
vn -0.5900 0.0350 0.8066
vn -0.5779 0.1052 0.8093
vn 0.1904 -0.6301 0.7528
vn 0.3919 0.8104 0.4355
vn 0.0852 0.9880 0.1289
vn -0.1121 0.6659 0.7376
vn -0.5743 0.5676 0.5900
vn -0.5324 -0.7487 0.3949
vn -0.0524 -0.9128 0.4051
vn 0.2205 -0.7698 0.5989
vn 0.8977 -0.1265 0.4221
vn 0.8530 -0.1965 0.4834
vn 0.0468 -0.6608 0.7491
vn 0.3431 -0.6244 0.7017
vn 0.3772 -0.5905 0.7134
vn 0.4352 0.4932 0.7532
vn 0.3168 0.5925 0.7406
vn 0.1446 0.4752 0.8679
vn 0.3893 0.5582 0.7327
vn 0.3880 0.5288 0.7549
vn 0.4071 0.4749 0.7802
vn 0.4890 0.5732 0.6575
vn -0.5382 0.7118 0.4513
vn 0.5449 -0.1211 0.8297
vn 0.5566 0.5163 0.6509
vn 0.6526 0.4235 0.6282
vn 0.5350 0.3845 0.7523
vn 0.5003 0.2335 0.8338
vn 0.7177 0.3936 0.5744
vn 0.4553 0.2117 0.8648
vn 0.4997 0.0166 0.8661
vn 0.6172 -0.0978 0.7807
vn 0.5185 0.2143 0.8278
vn 0.5038 -0.0174 0.8637
vn -0.7671 0.1500 0.6238
vn 0.3870 0.2944 0.8738
vn -0.0963 -0.1195 0.9882
vn -0.0950 -0.1966 0.9759
vn 0.0665 0.6042 0.7940
vn 0.0338 0.7358 0.6764
vn -0.3490 0.7508 0.5608
vn 0.2137 0.4405 0.8719
vn 0.2533 -0.3062 0.9177
vn 0.3906 0.2561 0.8842
vn -0.2860 0.5114 0.8104
vn 0.1830 0.4763 0.8600
vn 0.0277 -0.9287 0.3699
vn 0.5834 -0.6768 0.4489
vn -0.6715 -0.1090 0.7329
vn -0.6914 0.0275 0.7219
vn -0.1361 -0.4860 0.8633
vn -0.5868 -0.6907 0.4225
vn 0.5395 -0.6337 0.5544
vn -0.6703 -0.5377 0.5114
vn -0.4230 0.1251 0.8974
vn -0.4557 -0.4785 0.7506
vn -0.2883 0.3127 0.9050
vn 0.7536 -0.5828 0.3040
vn 0.4007 0.5916 0.6996
vn 0.5317 0.3852 0.7543
vn 0.1855 0.5567 0.8097
vn 0.3795 0.5819 0.7193
vn 0.4692 0.4860 0.7373
vn 0.5278 0.3625 0.7682
vn 0.4820 0.0671 0.8736
vn 0.3948 0.5497 0.7362
vn -0.8367 -0.0430 0.5460
vn 0.6189 0.1260 0.7753
vn 0.5000 0.4333 0.7499
vn -0.8392 -0.1989 0.5062
vn 0.4526 0.0070 0.8917
vn -0.6785 0.1480 0.7195
vn -0.1777 0.7967 0.5777
vn 0.1021 -0.5474 0.8306
vn 0.5248 -0.0319 0.8506
vn -0.7850 0.2369 0.5725
vn -0.0480 0.1947 0.9797
vn 0.6006 0.7011 0.3843
vn -0.5134 0.1834 0.8383
vn 0.3957 0.6603 0.6383
vn 0.2036 0.7018 0.6827
vn 0.2055 0.0637 0.9766
vn 0.2494 -0.8360 0.4889
vn -0.4867 -0.0743 0.8704
vn 0.8313 -0.3897 0.3963
vn -0.0126 -0.0540 0.9985
vn -0.1344 0.2702 0.9534
vn -0.3201 0.4124 0.8529
vn 0.2688 0.7115 0.6492
vn 0.0264 -0.1477 0.9887
vn 0.9359 0.2035 0.2875
vn 0.4984 0.0051 0.8669
vn 0.1089 0.5153 0.8501
vn 0.0078 -0.3448 0.9386
vn -0.1264 -0.5496 0.8258
vn 0.2630 -0.3716 0.8904
vn -0.0084 -0.2648 0.9643
vn -0.4437 0.0059 0.8961
vn 0.6489 -0.3033 0.6978
vn -0.5892 0.0469 0.8066
vn -0.0803 0.0522 0.9954
vn 0.5946 0.2549 0.7625
vn 0.8269 -0.4451 0.3437
vn 0.0262 -0.1051 0.9941
vn -0.3674 0.2746 0.8886
vn 0.2032 0.7081 0.6763
vn -0.2383 -0.0816 0.9678
vn 0.4130 -0.2909 0.8630
vn -0.3376 -0.5116 0.7901
vn -0.5152 0.0242 0.8567
vn 0.7472 -0.5221 0.4113
vn -0.0483 0.3937 0.9180
vn -0.8268 0.0556 0.5597
vn 0.7389 0.6548 0.1591
vn -0.0496 -0.2832 0.9578
vn 0.2083 -0.2947 0.9326
vn -0.4673 -0.0700 0.8813
vn 0.3153 -0.4759 0.8210
vn 0.8501 -0.4742 0.2289
vn -0.2336 0.2835 0.9301
vn -0.4835 0.6916 0.5366
vn 0.1774 0.9670 0.1830
vn -0.2705 -0.3374 0.9017
vn -0.5297 -0.1433 0.8360
vn 0.4567 -0.6606 0.5958
vn -0.8349 -0.0319 0.5494
vn -0.1943 -0.5978 0.7778
vn 0.8967 -0.0645 0.4379
vn -0.7953 0.2463 0.5540
vn -0.4458 0.7813 0.4369
vn 0.2254 0.8593 0.4591
vn -0.0655 -0.7510 0.6570
vn 0.5496 -0.6240 0.5555
vn -0.7258 -0.4200 0.5447
vn 0.7113 0.4005 0.5776
vn -0.2614 -0.1907 0.9462
vn 0.3880 -0.0684 0.9191
vn -0.1253 0.4486 0.8849
s 1
usemtl 0x0061ff1
f 1//1 4//2 2//3
f 1//1 3//4 4//2
f 4//2 5//5 2//3
f 5//5 6//6 2//3
f 10//7 4//2 3//4
f 1//1 7//8 3//4
f 1//1 8//9 7//8
f 5//5 4//2 9//10
f 1//1 2//3 8//9
f 3//4 16//11 10//7
f 16//11 3//4 11//12
f 3//4 7//8 11//12
f 4//2 10//7 12//13
f 4//2 12//13 9//10
f 9//10 13//14 5//5
f 8//9 2//3 14//15
f 5//5 13//14 6//6
f 6//6 14//15 2//3
f 22//16 15//17 21//18
f 17//19 15//17 22//16
f 7//8 18//20 24//21
f 18//20 7//8 8//9
f 18//20 8//9 19//22
f 19//22 8//9 20//23
f 14//15 20//23 8//9
f 10//7 16//11 30//24
f 16//11 11//12 30//24
f 15//17 17//19 23//25
f 22//16 31//26 25//27
f 22//16 25//27 17//19
f 19//22 26//28 18//20
f 13//14 9//10 27//29
f 34//30 20//23 14//15
f 21//18 15//17 28//31
f 60//32 22//16 21//18
f 22//16 60//32 31//26
f 29//33 11//12 7//8
f 24//21 29//33 7//8
f 30//24 12//13 10//7
f 18//20 61//34 24//21
f 18//20 26//28 61//34
f 54//35 25//27 31//26
f 12//13 27//29 9//10
f 26//28 19//22 32//36
f 13//14 27//29 33//37
f 6//6 13//14 33//37
f 14//15 6//6 34//30
f 35//38 20//23 34//30
f 39//39 21//18 28//31
f 28//31 15//17 40//40
f 52//41 30//24 11//12
f 30//24 42//42 12//13
f 17//19 43//43 23//25
f 23//25 43//43 41//44
f 17//19 25//27 43//43
f 54//35 31//26 53//45
f 53//45 26//28 44//46
f 12//13 42//42 27//29
f 20//23 32//36 19//22
f 32//36 20//23 45//47
f 20//23 35//38 45//47
f 46//48 34//30 66//49
f 35//38 34//30 46//48
f 46//48 66//49 36//50
f 37//51 46//48 36//50
f 66//49 58//52 36//50
f 47//53 46//48 37//51
f 58//52 38//54 36//50
f 47//53 37//51 48//55
f 38//54 49//56 36//50
f 36//50 49//56 37//51
f 48//55 37//51 49//56
f 39//39 60//32 21//18
f 40//40 15//17 50//57
f 15//17 23//25 50//57
f 51//58 11//12 29//33
f 29//33 24//21 61//34
f 23//25 41//44 50//57
f 60//32 61//34 53//45
f 53//45 61//34 26//28
f 60//32 53//45 31//26
f 25//27 54//35 55//59
f 43//43 25//27 55//59
f 56//60 27//29 42//42
f 44//46 54//35 53//45
f 44//46 26//28 32//36
f 77//61 6//6 33//37
f 77//61 34//30 6//6
f 46//48 47//53 57//62
f 38//54 58//52 68//63
f 59//64 38//54 68//63
f 49//56 38//54 59//64
f 11//12 51//58 52//41
f 52//41 62//65 63//66
f 42//42 30//24 63//66
f 52//41 63//66 30//24
f 27//29 56//60 33//37
f 44//46 64//67 54//35
f 32//36 64//67 44//46
f 32//36 45//47 65//68
f 66//49 34//30 77//61
f 35//38 57//62 45//47
f 76//69 75//70 67//71
f 46//48 57//62 35//38
f 58//52 66//49 93//72
f 39//39 28//31 40//40
f 60//32 84//73 61//34
f 29//33 61//34 88//74
f 50//57 41//44 102//75
f 102//75 41//44 69//76
f 42//42 63//66 56//60
f 55//59 54//35 70//77
f 71//78 43//43 55//59
f 43//43 71//78 41//44
f 72//79 41//44 71//78
f 69//76 41//44 72//79
f 33//37 73//80 77//61
f 32//36 74//81 64//67
f 72//79 71//78 75//70
f 91//82 72//79 76//69
f 76//69 72//79 75//70
f 78//83 75//70 71//78
f 74//81 32//36 65//68
f 57//62 65//68 45//47
f 75//70 78//83 67//71
f 76//69 67//71 80//84
f 67//71 81//85 80//84
f 83//86 58//52 93//72
f 47//53 48//55 82//87
f 83//86 68//63 58//52
f 84//73 97//88 88//74
f 84//73 60//32 85//89
f 85//89 60//32 39//39
f 50//57 86//90 40//40
f 87//91 86//90 50//57
f 61//34 84//73 88//74
f 29//33 88//74 51//58
f 102//75 87//91 50//57
f 62//65 52//41 51//58
f 63//66 89//92 56//60
f 89//92 90//93 56//60
f 72//79 104//94 69//76
f 56//60 90//93 33//37
f 90//93 73//80 33//37
f 54//35 64//67 70//77
f 76//69 79//95 91//82
f 92//96 74//81 65//68
f 80//84 79//95 76//69
f 67//71 78//83 108//97
f 57//62 47//53 94//98
f 94//98 47//53 82//87
f 82//87 48//55 96//99
f 96//99 48//55 49//56
f 49//56 112//100 96//99
f 49//56 59//64 112//100
f 115//101 97//88 98//102
f 97//88 114//103 118//104
f 98//102 97//88 84//73
f 40//40 86//90 100//105
f 97//88 118//104 88//74
f 98//102 84//73 85//89
f 99//106 85//89 39//39
f 40//40 99//106 39//39
f 100//105 99//106 40//40
f 51//58 88//74 101//107
f 69//76 103//108 102//75
f 104//94 103//108 69//76
f 55//59 105//109 106//110
f 55//59 106//110 71//78
f 91//82 104//94 72//79
f 64//67 107//111 70//77
f 106//110 78//83 71//78
f 77//61 122//112 66//49
f 122//112 93//72 66//49
f 95//113 79//95 80//84
f 67//71 108//97 109//114
f 109//114 81//85 67//71
f 80//84 81//85 110//115
f 95//113 80//84 110//115
f 68//63 83//86 111//116
f 59//64 68//63 111//116
f 113//117 114//103 97//88
f 97//88 115//101 113//117
f 129//118 142//119 117//120
f 130//121 100//105 86//90
f 142//119 130//121 86//90
f 117//120 142//119 86//90
f 116//122 118//104 114//103
f 117//120 86//90 87//91
f 118//104 101//107 88//74
f 51//58 101//107 119//123
f 62//65 51//58 120//124
f 63//66 62//65 120//124
f 55//59 70//77 105//109
f 90//93 121//125 73//80
f 107//111 64//67 74//81
f 77//61 73//80 122//112
f 57//62 123//126 65//68
f 123//126 92//96 65//68
f 57//62 94//98 123//126
f 125//127 108//97 78//83
f 95//113 124//128 79//95
f 122//112 126//129 93//72
f 83//86 93//72 126//129
f 81//85 109//114 127//130
f 110//115 81//85 127//130
f 110//115 128//131 95//113
f 59//64 111//116 112//100
f 143//132 142//119 129//118
f 131//133 98//102 85//89
f 99//106 181//134 131//133
f 181//134 99//106 100//105
f 132//135 129//118 117//120
f 99//106 131//133 85//89
f 117//120 133//136 132//135
f 87//91 133//136 117//120
f 87//91 102//75 133//136
f 133//136 102//75 103//108
f 51//58 119//123 120//124
f 63//66 120//124 89//92
f 135//137 120//124 119//123
f 103//108 104//94 134//138
f 120//124 90//93 89//92
f 136//139 105//109 70//77
f 136//139 70//77 107//111
f 91//82 137//140 104//94
f 73//80 121//125 122//112
f 74//81 92//96 138//141
f 91//82 79//95 187//142
f 106//110 125//127 78//83
f 122//112 153//143 126//129
f 82//87 139//144 94//98
f 128//131 124//128 95//113
f 83//86 126//129 140//145
f 82//87 96//99 141//146
f 82//87 141//146 139//144
f 111//116 83//86 140//145
f 96//99 112//100 154//147
f 141//146 96//99 154//147
f 129//118 144//148 143//132
f 142//119 157//149 130//121
f 116//122 114//103 158//150
f 113//117 158//150 114//103
f 115//101 145//151 113//117
f 146//152 144//148 129//118
f 100//105 159//153 181//134
f 130//121 159//153 100//105
f 132//135 146//152 129//118
f 118//104 160//154 101//107
f 147//155 119//123 101//107
f 135//137 90//93 120//124
f 90//93 148//156 121//125
f 136//139 107//111 149//157
f 106//110 105//109 161//158
f 150//159 106//110 161//158
f 74//81 138//141 107//111
f 138//141 149//157 107//111
f 151//160 138//141 92//96
f 121//125 152//161 122//112
f 122//112 152//161 153//143
f 79//95 124//128 187//142
f 94//98 139//144 123//126
f 108//97 125//127 109//114
f 110//115 127//130 128//131
f 155//162 143//132 156//163
f 156//163 143//132 144//148
f 143//132 155//162 142//119
f 155//162 157//149 142//119
f 130//121 168//164 159//153
f 168//164 130//121 157//149
f 113//117 145//151 158//150
f 203//165 160//154 116//122
f 116//122 160//154 118//104
f 160//154 147//155 101//107
f 133//136 103//108 134//138
f 134//138 104//94 137//140
f 136//139 161//158 105//109
f 135//137 148//156 90//93
f 137//140 91//82 187//142
f 92//96 123//126 151//160
f 106//110 150//159 125//127
f 150//159 162//166 125//127
f 153//143 164//167 126//129
f 109//114 165//168 127//130
f 128//131 189//169 124//128
f 126//129 164//167 140//145
f 127//130 165//168 128//131
f 112//100 111//116 166//170
f 154//147 112//100 166//170
f 144//148 146//152 167//171
f 169//172 116//122 158//150
f 145//151 115//101 98//102
f 202//173 145//151 98//102
f 181//134 171//174 131//133
f 146//152 132//135 170//175
f 132//135 133//136 170//175
f 172//176 119//123 147//155
f 134//138 137//140 183//177
f 135//137 173//178 148//156
f 123//126 163//179 151//160
f 174//180 187//142 124//128
f 125//127 162//166 109//114
f 139//144 175//181 123//126
f 162//166 176//182 109//114
f 109//114 176//182 165//168
f 174//180 124//128 189//169
f 140//145 164//167 177//183
f 128//131 165//168 197//184
f 111//116 140//145 177//183
f 178//185 141//146 154//147
f 154//147 166//170 178//185
f 168//164 179//186 159//153
f 146//152 180//187 167//171
f 169//172 203//165 116//122
f 146//152 170//175 180//187
f 131//133 202//173 98//102
f 182//188 170//175 133//136
f 182//188 133//136 183//177
f 183//177 133//136 134//138
f 119//123 172//176 135//137
f 184//189 183//177 137//140
f 135//137 172//176 185//190
f 161//158 136//139 186//191
f 173//178 135//137 185//190
f 149//157 186//191 136//139
f 187//142 195//192 137//140
f 121//125 148//156 152//161
f 188//193 153//143 152//161
f 188//193 164//167 153//143
f 163//179 123//126 175//181
f 175//181 139//144 190//194
f 139//144 141//146 190//194
f 128//131 197//184 189//169
f 200//195 155//162 156//163
f 156//163 144//148 167//171
f 169//172 158//150 191//196
f 158//150 145//151 191//196
f 181//134 159//153 192//197
f 181//134 192//197 171//174
f 170//175 193//198 180//187
f 147//155 160//154 194//199
f 194//199 172//176 147//155
f 184//189 137//140 195//192
f 196//200 150//159 161//158
f 152//161 148//156 206//201
f 150//159 196//200 162//166
f 212//202 151//160 163//179
f 214//203 211//204 187//142
f 187//142 174//180 214//203
f 214//203 174//180 189//169
f 165//168 176//182 197//184
f 177//183 198//205 111//116
f 190//194 141//146 178//185
f 111//116 199//206 166//170
f 200//195 157//149 155//162
f 167//171 228//207 156//163
f 201//208 159//153 179//186
f 159//153 201//208 192//197
f 145//151 202//173 191//196
f 131//133 171//174 202//173
f 203//165 236//209 160//154
f 204//210 194//199 160//154
f 219//211 172//176 194//199
f 183//177 184//189 205//212
f 172//176 219//211 185//190
f 161//158 186//191 209//213
f 173//178 207//214 148//156
f 186//191 149//157 208//215
f 196//200 161//158 209//213
f 152//161 206//201 210//216
f 138//141 208//215 149//157
f 211//204 195//192 187//142
f 151//160 212//202 138//141
f 188//193 152//161 210//216
f 188//193 210//216 213//217
f 222//218 162//166 196//200
f 175//181 212//202 163//179
f 188//193 213//217 164//167
f 162//166 222//218 176//182
f 224//219 214//203 189//169
f 197//184 224//219 189//169
f 199//206 111//116 198//205
f 178//185 215//220 190//194
f 178//185 166//170 199//206
f 156//163 228//207 200//195
f 200//195 231//221 157//149
f 231//221 168//164 157//149
f 179//186 168//164 230//222
f 216//223 167//171 217//224
f 217//224 180//187 193//198
f 167//171 180//187 217//224
f 263//225 160//154 236//209
f 170//175 218//226 193//198
f 204//210 160//154 263//225
f 218//226 170//175 182//188
f 219//211 241//227 185//190
f 173//178 242//228 207//214
f 242//228 173//178 185//190
f 148//156 207//214 206//201
f 208//215 209//213 186//191
f 221//229 243//230 211//204
f 243//230 195//192 211//204
f 212//202 208//215 138//141
f 211//204 224//219 221//229
f 211//204 214//203 224//219
f 220//231 176//182 222//218
f 221//229 224//219 220//231
f 224//219 176//182 220//231
f 164//167 213//217 223//232
f 224//219 197//184 176//182
f 223//232 177//183 164//167
f 225//233 177//183 223//232
f 198//205 177//183 225//233
f 226//234 190//194 215//220
f 199//206 215//220 178//185
f 227//235 231//221 200//195
f 229//236 228//207 167//171
f 229//236 167//171 216//223
f 179//186 230//222 201//208
f 168//164 231//221 230//222
f 192//197 201//208 232//237
f 193//198 233//238 217//224
f 254//239 256//240 257//241
f 202//173 261//242 191//196
f 234//243 261//242 202//173
f 259//244 235//245 256//240
f 257//241 256//240 235//245
f 260//246 236//209 203//165
f 169//172 260//246 203//165
f 218//226 237//247 193//198
f 263//225 238//248 204//210
f 194//199 204//210 239//249
f 218//226 182//188 205//212
f 240//250 218//226 205//212
f 239//249 219//211 194//199
f 205//212 182//188 183//177
f 239//249 241//227 219//211
f 205//212 184//189 266//251
f 242//228 185//190 241//227
f 195//192 266//251 184//189
f 243//230 221//229 268//252
f 209//213 208//215 245//253
f 209//213 245//253 196//200
f 244//254 220//231 246//255
f 220//231 244//254 268//252
f 221//229 220//231 268//252
f 245//253 208//215 249//256
f 196//200 245//253 247//257
f 208//215 212//202 248//258
f 249//256 208//215 248//258
f 196//200 247//257 222//218
f 247//257 246//255 222//218
f 246//255 220//231 222//218
f 175//181 248//258 212//202
f 248//258 175//181 190//194
f 248//258 190//194 250//259
f 251//260 199//206 198//205
f 227//235 200//195 253//261
f 253//261 200//195 228//207
f 255//262 256//240 254//239
f 230//222 258//263 201//208
f 260//246 257//241 236//209
f 261//242 169//172 191//196
f 234//243 192//197 232//237
f 235//245 236//209 257//241
f 171//174 234//243 202//173
f 192//197 234//243 171//174
f 233//238 193//198 262//264
f 236//209 235//245 263//225
f 193//198 237//247 262//264
f 264//265 218//226 240//250
f 240//250 205//212 266//251
f 265//266 280//267 243//230
f 195//192 243//230 266//251
f 267//268 265//266 244//254
f 243//230 268//252 265//266
f 207//214 242//228 282//269
f 303//270 267//268 244//254
f 206//201 207//214 282//269
f 268//252 244//254 265//266
f 282//269 210//216 206//201
f 246//255 303//270 244//254
f 269//271 245//253 249//256
f 247//257 245//253 269//271
f 269//271 249//256 270//272
f 249//256 248//258 250//259
f 270//272 249//256 250//259
f 198//205 225//233 251//260
f 250//259 190//194 287//273
f 250//259 271//274 270//272
f 199//206 252//275 215//220
f 216//223 272//276 229//236
f 273//277 255//262 254//239
f 217//224 274//278 216//223
f 231//221 227//235 276//279
f 255//262 275//280 256//240
f 232//237 201//208 258//263
f 256//240 275//280 259//244
f 232//237 258//263 296//281
f 169//172 293//282 260//246
f 293//282 169//172 261//242
f 235//245 259//244 277//283
f 218//226 264//265 237//247
f 204//210 238//248 239//249
f 264//265 240//250 278//284
f 279//285 241//227 239//249
f 266//251 278//284 240//250
f 243//230 281//286 266//251
f 241//227 279//285 242//228
f 247//257 283//287 246//255
f 284//288 247//257 269//271
f 270//272 286//289 269//271
f 286//289 284//288 269//271
f 225//233 285//290 251//260
f 226//234 287//273 190//194
f 286//289 270//272 271//274
f 228//207 312//291 253//261
f 312//291 228//207 229//236
f 272//276 216//223 274//278
f 254//239 288//292 273//277
f 227//235 253//261 289//293
f 227//235 289//293 276//279
f 274//278 217//224 290//294
f 254//239 257//241 288//292
f 288//292 257//241 291//295
f 292//296 230//222 231//221
f 276//279 292//296 231//221
f 217//224 233//238 290//294
f 261//242 234//243 294//297
f 275//280 297//298 259//244
f 259//244 297//298 277//283
f 277//283 315//299 235//245
f 315//299 238//248 235//245
f 263//225 235//245 238//248
f 264//265 278//284 298//300
f 279//285 239//249 344//301
f 299//302 243//230 280//267
f 299//302 281//286 243//230
f 280//267 265//266 300//303
f 278//284 266//251 301//304
f 265//266 267//268 300//303
f 303//270 302//305 267//268
f 283//287 303//270 246//255
f 283//287 247//257 305//306
f 247//257 284//288 305//306
f 223//232 306//307 225//233
f 285//290 225//233 306//307
f 250//259 287//273 271//274
f 284//288 286//289 307//308
f 199//206 251//260 252//275
f 252//275 226//234 215//220
f 286//289 271//274 308//309
f 307//308 286//289 308//309
f 309//310 307//308 308//309
f 335//311 310//312 334//313
f 310//312 335//311 311//314
f 289//293 253//261 312//291
f 275//280 255//262 339//315
f 339//315 340//316 275//280
f 257//241 260//246 291//295
f 230//222 313//317 258//263
f 230//222 292//296 313//317
f 291//295 260//246 293//282
f 340//316 297//298 275//280
f 234//243 295//318 294//297
f 234//243 314//319 295//318
f 232//237 314//319 234//243
f 232//237 296//281 314//319
f 290//294 233//238 262//264
f 262//264 237//247 316//320
f 237//247 264//265 316//320
f 316//320 264//265 415//321
f 415//321 264//265 298//300
f 239//249 238//248 317//322
f 280//267 318//323 299//302
f 242//228 319//324 282//269
f 302//305 303//270 320//325
f 282//269 321//326 210//216
f 283//287 320//325 303//270
f 210//216 322//327 213//217
f 210//216 321//326 322//327
f 322//327 323//328 304//329
f 213//217 322//327 304//329
f 324//330 322//327 321//326
s 0
f 323//328 322//331 324//332
s 1
f 304//329 306//307 213//217
f 304//329 325//333 306//307
s 0
f 304//334 323//332 325//328
f 324//332 325//332 323//332
s 1
f 213//217 306//307 223//232
f 354//335 326//336 226//234
f 326//336 287//273 226//234
f 354//335 226//234 252//275
f 327//337 271//274 287//273
f 329//338 271//274 327//337
f 271//274 329//338 308//309
f 308//309 329//338 309//310
f 309//310 328//339 307//308
f 330//340 328//339 309//310
f 331//341 358//342 360//343
f 331//341 360//343 332//344
f 334//313 333//345 335//311
f 364//346 334//313 310//312
f 311//314 335//311 336//347
f 364//346 310//312 337//348
f 337//348 310//312 311//314
f 229//236 272//276 312//291
f 273//277 338//349 255//262
f 255//262 338//349 339//315
f 276//279 289//293 341//350
f 261//242 342//351 293//282
f 261//242 294//297 342//351
f 277//283 297//298 343//352
f 344//301 239//249 317//322
f 298//300 278//284 345//353
f 280//267 346//354 318//323
f 301//304 345//353 278//284
f 346//354 280//267 300//303
f 281//286 347//355 266//251
f 267//268 302//305 300//303
f 301//304 266//251 347//355
f 242//228 374//356 348//357
f 319//324 349//358 350//359
f 282//269 319//324 350//359
f 348//357 319//324 242//228
s 0
f 349//358 319//360 348//361
s 1
f 325//333 351//362 306//307
s 0
f 325//332 324//328 351//363
s 1
f 324//330 321//326 351//362
f 283//287 305//306 352//364
f 353//365 305//306 284//288
f 353//365 284//288 355//366
f 354//335 252//275 251//260
f 284//288 307//308 355//366
f 355//366 307//308 328//339
f 331//341 356//367 358//342
f 357//368 356//367 331//341
f 357//368 331//341 359//369
f 359//369 331//341 332//344
f 332//344 360//343 361//370
f 333//345 334//313 363//371
f 363//371 334//313 364//346
f 383//372 335//311 333//345
f 336//347 335//311 383//372
f 364//346 337//348 365//373
f 366//374 273//277 288//292
f 367//375 288//292 291//295
f 341//350 289//293 368//376
f 314//319 296//281 369//377
f 295//318 314//319 294//297
f 262//264 390//378 290//294
f 390//378 262//264 370//379
f 343//352 297//298 340//316
f 343//352 371//380 277//283
f 277//283 371//380 315//299
f 315//299 371//380 372//381
f 238//248 315//299 317//322
f 315//299 372//381 317//322
f 317//322 373//382 344//301
f 374//356 279//285 344//301
f 281//286 299//302 395//383
f 242//228 279//285 374//356
f 375//384 346//354 300//303
f 395//383 347//355 281//286
f 377//385 300//303 302//305
f 377//385 375//384 300//303
f 379//386 376//387 378//388
s 0
f 379//361 348//389 376//390
s 1
f 348//357 374//356 376//387
f 379//386 378//388 350//359
s 0
f 379//358 350//391 349//361
f 348//361 379//361 349//361
s 1
f 350//359 378//388 282//269
f 321//326 380//392 351//362
f 351//362 380//392 306//307
f 305//306 353//365 352//364
f 251//260 285//290 354//335
f 309//310 329//338 381//393
f 330//340 309//310 381//393
f 359//369 332//344 382//394
f 362//395 382//394 332//344
f 361//370 422//396 332//344
f 332//344 422//396 362//395
f 365//373 337//348 384//397
f 311//314 408//398 385//399
f 337//348 311//314 385//399
f 384//397 337//348 385//399
f 273//277 366//374 338//349
f 272//276 387//400 312//291
f 388//401 387//400 272//276
f 274//278 388//401 272//276
f 339//315 338//349 389//402
f 312//291 387//400 289//293
f 366//374 288//292 367//375
f 274//278 290//294 390//378
f 296//281 258//263 430//403
f 258//263 313//317 430//403
f 368//376 289//293 392//404
f 392//404 289//293 387//400
f 340//316 339//315 389//402
f 293//282 391//405 291//295
f 313//317 292//296 409//406
f 393//407 340//316 389//402
f 276//279 341//350 292//296
f 343//352 340//316 393//407
f 370//379 262//264 316//320
f 372//381 373//382 317//322
f 415//321 298//300 345//353
f 394//408 345//353 301//304
f 376//387 374//356 378//388
f 320//325 377//385 302//305
f 378//388 396//409 282//269
f 282//269 396//409 321//326
f 396//409 380//392 321//326
f 320//325 283//287 397//410
f 283//287 352//364 397//410
f 352//364 353//365 399//411
f 398//412 285//290 306//307
f 400//413 285//290 398//412
f 354//335 401//414 326//336
f 355//366 399//411 353//365
f 354//335 285//290 400//413
f 402//415 287//273 326//336
f 402//415 327//337 287//273
f 403//416 328//339 330//340
f 357//368 404//417 356//367
f 356//367 404//417 405//418
f 358//342 356//367 405//418
f 405//418 419//419 358//342
f 418//420 359//369 382//394
f 358//342 419//419 360//343
f 360//343 419//419 361//370
f 363//371 406//421 497//422
f 363//371 364//346 406//421
f 407//423 333//345 363//371
f 407//423 383//372 333//345
f 408//398 311//314 336//347
f 338//349 366//374 386//424
f 274//278 390//378 388//401
f 291//295 391//405 367//375
f 430//403 313//317 409//406
f 430//403 369//377 296//281
f 293//282 412//425 391//405
f 293//282 342//351 412//425
f 410//426 294//297 314//319
f 369//377 410//426 314//319
f 409//406 292//296 411//427
f 341//350 411//427 292//296
f 368//376 411//427 341//350
f 393//407 413//428 343//352
f 370//379 316//320 414//429
f 374//356 344//301 373//382
f 299//302 318//323 395//383
f 347//355 394//408 301//304
f 380//392 398//412 306//307
f 354//335 416//430 401//414
f 355//366 328//339 417//431
f 327//337 402//415 329//338
f 328//339 403//416 417//431
f 330//340 381//393 446//432
f 330//340 446//432 490//433
f 359//369 418//420 357//368
f 361//370 419//419 420//434
f 361//370 420//434 422//396
f 421//435 382//394 362//395
f 421//435 362//395 423//436
f 362//395 422//396 424//437
f 423//436 362//395 424//437
f 364//346 425//438 406//421
f 425//438 364//346 365//373
f 383//372 450//439 336//347
f 365//373 384//397 426//440
f 452//441 427//442 430//403
f 429//443 452//441 430//403
f 431//444 452//441 429//443
s 0
f 431//445 429//446 432//361
s 1
f 432//447 429//443 430//403
s 0
f 431//361 432//361 433//361
s 1
f 338//349 434//448 389//402
f 386//424 434//448 338//349
f 474//449 366//374 367//375
f 427//442 428//450 369//377
s 0
f 435//451 433//361 432//445
s 1
f 435//452 432//447 409//406
f 409//406 432//447 430//403
f 369//377 428//450 410//426
f 430//403 427//442 369//377
f 342//351 456//453 412//425
f 342//351 294//297 456//453
f 456//453 294//297 410//426
f 510//454 390//378 370//379
f 413//428 371//380 343//352
f 316//320 415//321 414//429
f 373//382 372//381 436//455
f 373//382 436//455 437//456
f 415//321 345//353 460//457
f 394//408 460//457 345//353
f 373//382 438//458 374//356
f 346//354 440//459 318//323
f 440//459 395//383 318//323
f 347//355 395//383 441//460
f 347//355 441//460 394//408
f 375//384 440//459 346//354
f 320//325 442//461 377//385
f 397//410 442//461 320//325
f 354//335 443//462 416//430
f 354//335 400//413 443//462
f 326//336 401//414 444//463
f 355//366 445//464 399//411
f 445//464 355//366 417//431
f 381//393 329//338 464//465
f 446//432 381//393 464//465
f 490//433 403//416 330//340
f 418//420 382//394 447//466
f 421//435 447//466 382//394
f 423//436 448//467 421//435
f 469//468 363//371 497//422
f 424//437 422//396 449//469
f 469//468 407//423 363//371
f 407//423 468//470 450//439
f 450//439 383//372 407//423
f 450//439 408//398 336//347
f 451//471 385//399 408//398
f 452//441 505//472 427//442
f 386//424 366//374 474//449
f 505//472 428//450 427//442
f 454//473 453//474 452//441
f 452//441 431//444 454//473
s 0
f 433//445 454//475 431//361
s 1
f 433//476 453//474 454//473
f 428//450 475//477 410//426
f 433//476 435//452 453//474
f 409//406 453//474 435//452
f 409//406 455//478 453//474
f 367//375 476//479 474//449
f 410//426 475//477 456//453
f 367//375 391//405 476//479
f 409//406 411//427 455//478
f 510//454 388//401 390//378
f 393//407 389//402 434//448
f 368//376 392//404 458//480
f 411//427 368//376 457//481
f 393//407 483//482 413//428
f 371//380 413//428 459//483
f 372//381 371//380 459//483
f 372//381 459//483 436//455
f 373//382 437//456 438//458
f 439//484 374//356 438//458
f 395//383 440//459 461//485
f 395//383 461//485 441//460
f 374//356 439//484 378//388
f 462//486 440//459 375//384
f 462//486 375//384 377//385
f 352//364 463//487 397//410
f 352//364 399//411 463//487
f 401//414 416//430 489//488
f 402//415 326//336 444//463
f 464//465 329//338 402//415
f 403//416 490//433 417//431
f 404//417 357//368 522//489
f 357//368 418//420 522//489
f 521//490 465//491 466//492
f 497//422 406//421 495//493
f 447//466 421//435 448//467
f 422//396 467//494 449//469
f 468//470 407//423 469//468
f 424//437 470//495 423//436
f 448//467 423//436 470//495
f 425//438 365//373 426//440
f 471//496 408//398 450//439
f 502//497 451//471 408//398
f 451//471 472//498 385//399
f 472//498 451//471 452//441
f 502//497 505//472 451//471
f 452//441 451//471 505//472
f 452//441 473//499 472//498
f 452//441 453//474 473//499
f 507//500 386//424 474//449
f 506//501 474//449 476//479
f 387//400 388//401 477//502
f 562//503 387//400 477//502
f 476//479 391//405 478//504
f 387//400 562//503 392//404
f 391//405 412//425 478//504
f 481//505 456//453 479//506
f 393//407 434//448 480//507
f 481//505 412//425 456//453
f 562//503 458//480 392//404
f 368//376 458//480 457//481
f 370//379 414//429 482//508
f 414//429 415//321 484//509
f 484//509 415//321 460//457
f 460//457 441//460 485//510
f 394//408 441//460 460//457
f 378//388 439//484 486//511
f 396//409 378//388 486//511
f 462//486 377//385 442//461
f 396//409 487//512 380//392
f 397//410 488//513 442//461
f 398//412 380//392 487//512
f 397//410 463//487 488//513
f 400//413 398//412 443//462
f 463//487 399//411 538//514
f 489//488 416//430 443//462
f 538//514 399//411 445//464
f 489//488 443//462 515//515
f 401//414 516//516 444//463
f 464//465 402//415 444//463
f 446//432 464//465 519//517
f 446//432 519//517 490//433
f 404//417 522//489 491//518
f 405//418 404//417 491//518
f 491//518 493//519 405//418
f 492//520 494//521 465//491
f 466//492 465//491 495//493
f 495//493 465//491 494//521
f 405//418 493//519 419//419
f 495//493 494//521 497//422
f 406//421 499//522 495//493
f 467//494 422//396 420//434
f 498//523 447//466 448//467
f 406//421 425//438 499//522
f 497//422 554//524 469//468
f 448//467 468//470 498//523
f 470//495 468//470 448//467
f 426//440 385//399 501//525
f 426//440 384//397 385//399
f 502//497 408//398 471//496
f 504//526 503//527 474//449
f 503//527 507//500 474//449
f 506//501 504//526 474//449
f 505//472 559//528 428//450
f 386//424 507//500 509//529
f 508//530 456//453 475//477
f 386//424 509//529 434//448
f 456//453 508//530 479//506
f 388//401 510//454 477//502
f 455//478 411//427 511//531
f 434//448 509//529 480//507
f 412//425 481//505 478//504
f 530//532 510//454 370//379
f 530//532 370//379 482//508
f 483//482 393//407 480//507
f 483//482 533//533 413//428
f 533//533 459//483 413//428
f 512//534 437//456 436//455
f 437//456 512//534 438//458
f 485//510 534//535 460//457
f 485//510 441//460 535//536
f 438//458 513//537 439//484
f 440//459 514//538 461//485
f 513//537 486//511 439//484
f 462//486 514//538 440//459
f 488//513 462//486 442//461
f 396//409 486//511 487//512
f 398//412 487//512 443//462
f 443//462 487//512 515//515
f 401//414 489//488 516//516
f 517//539 464//465 444//463
f 518//540 519//517 464//465
f 490//433 519//517 518//540
f 518//540 417//431 490//433
f 521//490 548//541 465//491
f 465//491 548//541 492//520
f 466//492 546//542 521//490
f 523//543 546//542 466//492
f 418//420 524//544 654//545
f 418//420 447//466 524//544
f 494//521 492//520 580//546
f 495//493 523//543 466//492
f 525//547 420//434 419//419
f 496//548 447//466 498//523
f 554//524 497//422 494//521
f 525//547 467//494 420//434
f 469//468 583//549 468//470
f 499//522 425//438 526//550
f 527//551 449//469 467//494
f 526//550 425//438 555//552
f 527//551 424//437 449//469
f 425//438 426//440 555//552
f 555//552 426//440 528//553
f 470//495 424//437 500//554
f 468//470 556//555 450//439
f 529//556 528//553 426//440
f 472//498 501//525 385//399
f 505//472 502//497 559//528
f 503//527 560//557 507//500
f 428//450 559//528 475//477
f 506//501 476//479 478//504
f 411//427 457//481 511//531
f 509//529 531//558 480//507
f 457//481 458//480 532//559
f 532//559 458//480 562//503
f 460//457 534//535 484//509
f 512//534 436//455 459//483
f 441//460 461//485 535//536
f 514//538 462//486 536//560
f 536//560 462//486 488//513
f 537//561 536//560 488//513
f 488//513 463//487 537//561
f 463//487 538//514 537//561
f 489//488 515//515 539//562
f 539//562 516//516 489//488
f 464//465 517//539 571//563
f 571//563 606//564 464//465
f 518//540 464//465 606//564
f 518//540 540//565 417//431
f 445//464 417//431 540//565
f 543//566 541//567 576//568
f 542//569 541//567 543//566
f 544//570 545//571 520//572
f 520//572 578//573 544//570
f 617//574 546//542 545//571
f 520//572 545//571 546//542
f 578//573 520//572 547//575
f 521//490 549//576 548//541
f 546//542 549//576 521//490
f 520//572 546//542 550//577
f 550//577 547//575 520//572
f 548//541 552//578 492//520
f 551//579 522//489 418//420
f 492//520 552//578 580//546
f 496//548 524//544 447//466
f 554//524 494//521 580//546
f 493//519 525//547 419//419
f 495//493 499//522 523//543
f 583//549 469//468 554//524
f 498//523 468//470 583//549
f 424//437 527//551 500//554
f 470//495 556//555 468//470
f 529//556 426//440 501//525
f 501//525 472//498 473//499
f 557//580 503//527 558//581
f 504//526 558//581 503//527
f 503//527 557//580 560//557
f 504//526 506//501 561//582
f 475//477 559//528 508//530
f 455//478 473//499 453//474
f 560//557 588//583 507//500
f 507//500 588//583 509//529
f 478//504 561//582 506//501
f 589//584 477//502 590//585
f 477//502 510//454 590//585
f 591//586 479//506 508//530
f 589//584 562//503 477//502
f 591//586 478//504 481//505
f 479//506 591//586 481//505
f 531//558 563//587 480//507
f 533//533 483//482 480//507
f 482//508 414//429 564//588
f 414//429 484//509 564//588
f 565//589 566//590 485//510
f 534//535 485//510 566//590
f 565//589 485//510 535//536
f 513//537 512//534 567//591
f 438//458 512//534 513//537
f 600//592 535//536 461//485
f 601//593 486//511 513//537
f 514//538 568//594 461//485
f 569//595 568//594 514//538
f 536//560 569//595 514//538
f 486//511 602//596 487//512
f 537//561 570//597 536//560
f 540//565 538//514 445//464
f 682//598 518//540 606//564
f 516//516 539//562 573//599
f 571//563 517//539 572//600
f 682//598 540//565 518//540
f 444//463 516//516 574//601
f 541//567 607//602 609//603
f 517//539 444//463 574//601
f 542//569 607//602 541//567
f 573//599 607//602 542//569
f 516//516 573//599 575//604
f 575//604 573//599 542//569
f 575//604 574//601 516//516
f 575//604 542//569 610//605
f 542//569 543//566 610//605
f 545//571 544//570 577//606
f 546//542 617//574 549//576
f 548//541 579//607 552//578
f 551//579 619//608 522//489
f 522//489 619//608 491//518
f 654//545 551//579 418//420
f 550//577 546//542 523//543
f 553//609 550//577 523//543
f 554//524 580//546 583//549
f 553//609 523//543 581//610
f 581//610 523//543 499//522
f 582//611 496//548 498//523
f 583//549 582//611 498//523
f 526//550 581//610 499//522
f 526//550 584//612 581//610
f 470//495 500//554 585//613
f 556//555 470//495 585//613
f 556//555 632//614 450//439
f 450//439 586//615 471//496
f 471//496 586//615 502//497
f 634//616 558//581 504//526
f 502//497 586//615 559//528
f 561//582 634//616 504//526
f 666//617 508//530 559//528
f 587//618 473//499 455//478
f 635//619 508//530 666//617
f 591//586 561//582 478//504
f 510//454 592//620 590//585
f 508//530 635//619 591//586
f 562//503 589//584 593//621
f 594//622 562//503 593//621
f 510//454 530//532 592//620
f 457//481 640//623 511//531
f 532//559 640//623 457//481
f 532//559 596//624 595//625
s 0
f 594//361 595//626 596//627
s 1
f 594//622 596//624 562//503
f 562//503 596//624 532//559
f 530//532 482//508 564//588
f 533//533 480//507 597//628
f 484//509 599//629 564//588
f 533//533 598//630 459//483
f 484//509 534//535 599//629
f 512//534 459//483 598//630
f 534//535 566//590 599//629
f 535//536 600//592 565//589
f 513//537 567//591 601//593
f 601//593 602//596 486//511
f 569//595 536//560 570//597
f 603//631 515//515 487//512
f 604//632 515//515 603//631
f 605//633 537//561 538//514
f 604//632 539//562 515//515
f 605//633 538//514 540//565
f 539//562 607//602 573//599
f 517//539 574//601 608//634
f 575//604 610//605 574//601
f 541//567 609//603 576//568
f 611//635 576//568 609//603
f 543//566 576//568 612//636
f 612//636 613//637 543//566
f 610//605 543//566 613//637
f 544//570 614//638 577//606
f 577//606 615//639 545//571
f 544//570 578//573 614//638
f 616//640 614//638 578//573
f 617//574 545//571 615//639
f 616//640 578//573 618//641
f 618//641 578//573 547//575
f 549//576 653//642 548//541
f 550//577 620//643 547//575
f 491//518 619//608 621//644
f 491//518 621//644 622//645
f 493//519 491//518 622//645
f 553//609 623//646 550//577
f 624//647 583//549 580//546
f 581//610 623//646 553//609
f 582//611 583//549 624//647
f 625//648 623//646 581//610
f 581//610 584//612 626//649
f 627//650 623//646 625//648
s 0
f 627//651 625//652 626//361
s 1
f 626//649 625//648 581//610
f 584//612 526//550 628//653
s 0
f 584//654 628//361 626//651
f 627//361 626//361 628//361
s 1
f 525//547 629//655 467//494
f 467//494 630//656 527//551
f 500//554 631//657 585//613
f 556//555 585//613 632//614
f 450//439 632//614 697//658
f 586//615 450//439 697//658
f 501//525 473//499 633//659
f 473//499 587//618 633//659
f 635//619 561//582 591//586
f 638//660 590//585 636//661
f 455//478 637//662 587//618
f 590//585 638//660 589//584
f 637//662 455//478 511//531
f 588//583 639//663 509//529
f 639//663 531//558 509//529
f 589//584 640//623 643//664
f 643//664 640//623 642//665
s 0
f 593//666 643//361 594//667
s 1
f 589//584 643//664 593//621
f 642//665 640//623 532//559
f 595//625 642//665 532//559
s 0
f 643//668 642//669 595//361
f 594//361 643//361 595//361
s 1
f 592//620 530//532 641//670
f 563//587 597//628 480//507
f 597//628 598//630 533//533
f 645//671 644//672 648//673
f 648//673 644//672 647//674
f 564//588 599//629 646//675
f 598//630 649//676 512//534
f 512//534 649//676 567//591
f 600//592 461//485 650//677
f 461//485 568//594 650//677
f 487//512 602//596 603//631
f 605//633 540//565 682//598
f 605//633 682//598 651//678
f 572//600 517//539 608//634
f 612//636 576//568 611//635
f 613//637 652//679 610//605
f 548//541 653//642 579//607
f 579//607 655//680 552//578
f 547//575 620//643 618//641
f 623//646 620//643 550//577
f 552//578 656//681 580//546
f 525//547 493//519 622//645
f 657//682 524//544 496//548
f 656//681 624//647 580//546
f 623//646 659//683 658//684
f 627//650 659//683 623//646
f 526//550 658//684 628//653
s 0
f 659//685 627//361 628//651
s 1
f 658//684 659//683 628//653
s 0
f 629//686 660//332 661//687
s 1
f 525//547 660//688 629//655
s 0
f 660//332 662//332 661//332
s 1
f 629//655 661//689 467//494
f 661//689 630//656 467//494
s 0
f 661//332 662//690 630//691
s 1
f 662//692 694//693 630//656
f 630//656 694//693 527//551
f 555//552 528//553 663//694
f 663//694 528//553 529//556
f 501//525 664//695 529//556
f 665//696 557//580 558//581
f 586//615 697//658 559//528
f 666//617 559//528 697//658
f 635//619 699//697 561//582
f 699//697 635//619 728//698
f 638//660 640//623 589//584
f 637//662 511//531 667//699
f 511//531 668//700 667//699
f 511//531 640//623 668//700
f 639//663 563//587 531//558
f 670//701 704//702 644//672
f 644//672 704//702 647//674
f 647//674 704//702 671//703
f 648//673 706//704 645//671
f 671//703 673//705 647//674
f 673//705 648//673 647//674
f 672//706 646//675 599//629
f 711//707 599//629 566//590
f 672//706 599//629 674//708
f 599//629 711//707 674//708
f 710//709 674//708 675//710
f 676//711 567//591 649//676
f 567//591 676//711 601//593
f 568//594 569//595 677//712
f 570//597 537//561 605//633
f 604//632 603//631 776//713
f 678//714 605//633 651//678
f 606//564 571//563 680//715
f 606//564 680//715 681//716
f 606//564 681//716 682//598
f 572//600 683//717 571//563
f 604//632 749//718 539//562
f 607//602 539//562 749//718
f 572//600 608//634 683//717
f 684//719 609//603 607//602
f 608//634 574//601 715//720
f 574//601 610//605 686//721
f 609//603 685//722 611//635
f 685//722 687//723 611//635
f 610//605 652//679 686//721
f 612//636 611//635 688//724
f 577//606 614//638 689//725
f 614//638 616//640 689//725
f 653//642 549//576 617//574
f 551//579 690//726 619//608
f 690//726 551//579 654//545
f 621//644 619//608 691//727
f 552//578 655//680 656//681
f 654//545 524//544 657//682
f 620//643 623//646 692//728
f 656//681 722//729 624//647
f 657//682 496//548 693//730
f 582//611 693//730 496//548
f 624//647 693//730 582//611
f 692//728 623//646 658//684
f 525//547 694//693 695//731
f 525//547 695//731 660//688
s 0
f 695//732 662//332 660//690
s 1
f 695//731 694//693 662//692
f 526//550 555//552 658//684
f 696//733 500//554 527//551
f 585//613 631//657 726//734
f 632//614 585//613 726//734
f 558//581 698//735 665//696
f 558//581 634//616 698//735
f 699//697 634//616 561//582
f 557//580 700//736 560//557
f 557//580 665//696 700//736
f 697//658 728//698 666//617
f 666//617 728//698 635//619
f 590//585 701//737 636//661
f 560//557 700//736 588//583
f 590//585 592//620 701//737
f 700//736 639//663 588//583
f 731//738 732//739 668//700
f 731//738 669//740 732//739
f 702//741 762//742 732//739
f 669//740 702//741 732//739
f 703//743 670//701 644//672
f 644//672 645//671 703//743
f 645//671 705//744 703//743
f 645//671 706//704 705//744
f 702//741 669//740 707//745
f 707//745 767//746 702//741
f 648//673 709//747 706//704
f 598//630 708//748 649//676
f 711//707 565//589 600//592
f 566//590 565//589 711//707
f 710//709 672//706 674//708
f 674//708 712//749 675//710
f 713//750 650//677 568//594
f 568//594 677//712 713//750
f 570//597 679//751 748//752
f 776//713 603//631 747//753
f 570//597 605//633 679//751
f 571//563 714//754 680//715
f 714//754 571//563 683//717
f 684//719 685//722 609//603
f 686//721 715//720 574//601
f 687//723 688//724 611//635
f 686//721 652//679 716//755
f 612//636 688//724 717//756
f 613//637 612//636 717//756
f 652//679 718//757 716//755
f 718//757 613//637 717//756
f 613//637 718//757 652//679
f 719//758 689//725 616//640
f 617//574 753//759 653//642
f 753//759 617//574 615//639
f 719//758 616//640 618//641
f 653//642 754//760 579//607
f 618//641 720//761 719//758
f 754//760 655//680 579//607
f 720//761 618//641 620//643
f 720//761 620//643 721//762
f 621//644 691//727 622//645
f 655//680 755//763 656//681
f 692//728 721//762 620//643
f 755//763 722//729 656//681
f 622//645 723//764 525//547
f 694//693 525//547 723//764
f 624//647 724//765 693//730
f 722//729 724//765 624//647
f 696//733 527//551 694//693
f 500//554 696//733 725//766
f 500//554 725//766 631//657
f 791//767 663//694 529//556
f 664//695 791//767 529//556
f 501//525 727//768 664//695
f 726//734 728//698 632//614
f 728//698 697//658 632//614
f 501//525 633//659 727//768
f 728//698 726//734 699//697
f 726//734 729//769 634//616
f 699//697 726//734 634//616
f 633//659 587//618 730//770
f 638//660 636//661 756//771
f 638//660 757//772 640//623
f 592//620 641//670 701//737
f 759//773 640//623 757//772
f 759//773 668//700 640//623
f 731//738 668//700 759//773
f 667//699 668//700 732//739
f 734//774 731//738 759//773
f 641//670 530//532 733//775
f 530//532 564//588 733//775
f 733//775 564//588 735//776
f 761//777 736//778 563//587
f 731//738 734//774 669//740
f 763//779 704//702 670//701
f 734//774 737//780 669//740
f 564//588 646//675 735//776
f 563//587 736//778 597//628
f 702//741 738//781 762//742
f 739//782 735//776 646//675
f 669//740 737//780 707//745
f 740//783 597//628 736//778
f 741//784 671//703 704//702
f 739//782 646//675 672//706
f 597//628 740//783 598//630
f 598//630 740//783 708//748
f 702//741 767//746 738//781
f 742//785 672//706 710//709
f 648//673 673//705 805//786
f 709//747 648//673 805//786
f 650//677 711//707 600//592
f 711//707 771//787 674//708
f 674//708 771//787 712//749
f 744//788 743//789 712//749
f 712//749 743//789 675//710
f 601//593 676//711 745//790
f 601//593 745//790 602//596
f 745//790 746//791 602//596
f 602//596 746//791 747//753
f 603//631 602//596 747//753
f 677//712 569//595 748//752
f 570//597 748//752 569//595
f 605//633 678//714 679//751
f 682//598 779//792 651//678
f 779//792 682//598 681//716
f 607//602 749//718 684//719
f 683//717 608//634 750//793
f 608//634 715//720 750//793
f 615//639 577//606 751//794
f 689//725 752//795 577//606
f 753//759 615//639 751//794
f 653//642 753//759 754//760
f 755//763 655//680 754//760
f 690//726 691//727 619//608
f 654//545 784//796 690//726
f 657//682 784//796 654//545
f 691//727 723//764 622//645
f 692//728 658//684 786//797
f 664//695 727//768 791//767
f 821//798 726//734 631//657
f 726//734 821//798 729//769
f 634//616 729//769 698//735
f 730//770 727//768 633//659
f 730//770 587//618 637//662
f 757//772 638//660 756//771
f 758//799 639//663 700//736
f 758//799 563//587 639//663
f 637//662 667//699 760//800
f 758//799 761//777 563//587
f 760//800 732//739 796//801
f 667//699 732//739 760//800
f 670//701 703//743 763//779
f 796//801 732//739 762//742
f 705//744 706//704 764//802
f 704//702 798//803 741//784
f 706//704 765//804 764//802
f 738//781 767//746 766//805
f 706//704 709//747 765//804
f 707//745 768//806 767//746
f 671//703 741//784 769//807
f 673//705 671//703 769//807
f 673//705 769//807 805//786
f 742//785 710//709 770//808
f 650//677 771//787 711//707
f 710//709 675//710 770//808
f 649//676 772//809 676//711
f 743//789 770//808 675//710
f 650//677 713//750 773//810
f 712//749 771//787 744//788
f 677//712 748//752 774//811
f 679//751 678//714 809//812
f 777//813 678//714 651//678
f 776//713 775//814 778//815
f 777//813 651//678 779//792
f 604//632 776//713 811//816
f 681//716 680//715 779//792
f 604//632 811//816 749//718
f 780//817 717//756 688//724
f 781//818 716//755 718//757
f 718//757 717//756 782//819
f 718//757 782//819 781//818
f 577//606 752//795 751//794
f 719//758 752//795 689//725
f 691//727 690//726 783//820
f 690//726 784//796 783//820
f 723//764 691//727 783//820
f 784//796 657//682 785//821
f 783//820 694//693 723//764
f 783//820 818//822 694//693
f 755//763 893//823 722//729
f 693//730 787//824 657//682
f 693//730 724//765 787//824
f 893//823 788//825 722//729
f 722//729 788//825 724//765
f 658//684 789//826 786//797
f 790//827 658//684 555//552
f 555//552 663//694 790//827
f 791//767 727//768 822//828
f 700//736 665//696 792//829
f 792//829 665//696 698//735
f 637//662 853//830 730//770
f 758//799 700//736 792//829
f 636//661 793//831 756//771
f 701//737 793//831 636//661
f 853//830 637//662 794//832
f 701//737 795//833 793//831
f 701//737 641//670 795//833
f 759//773 757//772 734//774
f 762//742 826//834 796//801
f 798//803 704//702 763//779
f 797//835 703//743 705//744
f 762//742 738//781 799//836
f 707//745 737//780 832//837
f 708//748 740//783 800//838
f 738//781 801//839 799//836
f 801//839 738//781 766//805
s 0
f 802//332 801//840 766//841
s 1
f 768//806 707//745 832//837
f 739//782 672//706 803//842
f 766//805 804//843 802//844
f 767//746 804//843 766//805
f 767//746 768//806 804//843
f 672//706 742//785 803//842
f 649//676 708//748 806//845
f 806//845 772//809 649//676
f 676//711 772//809 745//790
f 713//750 677//712 839//846
f 839//846 677//712 774//811
f 776//713 808//847 775//814
f 747//753 808//847 776//713
f 809//812 678//714 777//813
f 775//814 844//848 778//815
f 778//815 810//849 776//713
f 811//816 776//713 810//849
f 779//792 680//715 714//754
f 714//754 683//717 812//850
f 811//816 684//719 749//718
f 750//793 812//850 683//717
f 684//719 811//816 813//851
f 684//719 814//852 685//722
f 685//722 814//852 687//723
f 686//721 716//755 815//853
f 687//723 814//852 688//724
f 780//817 782//819 717//756
f 753//759 751//794 868//854
f 719//758 816//855 752//795
f 816//855 719//758 720//761
f 850//856 755//763 754//760
f 850//856 817//857 755//763
f 784//796 785//821 783//820
f 785//821 818//822 783//820
f 893//823 755//763 817//857
f 721//762 692//728 786//797
f 787//824 785//821 657//682
f 786//797 789//826 819//858
f 724//765 788//825 851//859
f 820//860 694//693 818//822
f 694//693 820//860 696//733
f 658//684 790//827 789//826
f 820//860 725//766 696//733
f 725//766 821//798 631//657
f 822//828 727//768 730//770
f 757//772 823//861 734//774
f 794//832 637//662 760//800
f 758//799 854//862 761//777
f 796//801 824//863 760//800
f 733//775 795//833 641//670
f 825//864 734//774 823//861
f 824//863 796//801 826//834
f 703//743 828//865 763//779
f 761//777 827//866 736//778
f 797//835 828//865 703//743
f 826//834 762//742 799//836
f 734//774 825//864 737//780
f 705//744 764//802 797//835
f 856//867 735//776 739//782
f 831//868 740//783 736//778
f 830//869 832//837 737//780
f 799//836 833//870 834//871
f 835//872 834//871 833//870
s 0
f 801//332 835//840 833//873
s 1
f 801//839 833//870 799//836
s 0
f 801//332 802//332 835//332
s 1
f 835//872 836//874 834//871
s 0
f 802//875 836//876 835//332
s 1
f 802//844 804//843 836//874
f 800//838 806//845 708//748
f 742//785 770//808 837//877
f 743//789 837//877 770//808
f 773//810 771//787 650//677
f 838//878 771//787 773//810
f 807//879 837//877 743//789
f 771//787 838//878 744//788
f 772//809 905//880 745//790
f 807//879 743//789 744//788
f 839//846 773//810 713//750
f 808//847 747//753 860//881
f 840//882 775//814 808//847
f 748//752 841//883 774//811
f 679//751 809//812 842//884
f 679//751 842//884 748//752
f 842//884 841//883 748//752
f 840//882 843//885 775//814
f 775//814 843//885 844//848
f 845//886 777//813 779//792
f 778//815 844//848 846//887
f 846//887 810//849 778//815
f 714//754 812//850 779//792
f 812//850 845//886 779//792
f 715//720 911//888 750//793
f 715//720 686//721 911//888
f 814//852 847//889 688//724
f 847//889 780//817 688//724
f 815//853 716//755 781//818
f 868//854 751//794 848//890
f 849//891 848//890 751//794
f 751//794 752//795 849//891
f 754//760 869//892 850//856
f 721//762 816//855 720//761
f 819//858 721//762 786//797
f 818//822 785//821 820//860
f 851//859 787//824 724//765
f 820//860 852//893 725//766
f 663//694 894//894 790//827
f 791//767 894//894 663//694
f 853//830 822//828 730//770
f 698//735 729//769 876//895
f 876//895 729//769 976//896
f 792//829 854//862 758//799
f 823//861 757//772 756//771
f 795//833 733//775 878//897
f 854//862 855//898 761//777
f 855//898 827//866 761//777
f 763//779 828//865 857//899
f 827//866 829//900 736//778
f 857//899 798//803 763//779
f 733//775 735//776 856//867
f 825//864 830//869 737//780
f 736//778 829//900 831//868
f 800//838 740//783 831//868
f 739//782 803//842 858//901
f 836//874 804//843 834//871
f 859//902 805//786 769//807
f 745//790 905//880 746//791
f 746//791 860//881 747//753
f 839//846 774//811 861//903
f 774//811 841//883 861//903
f 862//904 840//882 808//847
f 863//905 809//812 777//813
f 842//884 809//812 864//906
f 841//883 842//884 866//907
f 865//908 841//883 866//907
f 814//852 684//719 813//851
f 686//721 867//909 911//888
f 686//721 815//853 867//909
f 753//759 868//854 869//892
f 753//759 869//892 754//760
f 869//892 870//910 850//856
f 721//762 914//911 816//855
f 819//858 914//911 721//762
f 892//912 819//858 789//826
f 851//859 871//913 787//824
f 787//824 873//914 785//821
f 873//914 872//915 785//821
f 785//821 872//915 820//860
f 852//893 820//860 872//915
f 789//826 790//827 874//916
f 852//893 875//917 725//766
f 725//766 875//917 821//798
f 791//767 822//828 894//894
f 876//895 792//829 698//735
f 853//830 794//832 918//918
f 793//831 877//919 756//771
f 878//897 877//919 793//831
f 877//919 823//861 756//771
f 793//831 795//833 878//897
f 856//867 878//897 733//775
f 825//864 898//920 830//869
f 739//782 858//901 856//867
f 798//803 879//921 741//784
f 741//784 879//921 769//807
f 834//871 804//843 900//922
f 709//747 859//902 765//804
f 859//902 709//747 805//786
f 903//923 803//842 742//785
f 742//785 837//877 903//923
f 960//924 837//877 807//879
f 880//925 773//810 881//926
f 838//878 773//810 880//925
f 838//878 807//879 744//788
f 881//926 773//810 839//846
f 746//791 905//880 860//881
f 862//904 808//847 882//927
f 860//881 882//927 808//847
f 863//905 864//906 809//812
f 865//908 883//928 841//883
f 777//813 845//886 863//905
f 844//848 843//885 884//929
f 864//906 866//907 842//884
f 884//929 846//887 844//848
f 810//849 886//930 811//816
f 845//886 812//850 887//931
f 750//793 888//932 812//850
f 750//793 911//888 888//932
f 814//852 938//933 847//889
f 815//853 889//934 867//909
f 847//889 782//819 780//817
f 889//934 815//853 781//818
f 849//891 752//795 816//855
f 890//935 817//857 850//856
f 817//857 890//935 891//936
f 817//857 891//936 893//823
f 916//937 913//938 892//912
f 893//823 915//939 788//825
f 873//914 787//824 871//913
f 915//939 871//913 851//859
f 788//825 915//939 851//859
f 822//828 895//940 894//894
f 821//798 976//896 729//769
f 896//941 792//829 876//895
f 854//862 792//829 896//941
f 918//918 794//832 897//942
f 952//943 794//832 760//800
f 825//864 823//861 898//920
f 828//865 922//944 857//899
f 828//865 899//945 922//944
f 828//865 797//835 899//945
f 797//835 764//802 899//945
f 829//900 901//946 831//868
f 799//836 834//871 900//922
f 765//804 958//947 764//802
f 768//806 902//948 804//843
f 832//837 902//948 768//806
f 803//842 903//923 858//901
f 831//868 959//949 800//838
f 800//838 926//950 806//845
f 904//951 772//809 806//845
f 772//809 904//951 905//880
f 838//878 880//925 807//879
f 841//883 906//952 861//903
f 883//928 906//952 841//883
f 845//886 885//953 863//905
f 864//906 907//954 866//907
f 846//887 884//929 908//955
f 866//907 907//954 909//956
f 909//956 865//908 866//907
f 810//849 846//887 886//930
f 885//953 845//886 887//931
f 811//816 886//930 813//851
f 910//957 814//852 813//851
f 938//933 814//852 910//957
f 847//889 889//934 782//819
f 781//818 782//819 889//934
f 849//891 816//855 912//958
f 870//910 890//935 850//856
f 912//958 816//855 914//911
f 892//912 913//938 914//911
f 819//858 892//912 914//911
f 891//936 915//939 893//823
f 892//912 789//826 874//916
f 873//914 917//959 872//915
f 917//959 852//893 872//915
f 874//916 790//827 894//894
f 875//917 950//960 821//798
f 821//798 950//960 976//896
f 853//830 918//918 822//828
f 896//941 855//898 854//862
f 824//863 952//943 760//800
f 824//863 919//961 952//943
f 898//920 823//861 920//962
f 824//863 826//834 921//963
f 878//897 856//867 955//964
f 922//944 923//965 857//899
f 826//834 799//836 921//963
f 798//803 857//899 923//965
f 921//963 799//836 900//922
f 830//869 957//966 832//837
f 879//921 798//803 923//965
f 899//945 764//802 958//947
f 856//867 858//901 980//967
f 858//901 924//968 980//967
f 879//921 925//969 769//807
f 765//804 927//970 958//947
f 902//948 900//922 804//843
f 903//923 924//968 858//901
f 800//838 959//949 926//950
f 927//970 765//804 859//902
f 769//807 925//969 859//902
f 859//902 925//969 927//970
f 806//845 926//950 929//971
f 928//972 903//923 837//877
f 960//924 928//972 837//877
f 807//879 880//925 961//973
f 807//879 961//973 960//924
f 905//880 904//951 930//974
f 880//925 881//926 931//975
f 932//976 881//926 839//846
f 930//974 860//881 905//880
f 839//846 861//903 932//976
f 840//882 862//904 933//977
f 840//882 933//977 843//885
f 933//977 884//929 843//885
f 883//928 865//908 934//978
f 936//979 864//906 863//905
f 936//979 863//905 885//953
f 884//929 935//980 908//955
f 864//906 936//979 907//954
f 937//981 812//850 888//932
f 812//850 937//981 887//931
f 868//854 939//982 869//892
f 939//982 868//854 848//890
f 848//890 849//891 940//983
f 941//984 890//935 870//910
f 912//958 914//911 968//985
f 942//986 891//936 890//935
f 944//987 943//988 913//938
f 942//986 915//939 891//936
f 947//989 946//990 945//991
s 0
f 944//992 947//993 945//332
s 1
f 913//938 947//989 944//987
f 942//986 974//994 915//939
f 916//937 946//990 947//989
f 947//989 913//938 916//937
f 915//939 974//994 871//913
f 871//913 948//995 873//914
f 975//996 892//912 874//916
f 917//959 949//997 852//893
f 949//997 875//917 852//893
f 975//996 894//894 1001//998
f 874//916 894//894 975//996
f 822//828 951//999 895//940
f 918//918 951//999 822//828
f 952//943 897//942 794//832
f 896//941 953//1000 855//898
f 920//962 823//861 877//919
f 878//897 954//1001 877//919
f 953//1000 827//866 855//898
f 919//961 824//863 921//963
f 956//1002 829//900 827//866
f 898//920 979//1003 957//966
f 980//967 955//964 856//867
f 830//869 898//920 957//966
f 956//1002 901//946 829//900
f 958//947 922//944 899//945
f 923//965 983//1004 879//921
f 957//966 1012//1005 832//837
f 832//837 1012//1005 902//948
f 831//868 901//946 959//949
f 879//921 983//1004 925//969
f 903//923 928//972 924//968
f 806//845 987//1006 904//951
f 860//881 930//974 962//1007
f 962//1007 882//927 860//881
f 934//978 865//908 909//956
f 887//931 963//1008 885//953
f 846//887 908//955 886//930
f 907//954 936//979 1024//1009
f 888//932 911//888 994//1010
f 993//1011 907//954 1024//1009
f 992//1012 907//954 993//1011
f 910//957 813//851 886//930
f 964//1013 910//957 886//930
f 867//909 965//1014 911//888
f 1025//1015 938//933 910//957
f 847//889 938//933 966//1016
f 966//1016 867//909 889//934
f 966//1016 889//934 847//889
f 939//982 848//890 940//983
f 869//892 939//982 870//910
f 912//958 940//983 849//891
f 942//986 890//935 970//1017
f 941//984 970//1017 890//935
f 971//1018 967//1019 913//938
f 967//1019 968//985 913//938
f 913//938 968//985 914//911
f 942//986 969//1020 1027//1021
f 971//1018 913//938 943//988
f 972//1022 971//1018 973//1023
s 0
f 943//1024 944//332 973//1025
s 1
f 971//1018 943//988 973//1023
f 974//994 942//986 1027//1021
s 0
f 945//1025 972//1026 973//332
s 1
f 945//991 946//990 972//1022
s 0
f 944//332 945//332 973//332
s 1
f 871//913 974//994 948//995
f 916//937 892//912 946//990
f 975//996 946//990 892//912
f 875//917 949//997 950//960
f 895//940 1001//998 894//894
f 876//895 977//1027 896//941
f 918//918 897//942 1004//1028
f 978//1029 952//943 919//961
f 954//1001 878//897 955//964
f 898//920 920//962 979//1003
f 982//1030 981//1031 1034//1032
f 922//944 983//1004 923//965
f 958//947 983//1004 922//944
f 921//963 900//922 1012//1005
f 900//922 902//948 1012//1005
f 958//947 927//970 983//1004
f 927//970 925//969 983//1004
f 929//971 926//950 1014//1033
f 959//949 985//1034 926//950
f 986//1035 1015//1036 924//968
f 924//968 928//972 986//1035
f 929//971 987//1006 806//845
f 986//1035 928//972 961//973
f 928//972 960//924 961//973
f 904//951 987//1006 1018//1037
f 904//951 1018//1037 930//974
f 880//925 931//975 961//973
f 932//976 988//1038 881//926
f 931//975 881//926 988//1038
f 932//976 861//903 989//1039
f 882//927 962//1007 1019//1040
f 861//903 906//952 989//1039
f 882//927 1019//1040 862//904
f 933//977 862//904 1019//1040
f 883//928 934//978 906//952
f 884//929 933//977 990//1041
f 990//1041 935//980 884//929
f 909//956 991//1042 934//978
f 886//930 908//955 1021//1043
f 887//931 937//981 963//1008
f 936//979 885//953 963//1008
f 888//932 994//1010 937//981
f 909//956 907//954 992//1012
f 994//1010 911//888 965//1014
f 867//909 995//1044 965//1014
f 995//1044 867//909 966//1016
f 996//1045 870//910 939//982
f 996//1045 967//1019 870//910
f 968//985 967//1019 996//1045
f 941//984 870//910 971//1018
f 967//1019 971//1018 870//910
f 970//1017 969//1020 942//986
f 971//1018 972//1022 997//1046
f 946//990 997//1046 972//1022
f 873//914 948//995 999//1047
f 873//914 999//1047 917//959
f 949//997 917//959 1000//1048
f 949//997 1002//1049 950//960
f 1030//1050 895//940 951//999
f 918//918 1003//1051 951//999
f 977//1027 1005//1052 896//941
f 896//941 1005//1052 953//1000
f 978//1029 919//961 1006//1053
f 1053//1054 827//866 953//1000
f 919//961 921//963 1006//1053
f 877//919 1007//1055 920//962
f 920//962 1007//1055 1032//1056
f 877//919 954//1001 1007//1055
f 1031//1057 979//1003 920//962
f 1033//1058 827//866 1053//1054
f 1009//1059 981//1031 1008//1060
f 956//1002 827//866 1033//1058
f 981//1031 1009//1059 1034//1032
f 957//966 979//1003 1012//1005
f 955//964 980//967 1013//1061
f 982//1030 1034//1032 1011//1062
f 1036//1063 901//946 956//1002
f 982//1030 1011//1062 984//1064
f 982//1030 1016//1065 981//1031
f 1014//1033 981//1031 1016//1065
f 1015//1036 1013//1061 980//967
f 980//967 924//968 1015//1036
f 1036//1063 985//1034 959//949
f 901//946 1036//1063 959//949
f 1014//1033 926//950 985//1034
f 1014//1033 1016//1065 929//971
f 929//971 1057//1066 987//1006
f 986//1035 961//973 1017//1067
f 988//1038 932//976 989//1039
f 990//1041 933//977 1019//1040
f 1020//1068 906//952 934//978
f 991//1042 909//956 1023//1069
f 936//979 963//1008 1022//1070
f 909//956 992//1012 1023//1069
f 1024//1009 936//979 1022//1070
f 886//930 1021//1043 1069//1071
f 886//930 1069//1071 964//1013
f 910//957 964//1013 1025//1015
f 966//1016 938//933 1026//1072
f 939//982 940//983 996//1045
f 940//983 912//958 996//1045
f 996//1045 912//958 968//985
f 1047//1073 1027//1021 1046//1074
f 969//1020 1046//1074 1027//1021
f 997//1046 941//984 971//1018
f 1027//1021 1048//1075 974//994
f 997//1046 946//990 998//1076
f 974//994 1048//1075 948//995
f 946//990 975//996 998//1076
f 998//1076 975//996 1028//1077
f 1000//1048 917//959 999//1047
f 1028//1077 975//996 1001//998
f 950//960 1002//1049 1029//1078
f 976//896 950//960 1029//1078
f 1126//1079 976//896 1029//1078
f 976//896 1126//1079 977//1027
f 976//896 977//1027 876//895
f 1004//1028 1003//1051 918//918
f 952//943 978//1029 897//942
f 1031//1057 978//1029 1006//1053
f 1031//1057 920//962 1032//1056
f 1031//1057 1006//1053 979//1003
f 1007//1055 954//1001 955//964
f 1035//1080 1008//1060 981//1031
f 981//1031 1010//1081 1035//1080
f 1035//1080 1010//1081 1053//1054
f 1033//1058 1053//1054 1010//1081
f 1033//1058 1055//1082 956//1002
f 979//1003 1006//1053 1012//1005
f 921//963 1012//1005 1006//1053
f 1036//1063 956//1002 1055//1082
f 1014//1033 1010//1081 981//1031
f 985//1034 1010//1081 1014//1033
f 1056//1083 1013//1061 1015//1036
f 1011//1062 1037//1084 984//1064
f 984//1064 1038//1085 982//1030
f 982//1030 1038//1085 1016//1065
f 1038//1085 984//1064 1037//1084
f 1057//1066 1016//1065 1038//1085
f 1016//1065 1057//1066 929//971
f 1057//1066 1039//1086 987//1006
f 961//973 1060//1087 1017//1067
f 987//1006 1039//1086 1018//1037
f 931//975 1060//1087 961//973
f 931//975 988//1038 1060//1087
f 962//1007 930//974 1018//1037
f 1062//1088 1019//1040 962//1007
f 1062//1088 1040//1089 1019//1040
f 934//978 991//1042 1020//1068
f 908//955 935//980 1021//1043
f 963//1008 937//981 1066//1090
f 1041//1091 1024//1009 1022//1070
f 1041//1091 993//1011 1024//1009
f 992//1012 993//1011 1042//1092
f 1025//1015 964//1013 1043//1093
f 1026//1072 938//933 1025//1015
f 1045//1094 1046//1074 969//1020
f 1045//1094 969//1020 970//1017
f 997//1046 970//1017 941//984
f 1048//1075 1027//1021 1047//1073
f 997//1046 998//1076 1049//1095
f 999//1047 948//995 1085//1096
f 1000//1048 1002//1049 949//997
f 1001//998 895//940 1030//1050
f 1004//1028 897//942 1051//1097
f 978//1029 1052//1098 897//942
f 978//1029 1031//1057 1052//1098
f 1054//1099 1008//1060 1035//1080
f 1034//1032 1161//1100 1130//1101
f 1009//1059 1161//1100 1034//1032
f 955//964 1013//1061 1007//1055
f 1010//1081 1055//1082 1033//1058
f 1132//1102 1034//1032 1130//1101
f 1055//1082 1010//1081 985//1034
f 1132//1102 1011//1062 1034//1032
f 1055//1082 985//1034 1036//1063
f 1037//1084 1011//1062 1132//1102
f 1057//1066 1038//1085 1039//1086
f 1039//1086 1038//1085 1058//1103
f 1059//1104 1039//1086 1058//1103
f 1039//1086 1059//1104 1018//1037
f 1061//1105 1060//1087 988//1038
f 1018//1037 1062//1088 962//1007
f 988//1038 989//1039 1063//1106
f 906//952 1063//1106 989//1039
f 1019//1040 1040//1089 990//1041
f 906//952 1020//1068 1064//1107
f 1067//1108 935//980 990//1041
f 1021//1043 935//980 1067//1108
f 1066//1090 937//981 1065//1109
f 963//1008 1066//1090 1022//1070
f 937//981 1068//1110 1065//1109
f 1042//1092 1023//1069 992//1012
f 993//1011 1041//1091 1070//1111
f 993//1011 1070//1111 1042//1092
f 1069//1071 1072//1112 964//1013
f 965//1014 995//1044 1071//1113
f 1071//1113 995//1044 1073//1114
f 964//1013 1072//1112 1074//1115
f 1026//1072 1025//1015 1075//1116
f 966//1016 1026//1072 1076//1117
f 1076//1117 1073//1114 966//1016
f 966//1016 1073//1114 995//1044
f 1072//1112 1077//1118 1074//1115
f 1043//1093 964//1013 1074//1115
f 1078//1119 1110//1120 1044//1121
f 1077//1118 1078//1119 1044//1121
f 1113//1122 1077//1118 1044//1121
f 1110//1120 1079//1123 1044//1121
f 1080//1124 1113//1122 1044//1121
f 1079//1123 1115//1125 1044//1121
f 1081//1126 1044//1121 1115//1125
f 1080//1124 1044//1121 1081//1126
f 1151//1127 1046//1074 1045//1094
f 1045//1094 1083//1128 1082//1129
f 1083//1128 1045//1094 970//1017
f 1048//1075 1085//1096 948//995
f 1028//1077 1001//998 1087//1130
f 1001//998 1030//1050 1087//1130
f 1089//1131 1088//1132 1050//1133
f 1092//1134 1089//1131 1050//1133
f 1050//1133 1088//1132 1090//1135
f 1029//1078 1124//1136 1126//1079
f 1030//1050 951//999 1091//1137
f 1093//1138 1050//1133 1090//1135
f 1094//1139 1050//1133 1093//1138
f 1092//1134 1050//1133 1094//1139
f 1091//1137 951//999 1003//1051
f 977//1027 1126//1079 1005//1052
f 1052//1098 1051//1097 897//942
f 1095//1140 1052//1098 1031//1057
f 953//1000 1159//1141 1053//1054
f 1031//1057 1032//1056 1095//1140
f 1054//1099 1035//1080 1128//1142
f 1128//1142 1035//1080 1053//1054
f 1008//1060 1054//1099 1009//1059
f 1009//1059 1054//1099 1129//1143
f 1007//1055 1096//1144 1095//1140
f 1007//1055 1095//1140 1032//1056
f 1096//1144 1007//1055 1097//1145
f 1007//1055 1013//1061 1097//1145
f 1013//1061 1056//1083 1097//1145
f 1056//1083 1015//1036 1163//1146
f 1038//1085 1037//1084 1099//1147
f 1015//1036 986//1035 1098//1148
f 1098//1148 986//1035 1100//1149
f 1101//1150 1038//1085 1099//1147
f 1038//1085 1101//1150 1058//1103
f 1103//1151 1058//1103 1102//1152
f 1059//1104 1058//1103 1103//1151
f 1059//1104 1103//1151 1062//1088
f 1059//1104 1062//1088 1018//1037
s 0
f 1061//1153 1106//361 1105//1154
s 1
f 988//1038 1106//1155 1061//1105
f 1060//1087 1061//1105 1105//1156
f 988//1038 1107//1157 1106//1155
f 1107//1157 988//1038 1063//1106
f 906//952 1064//1107 1063//1106
f 1066//1090 1108//1158 1022//1070
f 1022//1070 1108//1158 1041//1091
f 937//981 994//1010 1068//1110
f 1069//1071 1021//1043 1142//1159
f 1109//1160 1023//1069 1042//1092
f 1069//1071 1142//1159 1072//1112
f 994//1010 965//1014 1071//1113
f 1144//1161 1177//1162 1072//1112
f 1077//1118 1177//1162 1078//1119
f 1072//1112 1177//1162 1077//1118
f 1043//1093 1075//1116 1025//1015
f 1074//1115 1112//1163 1043//1093
f 1112//1163 1075//1116 1043//1093
f 1074//1115 1077//1118 1113//1122
f 1112//1163 1074//1115 1113//1122
f 1079//1123 1110//1120 1111//1164
f 1114//1165 1115//1125 1079//1123
s 0
f 1082//1166 1117//361 1116//1167
s 1
f 1082//1129 1116//1168 1045//1094
s 0
f 1116//361 1117//361 1118//361
s 1
f 1082//1129 1083//1128 1117//1169
f 1083//1128 970//1017 1118//1170
s 0
f 1083//1171 1118//361 1117//1169
s 1
f 1047//1073 1119//1172 1084//1173
f 1046//1074 1119//1172 1047//1073
f 1120//1174 970//1017 997//1046
f 1049//1095 1120//1174 997//1046
f 1047//1073 1208//1175 1048//1075
f 1049//1095 998//1076 1121//1176
f 998//1076 1028//1077 1121//1176
f 1121//1176 1028//1077 1086//1177
f 999//1047 1085//1096 1122//1178
f 1086//1177 1028//1077 1087//1130
f 1122//1178 1000//1048 999//1047
f 1088//1132 1089//1131 1123//1179
f 1124//1136 1029//1078 1002//1049
f 1092//1134 1124//1136 1089//1131
f 1088//1132 1125//1180 1090//1135
f 1092//1134 1126//1079 1124//1136
f 1092//1134 1094//1139 1126//1079
f 1127//1181 1003//1051 1004//1028
f 1004//1028 1051//1097 1127//1181
f 1158//1182 1051//1097 1052//1098
f 1052//1098 1095//1140 1158//1182
f 953//1000 1005//1052 1159//1141
f 1128//1142 1053//1054 1159//1141
f 1009//1059 1129//1143 1161//1100
f 1162//1183 1130//1101 1161//1100
f 1130//1101 1162//1183 1131//1184
f 1131//1184 1132//1102 1130//1101
f 1037//1084 1132//1102 1099//1147
f 1015//1036 1098//1148 1163//1146
f 1017//1067 1100//1149 986//1035
f 1193//1185 1058//1103 1101//1150
f 1100//1149 1017//1067 1133//1186
f 1058//1103 1193//1185 1102//1152
f 1060//1087 1133//1186 1017//1067
f 1060//1087 1104//1187 1133//1186
f 1103//1151 1102//1152 1195//1188
s 0
f 1105//361 1106//361 1134//361
s 1
f 1105//1156 1135//1189 1060//1087
s 0
f 1134//1154 1135//1190 1105//361
s 1
f 1060//1087 1135//1189 1104//1187
f 1134//1191 1107//1157 1063//1106
s 0
f 1106//1154 1107//1192 1134//361
s 1
f 1063//1106 1104//1187 1135//1189
f 1063//1106 1135//1189 1134//1191
f 1062//1088 1136//1193 1040//1089
f 1137//1194 1138//1195 1040//1089
f 1138//1195 990//1041 1040//1089
f 1064//1107 1020//1068 1139//1196
f 990//1041 1138//1195 1067//1108
f 1020//1068 991//1042 1141//1197
f 1140//1198 1066//1090 1065//1109
f 991//1042 1023//1069 1141//1197
f 1067//1108 1173//1199 1021//1043
f 1173//1199 1142//1159 1021//1043
f 1143//1200 1041//1091 1108//1158
f 1070//1111 1041//1091 1143//1200
f 1144//1161 1072//1112 1142//1159
f 1042//1092 1070//1111 1109//1160
f 1026//1072 1075//1116 1145//1201
f 1026//1072 1203//1202 1076//1117
f 1078//1119 1111//1164 1110//1120
f 1181//1203 1073//1114 1076//1117
f 1111//1164 1146//1204 1079//1123
f 1079//1123 1146//1204 1147//1205
f 1149//1206 1079//1123 1147//1205
s 0
f 1148//361 1149//1207 1147//1208
s 1
f 1079//1123 1149//1206 1114//1165
s 0
f 1149//361 1148//361 1150//361
f 1114//1209 1149//361 1150//1210
s 1
f 1114//1165 1150//1211 1115//1125
f 1046//1074 1151//1127 1119//1172
f 1116//1168 1152//1212 1045//1094
f 1045//1094 1152//1212 1151//1127
s 0
f 1152//1213 1116//361 1118//1169
s 1
f 1153//1214 1152//1212 1118//1170
f 970//1017 1153//1214 1118//1170
f 970//1017 1120//1174 1153//1214
f 1047//1073 1084//1173 1208//1175
f 1208//1175 1154//1215 1048//1075
f 1048//1075 1154//1215 1085//1096
f 1121//1176 1086//1177 1210//1216
f 1089//1131 1155//1217 1123//1179
f 1155//1217 1002//1049 1214//1218
f 1089//1131 1124//1136 1155//1217
f 1002//1049 1155//1217 1124//1136
f 1125//1180 1156//1219 1090//1135
f 1093//1138 1090//1135 1156//1219
f 1091//1137 1003//1051 1157//1220
f 1126//1079 1094//1139 1188//1221
f 1188//1221 1005//1052 1126//1079
f 1222//1222 1161//1100 1129//1143
f 1190//1223 1162//1183 1161//1100
f 1131//1184 1162//1183 1191//1224
f 1163//1146 1097//1145 1056//1083
f 1132//1102 1131//1184 1164//1225
f 1164//1225 1099//1147 1132//1102
f 1104//1187 1063//1106 1165//1226
f 1136//1193 1062//1088 1103//1151
f 1165//1226 1063//1106 1167//1227
f 1197//1228 1167//1227 1168//1229
f 1166//1230 1197//1228 1168//1229
f 1040//1089 1136//1193 1170//1231
f 1167//1227 1063//1106 1064//1107
f 1168//1229 1169//1232 1166//1230
f 1040//1089 1170//1231 1137//1194
f 1167//1227 1064//1107 1171//1233
f 1168//1229 1167//1227 1171//1233
f 1171//1233 1172//1234 1168//1229
f 1169//1232 1168//1229 1172//1234
f 1067//1108 1138//1195 1173//1199
f 1066//1090 1140//1198 1108//1158
f 994//1010 1174//1235 1068//1110
f 1071//1113 1174//1235 994//1010
f 1142//1159 1173//1199 1144//1161
f 1109//1160 1070//1111 1175//1236
f 1144//1161 1235//1237 1177//1162
f 1177//1162 1235//1237 1176//1238
f 1179//1239 1078//1119 1177//1162
f 1178//1240 1071//1113 1073//1114
f 1026//1072 1145//1201 1203//1202
f 1179//1239 1111//1164 1078//1119
f 1178//1240 1073//1114 1180//1241
f 1180//1241 1073//1114 1181//1203
f 1145//1201 1075//1116 1112//1163
f 1146//1204 1182//1242 1147//1205
f 1182//1242 1148//1243 1147//1205
f 1148//1243 1182//1242 1183//1244
s 0
f 1150//361 1148//1207 1183//1245
s 1
f 1115//1125 1150//1211 1183//1244
f 1081//1126 1205//1246 1080//1124
f 1151//1127 1207//1247 1119//1172
f 1152//1212 1153//1214 1151//1127
f 1122//1178 1154//1215 1184//1248
f 1154//1215 1122//1178 1085//1096
f 1214//1218 1002//1049 1185//1249
f 1186//1250 1088//1132 1123//1179
f 1000//1048 1185//1249 1002//1049
f 1186//1250 1125//1180 1088//1132
f 1030//1050 1091//1137 1187//1251
f 1187//1251 1091//1137 1157//1220
f 1094//1139 1093//1138 1217//1252
f 1188//1221 1094//1139 1217//1252
f 1157//1220 1003//1051 1218//1253
f 1003//1051 1127//1181 1218//1253
f 1158//1182 1219//1254 1051//1097
f 1159//1141 1005//1052 1188//1221
f 1189//1255 1095//1140 1160//1256
f 1158//1182 1095//1140 1189//1255
f 1128//1142 1277//1257 1054//1099
f 1159//1141 1277//1257 1128//1142
f 1096//1144 1160//1256 1095//1140
f 1191//1224 1162//1183 1190//1223
f 1097//1145 1160//1256 1096//1144
f 1164//1225 1131//1184 1192//1258
f 1133//1186 1194//1259 1100//1149
f 1102//1152 1193//1185 1195//1188
f 1196//1260 1103//1151 1195//1188
f 1197//1228 1104//1187 1165//1226
f 1254//1261 1197//1228 1166//1230
f 1197//1228 1165//1226 1167//1227
f 1198//1262 1166//1230 1169//1232
f 1064//1107 1139//1196 1171//1233
f 1199//1263 1139//1196 1020//1068
f 1020//1068 1141//1197 1199//1263
f 1140//1198 1065//1109 1200//1264
f 1068//1110 1200//1264 1065//1109
f 1174//1235 1200//1264 1068//1110
f 1023//1069 1234//1265 1141//1197
f 1234//1265 1109//1160 1175//1236
f 1234//1265 1023//1069 1109//1160
f 1070//1111 1143//1200 1236//1266
f 1236//1266 1175//1236 1070//1111
f 1235//1237 1144//1161 1173//1199
f 1174//1235 1071//1113 1178//1240
f 1177//1162 1176//1238 1179//1239
f 1180//1241 1202//1267 1178//1240
f 1204//1268 1076//1117 1203//1202
f 1076//1117 1204//1268 1181//1203
f 1239//1269 1146//1204 1111//1164
f 1181//1203 1202//1267 1180//1241
f 1113//1122 1080//1124 1205//1246
f 1182//1242 1115//1125 1183//1244
f 1206//1270 1205//1246 1081//1126
f 1081//1126 1115//1125 1206//1270
f 1119//1172 1267//1271 1084//1173
f 1084//1173 1267//1271 1208//1175
f 1154//1215 1208//1175 1209//1272
f 1121//1176 1244//1273 1049//1095
f 1210//1216 1244//1273 1121//1176
f 1000//1048 1211//1274 1185//1249
f 1211//1274 1000//1048 1122//1178
f 1123//1179 1212//1275 1186//1250
f 1123//1179 1155//1217 1213//1276
f 1030//1050 1187//1251 1245//1277
f 1125//1180 1215//1278 1156//1219
f 1093//1138 1156//1219 1217//1252
f 1217//1252 1248//1279 1188//1221
f 1127//1181 1051//1097 1219//1254
f 1219//1254 1158//1182 1220//1280
f 1220//1280 1158//1182 1189//1255
f 1188//1221 1277//1257 1159//1141
f 1221//1281 1129//1143 1054//1099
f 1221//1281 1222//1222 1129//1143
f 1191//1224 1190//1223 1223//1282
f 1160//1256 1097//1145 1224//1283
f 1163//1146 1224//1283 1097//1145
f 1192//1258 1131//1184 1191//1224
f 1225//1284 1163//1146 1098//1148
f 1098//1148 1226//1285 1225//1284
f 1164//1225 1227//1286 1099//1147
f 1098//1148 1100//1149 1226//1285
f 1228//1287 1226//1285 1100//1149
f 1099//1147 1227//1286 1101//1150
f 1100//1149 1229//1288 1228//1287
f 1101//1150 1227//1286 1193//1185
f 1133//1186 1104//1187 1230//1289
f 1230//1289 1104//1187 1197//1228
f 1254//1261 1230//1289 1197//1228
f 1136//1193 1103//1151 1196//1260
f 1166//1230 1198//1262 1254//1261
f 1231//1290 1198//1262 1169//1232
f 1139//1196 1232//1291 1171//1233
f 1139//1196 1199//1263 1232//1291
f 1231//1290 1169//1232 1172//1234
f 1137//1194 1257//1292 1138//1195
f 1138//1195 1257//1292 1173//1199
f 1257//1292 1201//1293 1173//1199
f 1108//1158 1140//1198 1233//1294
f 1200//1264 1174//1235 1258//1295
f 1108//1158 1233//1294 1143//1200
f 1173//1199 1201//1293 1235//1237
f 1234//1265 1175//1236 1260//1296
f 1175//1236 1236//1266 1260//1296
f 1174//1235 1178//1240 1237//1297
f 1238//1298 1178//1240 1202//1267
f 1145//1201 1264//1299 1203//1202
f 1111//1164 1179//1239 1239//1269
f 1145//1201 1112//1163 1240//1300
f 1112//1163 1113//1122 1241//1301
f 1205//1246 1241//1301 1113//1122
f 1182//1242 1146//1204 1242//1302
f 1115//1125 1182//1242 1206//1270
f 1267//1271 1119//1172 1243//1303
f 1153//1214 1207//1247 1151//1127
f 1208//1175 1267//1271 1270//1304
f 1120//1174 1049//1095 1271//1305
f 1271//1305 1049//1095 1244//1273
f 1154//1215 1209//1272 1184//1248
f 1272//1306 1122//1178 1184//1248
f 1086//1177 1087//1130 1245//1277
f 1087//1130 1030//1050 1245//1277
f 1123//1179 1213//1276 1212//1275
f 1213//1276 1155//1217 1214//1218
f 1185//1249 1246//1307 1214//1218
f 1215//1278 1125//1180 1186//1250
f 1187//1251 1157//1220 1216//1308
f 1247//1309 1217//1252 1156//1219
f 1248//1279 1217//1252 1247//1309
f 1157//1220 1218//1253 1216//1308
f 1218//1253 1127//1181 1275//1310
f 1127//1181 1219//1254 1275//1310
f 1221//1281 1054//1099 1276//1311
f 1277//1257 1276//1311 1054//1099
f 1222//1222 1249//1312 1161//1100
f 1163//1146 1306//1313 1224//1283
f 1250//1314 1192//1258 1191//1224
f 1163//1146 1225//1284 1306//1313
f 1164//1225 1192//1258 1251//1315
f 1164//1225 1251//1315 1227//1286
f 1227//1286 1252//1316 1193//1185
f 1100//1149 1194//1259 1229//1288
f 1229//1288 1194//1259 1253//1317
f 1194//1259 1133//1186 1253//1317
f 1133//1186 1230//1289 1253//1317
f 1196//1260 1195//1188 1285//1318
f 1254//1261 1198//1262 1255//1319
f 1136//1193 1256//1320 1170//1231
f 1171//1233 1232//1291 1172//1234
f 1258//1295 1140//1198 1200//1264
f 1259//1321 1141//1197 1234//1265
f 1235//1237 1201//1293 1261//1322
f 1237//1297 1258//1295 1174//1235
f 1235//1237 1262//1323 1176//1238
f 1178//1240 1238//1298 1237//1297
f 1263//1324 1179//1239 1176//1238
f 1145//1201 1240//1300 1264//1299
f 1181//1203 1204//1268 1299//1325
f 1202//1267 1181//1203 1299//1325
f 1239//1269 1242//1302 1146//1204
f 1206//1270 1265//1326 1300//1327
f 1205//1246 1206//1270 1300//1327
f 1243//1303 1119//1172 1266//1328
f 1266//1328 1119//1172 1207//1247
f 1153//1214 1268//1329 1207//1247
f 1268//1329 1153//1214 1269//1330
f 1153//1214 1120//1174 1269//1330
f 1209//1272 1208//1175 1270//1304
f 1210//1216 1086//1177 1273//1331
f 1273//1331 1086//1177 1245//1277
f 1122//1178 1272//1306 1211//1274
f 1216//1308 1303//1332 1187//1251
f 1156//1219 1215//1278 1247//1309
f 1216//1308 1218//1253 1274//1333
f 1248//1279 1276//1311 1188//1221
f 1188//1221 1276//1311 1277//1257
f 1220//1280 1189//1255 1304//1334
f 1221//1281 1278//1335 1222//1222
f 1276//1311 1278//1335 1221//1281
f 1189//1255 1160//1256 1304//1334
f 1304//1334 1160//1256 1279//1336
f 1190//1223 1249//1312 1223//1282
f 1161//1100 1249//1312 1190//1223
f 1280//1337 1160//1256 1224//1283
f 1223//1282 1250//1314 1191//1224
f 1281//1338 1192//1258 1250//1314
f 1192//1258 1281//1338 1251//1315
f 1253//1317 1282//1339 1229//1288
f 1193//1185 1252//1316 1195//1188
f 1252//1316 1283//1340 1195//1188
f 1230//1289 1254//1261 1284//1341
f 1253//1317 1230//1289 1284//1341
f 1284//1341 1254//1261 1255//1319
f 1136//1193 1196//1260 1286//1342
f 1255//1319 1198//1262 1287//1343
f 1198//1262 1231//1290 1287//1343
f 1288//1344 1137//1194 1170//1231
f 1257//1292 1137//1194 1288//1344
f 1172//1234 1232//1291 1289//1345
f 1172//1234 1289//1345 1231//1290
f 1141//1197 1259//1321 1199//1263
f 1260//1296 1291//1346 1234//1265
f 1291//1346 1259//1321 1234//1265
f 1260//1296 1236//1266 1292//1347
f 1140//1198 1258//1295 1233//1294
f 1233//1294 1258//1295 1293//1348
f 1143//1200 1233//1294 1294//1349
f 1143//1200 1294//1349 1236//1266
f 1293//1348 1258//1295 1237//1297
f 1261//1322 1342//1350 1235//1237
f 1235//1237 1342//1350 1262//1323
f 1237//1297 1238//1298 1295//1351
f 1263//1324 1176//1238 1262//1323
f 1202//1267 1296//1352 1238//1298
f 1297//1353 1296//1352 1202//1267
f 1241//1301 1240//1300 1112//1163
f 1298//1354 1204//1268 1203//1202
f 1204//1268 1298//1354 1299//1325
f 1299//1325 1297//1353 1202//1267
f 1241//1301 1205//1246 1300//1327
f 1206//1270 1182//1242 1265//1326
f 1267//1271 1323//1355 1270//1304
f 1120//1174 1271//1305 1269//1330
f 1324//1356 1209//1272 1270//1304
f 1271//1305 1244//1273 1350//1357
f 1350//1357 1244//1273 1301//1358
f 1244//1273 1210//1216 1301//1358
f 1301//1358 1210//1216 1273//1331
f 1246//1307 1211//1274 1272//1306
f 1246//1307 1185//1249 1211//1274
f 1302//1359 1186//1250 1212//1275
f 1245//1277 1187//1251 1325//1360
f 1303//1332 1325//1360 1187//1251
f 1302//1359 1215//1278 1186//1250
f 1218//1253 1275//1310 1274//1333
f 1328//1361 1275//1310 1219//1254
f 1248//1279 1393//1362 1276//1311
f 1330//1363 1249//1312 1222//1222
f 1279//1336 1160//1256 1280//1337
f 1223//1282 1331//1364 1250//1314
f 1225//1284 1308//1365 1306//1313
f 1307//1366 1281//1338 1250//1314
f 1225//1284 1226//1285 1333//1367
f 1284//1341 1282//1339 1253//1317
f 1309//1368 1282//1339 1284//1341
f 1284//1341 1310//1369 1309//1368
f 1283//1340 1285//1318 1195//1188
f 1284//1341 1255//1319 1310//1369
f 1256//1320 1136//1193 1286//1342
f 1170//1231 1256//1320 1337//1370
f 1170//1231 1337//1370 1288//1344
f 1366//1371 1312//1372 1232//1291
f 1232//1291 1199//1263 1311//1373
f 1199//1263 1259//1321 1311//1373
s 0
f 1315//332 1314//332 1313//332
s 1
f 1315//1374 1290//1375 1260//1296
s 0
f 1315//332 1313//1376 1290//1377
s 1
f 1313//1378 1291//1346 1290//1375
f 1260//1296 1290//1375 1291//1346
s 0
f 1292//1379 1314//332 1315//1376
s 1
f 1292//1347 1236//1266 1314//1380
f 1236//1266 1294//1349 1314//1380
f 1260//1296 1292//1347 1315//1374
f 1293//1348 1237//1297 1295//1351
f 1264//1299 1240//1300 1316//1381
f 1317//1382 1203//1202 1264//1299
f 1240//1300 1241//1301 1318//1383
f 1203//1202 1317//1382 1298//1354
f 1239//1269 1344//1384 1242//1302
f 1348//1385 1319//1386 1299//1325
f 1297//1353 1299//1325 1319//1386
f 1320//1387 1182//1242 1242//1302
f 1265//1326 1182//1242 1320//1387
f 1321//1388 1267//1271 1243//1303
f 1321//1388 1322//1389 1267//1271
f 1322//1389 1323//1355 1267//1271
f 1324//1356 1270//1304 1323//1355
f 1184//1248 1209//1272 1324//1356
f 1272//1306 1184//1248 1324//1356
f 1325//1360 1273//1331 1245//1277
f 1214//1218 1326//1390 1213//1276
f 1214//1218 1246//1307 1326//1390
f 1212//1275 1213//1276 1327//1391
f 1212//1275 1327//1391 1302//1359
f 1303//1332 1216//1308 1356//1392
f 1216//1308 1274//1333 1356//1392
f 1220//1280 1329//1393 1219//1254
f 1219//1254 1329//1393 1328//1361
f 1393//1362 1305//1394 1276//1311
f 1220//1280 1304//1334 1329//1393
f 1222//1222 1278//1335 1330//1363
f 1249//1312 1359//1395 1223//1282
f 1224//1283 1306//1313 1332//1396
f 1333//1367 1308//1365 1225//1284
f 1334//1397 1226//1285 1228//1287
f 1228//1287 1229//1288 1334//1397
f 1252//1316 1227//1286 1251//1315
f 1229//1288 1282//1339 1309//1368
f 1255//1319 1335//1398 1310//1369
f 1196//1260 1285//1318 1286//1342
f 1287//1343 1335//1398 1255//1319
f 1232//1291 1311//1373 1366//1371
f 1259//1321 1405//1399 1311//1373
f 1232//1291 1312//1372 1289//1345
f 1367//1400 1257//1292 1337//1370
f 1337//1370 1257//1292 1288//1344
f 1231//1290 1289//1345 1369//1401
f 1257//1292 1367//1400 1201//1293
f 1367//1400 1370//1402 1201//1293
f 1313//1378 1338//1403 1339//1404
s 0
f 1314//1405 1338//1406 1313//332
s 1
f 1313//1378 1339//1404 1291//1346
f 1294//1349 1339//1404 1338//1403
f 1294//1349 1338//1403 1314//1380
f 1340//1407 1261//1322 1201//1293
f 1293//1348 1341//1408 1233//1294
f 1371//1409 1233//1294 1341//1408
f 1293//1348 1295//1351 1341//1408
f 1263//1324 1343//1410 1179//1239
f 1238//1298 1296//1352 1295//1351
f 1179//1239 1343//1410 1239//1269
f 1344//1384 1239//1269 1343//1410
f 1316//1381 1240//1300 1318//1383
f 1317//1382 1264//1299 1316//1381
f 1296//1352 1297//1353 1345//1411
f 1413//1412 1299//1325 1298//1354
f 1297//1353 1319//1386 1346//1413
f 1373//1414 1241//1301 1347//1415
f 1299//1325 1413//1412 1348//1385
f 1241//1301 1300//1327 1347//1415
f 1242//1302 1375//1416 1320//1387
f 1243//1303 1266//1328 1321//1388
f 1349//1417 1266//1328 1207//1247
f 1207//1247 1268//1329 1349//1417
f 1269//1330 1271//1305 1350//1357
f 1324//1356 1383//1418 1272//1306
f 1383//1418 1351//1419 1272//1306
f 1351//1419 1246//1307 1272//1306
f 1352//1420 1301//1358 1273//1331
f 1351//1419 1326//1390 1246//1307
f 1325//1360 1352//1420 1273//1331
f 1213//1276 1326//1390 1353//1421
f 1213//1276 1353//1421 1327//1391
f 1325//1360 1303//1332 1356//1392
f 1357//1422 1386//1423 1354//1424
f 1355//1425 1357//1422 1354//1424
f 1215//1278 1390//1426 1247//1309
f 1433//1427 1356//1392 1274//1333
f 1433//1427 1274//1333 1358//1428
f 1247//1309 1390//1426 1391//1429
f 1391//1429 1248//1279 1247//1309
f 1358//1428 1274//1333 1275//1310
f 1393//1362 1248//1279 1391//1429
f 1276//1311 1305//1394 1278//1335
f 1359//1395 1331//1364 1223//1282
f 1331//1364 1307//1366 1250//1314
f 1224//1283 1332//1396 1280//1337
f 1307//1366 1474//1430 1281//1338
f 1226//1285 1334//1397 1333//1367
f 1360//1431 1251//1315 1281//1338
f 1251//1315 1360//1431 1399//1432
f 1334//1397 1229//1288 1361//1433
f 1251//1315 1399//1432 1252//1316
f 1361//1433 1229//1288 1309//1368
f 1400//1434 1362//1435 1397//1436
f 1362//1435 1400//1434 1401//1437
f 1309//1368 1363//1438 1361//1433
f 1309//1368 1310//1369 1363//1438
f 1362//1435 1401//1437 1364//1439
f 1363//1438 1310//1369 1335//1398
f 1285//1318 1283//1340 1336//1440
f 1286//1342 1285//1318 1336//1440
f 1335//1398 1287//1343 1365//1441
f 1404//1442 1337//1370 1286//1342
f 1286//1342 1337//1370 1256//1320
f 1405//1399 1366//1371 1311//1373
f 1312//1372 1368//1443 1289//1345
f 1369//1401 1287//1343 1231//1290
f 1454//1444 1405//1399 1291//1346
f 1405//1399 1259//1321 1291//1346
f 1289//1345 1368//1443 1369//1401
f 1340//1407 1201//1293 1370//1402
f 1233//1294 1371//1409 1294//1349
f 1294//1349 1371//1409 1339//1404
f 1340//1407 1342//1350 1261//1322
f 1262//1323 1409//1445 1263//1324
f 1262//1323 1342//1350 1409//1445
f 1410//1446 1295//1351 1296//1352
f 1372//1447 1316//1381 1411//1448
f 1316//1381 1372//1447 1317//1382
f 1318//1383 1241//1301 1373//1414
f 1317//1382 1374//1449 1298//1354
f 1344//1384 1375//1416 1242//1302
f 1298//1354 1374//1449 1413//1412
f 1297//1353 1346//1413 1345//1411
f 1300//1327 1377//1450 1347//1415
f 1376//1451 1319//1386 1348//1385
f 1265//1326 1377//1450 1300//1327
f 1265//1326 1320//1387 1377//1450
f 1417//1452 1378//1453 1415//1454
f 1415//1454 1378//1453 1418//1455
f 1419//1456 1379//1457 1417//1452
f 1378//1453 1417//1452 1379//1457
f 1418//1455 1378//1453 1380//1458
f 1380//1458 1378//1453 1379//1457
f 1266//1328 1381//1459 1321//1388
f 1323//1355 1322//1389 1382//1460
f 1268//1329 1269//1330 1423//1461
f 1423//1461 1269//1330 1350//1357
f 1350//1357 1301//1358 1384//1462
f 1429//1463 1355//1425 1354//1424
f 1325//1360 1385//1464 1352//1420
f 1325//1360 1356//1392 1385//1464
f 1355//1425 1387//1465 1357//1422
f 1388//1466 1215//1278 1302//1359
f 1388//1466 1390//1426 1215//1278
f 1386//1423 1357//1422 1389//1467
f 1389//1467 1357//1422 1387//1465
f 1358//1428 1275//1310 1434//1468
f 1434//1468 1275//1310 1392//1469
f 1328//1361 1392//1469 1275//1310
f 1305//1394 1330//1363 1278//1335
f 1279//1336 1394//1470 1304//1334
f 1330//1363 1395//1471 1249//1312
f 1359//1395 1249//1312 1395//1471
f 1280//1337 1394//1470 1279//1336
f 1307//1366 1331//1364 1440//1472
f 1333//1367 1396//1473 1308//1365
f 1360//1431 1281//1338 1397//1436
f 1398//1474 1360//1431 1397//1436
f 1399//1432 1360//1431 1398//1474
f 1398//1474 1397//1436 1362//1435
f 1449//1475 1252//1316 1399//1432
f 1449//1475 1283//1340 1252//1316
f 1398//1474 1362//1435 1364//1439
f 1364//1439 1401//1437 1402//1476
f 1335//1398 1365//1441 1403//1477
f 1406//1478 1365//1441 1287//1343
f 1337//1370 1404//1442 1367//1400
f 1367//1400 1404//1442 1407//1479
f 1340//1407 1409//1445 1342//1350
f 1410//1446 1341//1408 1295//1351
f 1343//1410 1263//1324 1409//1445
f 1318//1383 1411//1448 1316//1381
f 1411//1448 1318//1383 1373//1414
f 1317//1382 1372//1447 1374//1449
f 1373//1414 1347//1415 1412//1480
f 1413//1412 1374//1449 1415//1454
f 1374//1449 1372//1447 1414//1481
f 1319//1386 1376//1451 1346//1413
f 1413//1412 1415//1454 1348//1385
f 1374//1449 1414//1481 1417//1452
f 1415//1454 1374//1449 1417//1452
f 1415//1454 1418//1455 1348//1385
f 1417//1452 1414//1481 1416//1482
f 1417//1452 1416//1482 1419//1456
f 1380//1458 1461//1483 1418//1455
f 1419//1456 1494//1484 1379//1457
f 1380//1458 1420//1485 1461//1483
f 1379//1457 1494//1484 1421//1486
f 1421//1486 1422//1487 1379//1457
f 1379//1457 1422//1487 1380//1458
f 1420//1485 1380//1458 1422//1487
f 1266//1328 1349//1417 1381//1459
f 1423//1461 1349//1417 1268//1329
f 1323//1355 1382//1460 1424//1488
f 1423//1461 1350//1357 1425//1489
f 1323//1355 1424//1488 1324//1356
f 1424//1488 1426//1490 1324//1356
f 1425//1489 1350//1357 1384//1462
f 1324//1356 1426//1490 1383//1418
f 1383//1418 1427//1491 1351//1419
f 1427//1491 1428//1492 1351//1419
f 1301//1358 1352//1420 1463//1493
f 1326//1390 1351//1419 1428//1492
f 1429//1463 1354//1424 1464//1494
f 1429//1463 1430//1495 1355//1425
f 1464//1494 1354//1424 1431//1496
f 1430//1495 1432//1497 1355//1425
f 1354//1424 1386//1423 1431//1496
f 1355//1425 1432//1497 1387//1465
f 1433//1427 1385//1464 1356//1392
f 1389//1467 1504//1498 1386//1423
f 1358//1428 1434//1468 1433//1427
f 1435//1499 1391//1429 1390//1426
f 1393//1362 1436//1500 1305//1394
f 1394//1470 1472//1501 1329//1393
f 1394//1470 1329//1393 1304//1334
f 1305//1394 1438//1502 1330//1363
f 1439//1503 1438//1502 1305//1394
f 1437//1504 1439//1503 1305//1394
f 1438//1502 1395//1471 1330//1363
f 1359//1395 1440//1472 1331//1364
f 1441//1505 1440//1472 1359//1395
f 1306//1313 1442//1506 1332//1396
f 1440//1472 1443//1507 1307//1366
f 1306//1313 1444//1508 1442//1506
f 1308//1365 1444//1508 1306//1313
f 1308//1365 1396//1473 1444//1508
f 1474//1430 1307//1366 1443//1507
f 1333//1367 1475//1509 1396//1473
f 1475//1509 1333//1367 1334//1397
f 1281//1338 1474//1430 1397//1436
f 1361//1433 1445//1510 1334//1397
f 1513//1511 1400//1434 1397//1436
f 1446//1512 1445//1510 1361//1433
f 1400//1434 1447//1513 1401//1437
f 1399//1432 1398//1474 1449//1475
f 1449//1475 1398//1474 1448//1514
f 1402//1476 1401//1437 1447//1513
f 1364//1439 1448//1514 1398//1474
f 1283//1340 1449//1475 1450//1515
f 1364//1439 1402//1476 1451//1516
f 1283//1340 1450//1515 1336//1440
f 1452//1517 1286//1342 1336//1440
f 1286//1342 1452//1517 1404//1442
f 1453//1518 1366//1371 1405//1399
f 1366//1371 1453//1518 1312//1372
f 1369//1401 1406//1478 1287//1343
f 1339//1404 1454//1444 1291//1346
f 1407//1479 1370//1402 1367//1400
f 1408//1519 1455//1520 1371//1409
f 1340//1407 1456//1521 1409//1445
f 1371//1409 1341//1408 1457//1522
f 1408//1519 1371//1409 1457//1522
f 1410//1446 1457//1522 1341//1408
f 1410//1446 1296//1352 1458//1523
f 1296//1352 1345//1411 1458//1523
f 1345//1411 1346//1413 1458//1523
f 1412//1480 1411//1448 1373//1414
f 1412//1480 1347//1415 1566//1524
f 1372//1447 1490//1525 1414//1481
f 1372//1447 1411//1448 1490//1525
f 1346//1413 1376//1451 1488//1526
f 1459//1527 1566//1524 1347//1415
f 1460//1528 1320//1387 1375//1416
f 1459//1527 1377//1450 1460//1528
f 1459//1527 1347//1415 1377//1450
f 1416//1482 1414//1481 1490//1525
f 1377//1450 1320//1387 1460//1528
f 1461//1483 1348//1385 1418//1455
f 1419//1456 1416//1482 1492//1529
f 1419//1456 1492//1529 1494//1484
f 1322//1389 1321//1388 1462//1530
f 1322//1389 1462//1530 1382//1460
f 1463//1493 1384//1462 1301//1358
f 1428//1492 1427//1491 1464//1494
f 1427//1491 1429//1463 1464//1494
f 1428//1492 1353//1421 1326//1390
f 1464//1494 1431//1496 1428//1492
f 1466//1531 1465//1532 1385//1464
f 1385//1464 1433//1427 1466//1531
f 1468//1533 1302//1359 1327//1391
f 1432//1497 1467//1534 1387//1465
f 1388//1466 1302//1359 1468//1533
f 1504//1498 1431//1496 1386//1423
f 1388//1466 1435//1499 1390//1426
f 1504//1498 1470//1535 1469//1536
f 1389//1467 1470//1535 1504//1498
f 1506//1537 1389//1467 1387//1465
f 1433//1427 1434//1468 1505//1538
f 1434//1468 1392//1469 1471//1539
f 1328//1361 1471//1539 1392//1469
f 1507//1540 1471//1539 1328//1361
f 1393//1362 1391//1429 1436//1500
f 1329//1393 1472//1501 1328//1361
f 1472//1501 1507//1540 1328//1361
f 1437//1504 1305//1394 1436//1500
f 1359//1395 1395//1471 1473//1541
f 1441//1505 1359//1395 1473//1541
f 1396//1473 1512//1542 1444//1508
f 1474//1430 1513//1511 1397//1436
f 1475//1509 1334//1397 1445//1510
f 1400//1434 1513//1511 1551//1543
f 1400//1434 1551//1543 1447//1513
f 1361//1433 1476//1544 1446//1512
f 1363//1438 1476//1544 1361//1433
f 1516//1545 1402//1476 1447//1513
f 1477//1546 1449//1475 1448//1514
f 1449//1475 1477//1546 1450//1515
f 1335//1398 1478//1547 1363//1438
f 1448//1514 1364//1439 1451//1516
f 1335//1398 1403//1477 1478//1547
f 1403//1477 1365//1441 1479//1548
f 1480//1549 1404//1442 1452//1517
f 1405//1399 1481//1550 1453//1518
f 1481//1550 1405//1399 1454//1444
f 1482//1551 1312//1372 1453//1518
f 1407//1479 1404//1442 1480//1549
f 1482//1551 1368//1443 1312//1372
f 1368//1443 1482//1551 1483//1552
f 1369//1401 1368//1443 1483//1552
f 1369//1401 1483//1552 1484//1553
f 1484//1553 1406//1478 1369//1401
f 1339//1404 1486//1554 1454//1444
f 1339//1404 1371//1409 1520//1555
f 1370//1402 1456//1521 1340//1407
f 1344//1384 1343//1410 1487//1556
f 1344//1384 1487//1556 1375//1416
f 1487//1556 1489//1557 1375//1416
f 1411//1448 1412//1480 1490//1525
f 1488//1526 1376//1451 1491//1558
f 1416//1482 1490//1525 1492//1529
f 1376//1451 1348//1385 1461//1483
f 1493//1559 1376//1451 1461//1483
f 1461//1483 1420//1485 1525//1560
f 1420//1485 1422//1487 1495//1561
f 1495//1561 1422//1487 1421//1486
f 1381//1459 1496//1562 1321//1388
f 1496//1562 1381//1459 1349//1417
f 1425//1489 1384//1462 1497//1563
f 1426//1490 1427//1491 1383//1418
f 1497//1563 1384//1462 1463//1493
f 1429//1463 1531//1564 1430//1495
f 1352//1420 1498//1565 1463//1493
f 1430//1495 1569//1566 1432//1497
f 1352//1420 1533//1567 1498//1565
f 1385//1464 1465//1532 1532//1568
f 1428//1492 1500//1569 1353//1421
f 1501//1570 1500//1569 1428//1492
f 1501//1570 1428//1492 1431//1496
f 1468//1533 1327//1391 1502//1571
f 1327//1391 1353//1421 1502//1571
f 1500//1569 1502//1571 1353//1421
f 1467//1534 1432//1497 1499//1572
f 1433//1427 1505//1538 1466//1531
f 1505//1538 1503//1573 1466//1531
f 1506//1537 1387//1465 1467//1534
f 1470//1535 1389//1467 1506//1537
f 1472//1501 1508//1574 1507//1540
f 1437//1504 1436//1500 1541//1575
f 1509//1576 1472//1501 1394//1470
f 1543//1577 1510//1578 1542//1579
f 1511//1580 1394//1470 1280//1337
f 1280//1337 1332//1396 1511//1580
f 1443//1507 1440//1472 1441//1505
f 1396//1473 1475//1509 1512//1542
f 1589//1581 1512//1542 1475//1509
f 1474//1430 1550//1582 1513//1511
f 1475//1509 1514//1583 1589//1581
f 1445//1510 1514//1583 1475//1509
f 1445//1510 1446//1512 1514//1583
f 1446//1512 1515//1584 1514//1583
f 1363//1438 1478//1547 1476//1544
f 1451//1516 1477//1546 1448//1514
f 1402//1476 1516//1545 1451//1516
f 1450//1515 1477//1546 1555//1585
f 1336//1440 1450//1515 1555//1585
f 1517//1586 1336//1440 1555//1585
f 1336//1440 1517//1586 1452//1517
f 1479//1548 1518//1587 1403//1477
f 1453//1518 1481//1550 1519//1588
f 1365//1441 1406//1478 1479//1548
f 1480//1549 1560//1589 1407//1479
f 1485//1590 1407//1479 1560//1589
f 1486//1554 1339//1404 1520//1555
f 1485//1590 1370//1402 1407//1479
f 1455//1520 1520//1555 1371//1409
f 1564//1591 1456//1521 1370//1402
f 1408//1519 1521//1592 1455//1520
f 1457//1522 1410//1446 1458//1523
f 1409//1445 1522//1593 1343//1410
f 1522//1593 1487//1556 1343//1410
f 1346//1413 1488//1526 1458//1523
f 1489//1557 1565//1594 1375//1416
f 1375//1416 1565//1594 1460//1528
f 1376//1451 1493//1559 1491//1558
f 1493//1559 1461//1483 1523//1595
f 1494//1484 1492//1529 1524//1596
f 1525//1560 1420//1485 1526//1597
f 1420//1485 1495//1561 1526//1597
f 1321//1388 1527//1598 1462//1530
f 1496//1562 1527//1598 1321//1388
f 1496//1562 1349//1417 1423//1461
f 1462//1530 1424//1488 1382//1460
f 1425//1489 1528//1599 1423//1461
f 1425//1489 1497//1563 1528//1599
f 1529//1600 1427//1491 1426//1490
f 1463//1493 1569//1566 1497//1563
f 1529//1600 1530//1601 1427//1491
f 1530//1601 1429//1463 1427//1491
f 1530//1601 1531//1564 1429//1463
f 1385//1464 1533//1567 1352//1420
f 1533//1567 1385//1464 1532//1568
f 1432//1497 1570//1602 1499//1572
f 1465//1532 1466//1531 1534//1603
f 1466//1531 1503//1573 1534//1603
f 1431//1496 1504//1498 1501//1570
f 1468//1533 1535//1604 1388//1466
f 1615//1605 1501//1570 1504//1498
f 1504//1498 1469//1536 1615//1605
f 1615//1605 1469//1536 1538//1606
f 1536//1607 1506//1537 1467//1534
f 1388//1466 1535//1604 1435//1499
f 1537//1608 1505//1538 1434//1468
f 1434//1468 1471//1539 1537//1608
f 1470//1535 1538//1606 1469//1536
f 1506//1537 1540//1609 1470//1535
f 1391//1429 1435//1499 1539//1610
f 1391//1429 1539//1610 1436//1500
f 1472//1501 1509//1576 1508//1574
f 1577//1611 1543//1577 1542//1579
f 1439//1503 1437//1504 1545//1612
f 1511//1580 1544//1613 1394//1470
f 1439//1503 1546//1614 1438//1502
f 1545//1612 1546//1614 1439//1503
f 1542//1579 1547//1615 1621//1616
f 1547//1615 1542//1579 1510//1578
f 1395//1471 1438//1502 1473//1541
f 1546//1614 1473//1541 1438//1502
f 1511//1580 1332//1396 1548//1617
f 1332//1396 1442//1506 1548//1617
f 1549//1618 1443//1507 1441//1505
f 1442//1506 1444//1508 1548//1617
f 1512//1542 1589//1581 1587//1619
f 1628//1620 1447//1513 1551//1543
f 1515//1584 1446//1512 1590//1621
f 1590//1621 1446//1512 1476//1544
f 1447//1513 1553//1622 1516//1545
f 1451//1516 1516//1545 1556//1623
f 1477//1546 1451//1516 1557//1624
f 1403//1477 1518//1587 1595//1625
f 1478//1547 1403//1477 1595//1625
f 1555//1585 1557//1624 1517//1586
f 1517//1586 1557//1624 1559//1626
f 1452//1517 1517//1586 1558//1627
f 1452//1517 1558//1627 1480//1549
f 1558//1627 1517//1586 1559//1626
f 1560//1589 1558//1627 1559//1626
f 1561//1628 1560//1589 1559//1626
f 1480//1549 1558//1627 1560//1589
f 1454//1444 1562//1629 1481//1550
f 1563//1630 1370//1402 1485//1590
f 1564//1591 1370//1402 1563//1630
f 1409//1445 1456//1521 1564//1591
f 1409//1445 1564//1591 1775//1631
f 1457//1522 1521//1592 1408//1519
f 1409//1445 1775//1631 1522//1593
f 1565//1594 1459//1527 1460//1528
f 1606//1632 1566//1524 1459//1527
f 1412//1480 1566//1524 1608//1633
f 1412//1480 1608//1633 1490//1525
f 1493//1559 1523//1595 1491//1558
f 1523//1595 1461//1483 1525//1560
f 1421//1486 1494//1484 1567//1634
f 1421//1486 1567//1634 1495//1561
f 1496//1562 1423//1461 1610//1635
f 1462//1530 1568//1636 1424//1488
f 1528//1599 1610//1635 1423//1461
f 1424//1488 1568//1636 1426//1490
f 1568//1636 1529//1600 1426//1490
f 1531//1564 1569//1566 1430//1495
f 1569//1566 1463//1493 1570//1602
f 1463//1493 1498//1565 1571//1637
f 1570//1602 1463//1493 1571//1637
f 1498//1565 1533//1567 1571//1637
f 1533//1567 1532//1568 1572//1638
f 1532//1568 1465//1532 1572//1638
f 1432//1497 1569//1566 1570//1602
f 1573//1639 1468//1533 1502//1571
f 1468//1533 1573//1639 1535//1604
f 1505//1538 1574//1640 1503//1573
f 1574//1640 1505//1538 1537//1608
f 1470//1535 1575//1641 1538//1606
f 1540//1609 1575//1641 1470//1535
f 1436//1500 1539//1610 1541//1575
f 1577//1611 1542//1579 1617//1642
f 1541//1575 1578//1643 1437//1504
f 1394//1470 1544//1613 1509//1576
f 1542//1579 1621//1616 1619//1644
f 1578//1643 1579//1645 1437//1504
f 1437//1504 1579//1645 1545//1612
f 1510//1578 1543//1577 1620//1646
f 1580//1647 1545//1612 1579//1645
f 1621//1616 1547//1615 1581//1648
f 1473//1541 1546//1614 1583//1649
f 1584//1650 1547//1615 1510//1578
f 1510//1578 1620//1646 1625//1651
f 1582//1652 1511//1580 1548//1617
f 1473//1541 1583//1649 1441//1505
f 1548//1617 1444//1508 1585//1653
f 1444//1508 1512//1542 1585//1653
f 1474//1430 1443//1507 1586//1654
f 1587//1619 1585//1653 1512//1542
f 1550//1582 1474//1430 1586//1654
f 1550//1582 1588//1655 1513//1511
f 1588//1655 1551//1543 1513//1511
f 1589//1581 1514//1583 1552//1656
f 1515//1584 1552//1656 1514//1583
f 1552//1656 1515//1584 1590//1621
s 0
f 1591//332 1592//1657 1553//1658
s 1
f 1591//1659 1553//1622 1628//1620
f 1628//1620 1553//1622 1447//1513
s 0
f 1591//332 1593//332 1592//332
s 1
f 1553//1622 1592//1660 1516//1545
f 1592//1660 1554//1661 1516//1545
s 0
f 1592//332 1593//1657 1554//1662
s 1
f 1593//1663 1594//1664 1554//1661
f 1476//1544 1478//1547 1595//1625
f 1516//1545 1554//1661 1594//1664
f 1477//1546 1557//1624 1555//1585
f 1559//1626 1557//1624 1596//1665
f 1481//1550 1597//1666 1519//1588
f 1481//1550 1562//1629 1597//1666
f 1453//1518 1519//1588 1482//1551
f 1479//1548 1406//1478 1598//1667
f 1599//1668 1559//1626 1596//1665
f 1599//1668 1561//1628 1559//1626
f 1560//1589 1561//1628 1485//1590
f 1562//1629 1454//1444 1486//1554
f 1482//1551 1600//1669 1483//1552
f 1598//1667 1406//1478 1484//1553
f 1485//1590 1561//1628 1601//1670
f 1602//1671 1520//1555 1455//1520
f 1457//1522 1603//1672 1521//1592
f 1457//1522 1458//1523 1604//1673
f 1603//1672 1457//1522 1604//1673
f 1487//1556 1522//1593 1635//1674
f 1488//1526 1605//1675 1458//1523
f 1606//1632 1459//1527 1565//1594
f 1608//1633 1566//1524 1606//1632
f 1488//1526 1491//1558 1607//1676
f 1526//1597 1609//1677 1525//1560
f 1494//1484 1524//1596 1641//1678
f 1641//1678 1567//1634 1494//1484
f 1610//1635 1527//1598 1496//1562
f 1568//1636 1462//1530 1527//1598
f 1497//1563 1643//1679 1528//1599
f 1676//1680 1497//1563 1569//1566
f 1676//1680 1569//1566 1531//1564
f 1533//1567 1572//1638 1611//1681
f 1612//1682 1572//1638 1465//1532
f 1533//1567 1611//1681 1571//1637
f 1465//1532 1534//1603 1612//1682
f 1570//1602 1613//1683 1499//1572
f 1499//1572 1613//1683 1614//1684
f 1534//1603 1503//1573 1574//1640
f 1467//1534 1499//1572 1614//1684
f 1536//1607 1467//1534 1614//1684
f 1616//1685 1535//1604 1573//1639
f 1435//1499 1535//1604 1616//1685
f 1506//1537 1536//1607 1540//1609
f 1471//1539 1576//1686 1537//1608
f 1471//1539 1507//1540 1576//1686
f 1680//1687 1577//1611 1617//1642
f 1618//1688 1576//1686 1507//1540
f 1618//1688 1507//1540 1508//1574
f 1617//1642 1542//1579 1619//1644
f 1543//1577 1577//1611 1618//1688
f 1619//1644 1621//1616 1652//1689
f 1618//1688 1620//1646 1543//1577
f 1622//1690 1544//1613 1511//1580
f 1621//1616 1581//1648 1623//1691
f 1582//1652 1622//1690 1511//1580
f 1581//1648 1547//1615 1584//1650
f 1545//1612 1624//1692 1546//1614
f 1510//1578 1625//1651 1584//1650
f 1549//1618 1441//1505 1583//1649
f 1549//1618 1626//1693 1443//1507
f 1626//1693 1586//1654 1443//1507
f 1588//1655 1550//1582 1656//1694
f 1656//1694 1550//1582 1586//1654
f 1628//1620 1551//1543 1659//1695
f 1627//1696 1589//1581 1552//1656
f 1591//1659 1628//1620 1629//1697
s 0
f 1629//1698 1593//332 1591//1657
s 1
f 1594//1664 1593//1663 1629//1697
f 1476//1544 1595//1625 1590//1621
f 1516//1545 1594//1664 1630//1699
f 1516//1545 1630//1699 1556//1623
f 1631//1700 1451//1516 1556//1623
f 1631//1700 1557//1624 1451//1516
f 1557//1624 1631//1700 1596//1665
f 1519//1588 1597//1666 1632//1701
f 1663//1702 1597//1666 1562//1629
f 1482//1551 1519//1588 1632//1701
f 1485//1590 1601//1670 1633//1703
f 1485//1590 1633//1703 1563//1630
f 1455//1520 1603//1672 1602//1671
f 1521//1592 1603//1672 1455//1520
f 1522//1593 1775//1631 1634//1704
f 1635//1674 1522//1593 1634//1704
f 1605//1675 1604//1673 1458//1523
f 1673//1705 1489//1557 1487//1556
f 1636//1706 1489//1557 1673//1705
f 1605//1675 1488//1526 1637//1707
f 1489//1557 1636//1706 1565//1594
f 1637//1707 1488//1526 1607//1676
f 1490//1525 1608//1633 1638//1708
f 1638//1708 1492//1529 1490//1525
f 1491//1558 1523//1595 1639//1709
f 1640//1710 1492//1529 1638//1708
f 1524//1596 1492//1529 1640//1710
f 1567//1634 1787//1711 1495//1561
f 1526//1597 1495//1561 1787//1711
f 1567//1634 1641//1678 1642//1712
f 1643//1679 1568//1636 1527//1598
f 1610//1635 1643//1679 1527//1598
f 1610//1635 1528//1599 1643//1679
f 1644//1713 1529//1600 1568//1636
f 1643//1679 1676//1680 1644//1713
f 1643//1679 1497//1563 1676//1680
f 1644//1713 1530//1601 1529//1600
f 1676//1680 1531//1564 1530//1601
f 1534//1603 1574//1640 1646//1714
f 1501//1570 1615//1605 1500//1569
f 1614//1684 1647//1715 1536//1607
f 1435//1499 1616//1685 1539//1610
f 1539//1610 1616//1685 1648//1716
f 1577//1611 1680//1687 1618//1688
f 1576//1686 1618//1688 1680//1687
f 1617//1642 1619//1644 1650//1717
f 1508//1574 1651//1718 1618//1688
f 1541//1575 1539//1610 1578//1643
f 1650//1717 1652//1689 1649//1719
f 1509//1576 1651//1718 1508//1574
f 1509//1576 1653//1720 1683//1721
f 1649//1719 1654//1722 1681//1723
f 1652//1689 1654//1722 1649//1719
f 1619//1644 1652//1689 1650//1717
f 1509//1576 1544//1613 1653//1720
f 1652//1689 1621//1616 1654//1722
f 1623//1691 1654//1722 1621//1616
f 1580//1647 1624//1692 1545//1612
f 1546//1614 1624//1692 1583//1649
f 1588//1655 1656//1694 1657//1724
f 1588//1655 1657//1724 1551//1543
f 1657//1724 1658//1725 1551//1543
f 1589//1581 1689//1726 1587//1619
f 1659//1695 1551//1543 1658//1725
f 1660//1727 1627//1696 1552//1656
f 1629//1697 1661//1728 1594//1664
f 1629//1697 1628//1620 1661//1728
f 1630//1699 1631//1700 1556//1623
f 1479//1548 1662//1729 1518//1587
f 1482//1551 1632//1701 1600//1669
f 1483//1552 1600//1669 1484//1553
f 1561//1628 1599//1668 1664//1730
f 1665//1731 1561//1628 1664//1730
f 1561//1628 1665//1731 1601//1670
f 1666//1732 1601//1670 1665//1731
f 1666//1732 1633//1703 1601//1670
f 1520//1555 1602//1671 1773//1733
f 1694//1734 1667//1735 1669//1736
f 1668//1737 1669//1736 1667//1735
f 1668//1737 1670//1738 1669//1736
f 1670//1738 1671//1739 1669//1736
f 1672//1740 1603//1672 1604//1673
f 1634//1704 1696//1741 1635//1674
f 1673//1705 1487//1556 1635//1674
f 1606//1632 1565//1594 1636//1706
f 1700//1742 1606//1632 1636//1706
f 1607//1676 1491//1558 1639//1709
f 1523//1595 1674//1743 1639//1709
f 1640//1710 1675//1744 1524//1596
f 1525//1560 1609//1677 1674//1743
f 1523//1595 1525//1560 1674//1743
f 1644//1713 1568//1636 1643//1679
f 1676//1680 1530//1601 1644//1713
f 1572//1638 1612//1682 1611//1681
f 1571//1637 1611//1681 1645//1745
f 1571//1637 1645//1745 1570//1602
f 1614//1684 1613//1683 1678//1746
f 1615//1605 1538//1606 1677//1747
f 1647//1715 1614//1684 1678//1746
f 1574//1640 1537//1608 1706//1748
f 1679//1749 1540//1609 1536//1607
f 1679//1749 1536//1607 1647//1715
f 1680//1687 1706//1748 1537//1608
f 1540//1609 1679//1749 1575//1641
f 1537//1608 1576//1686 1680//1687
f 1707//1750 1750//1751 1617//1642
f 1617//1642 1750//1751 1680//1687
f 1647//1715 1650//1717 1649//1719
f 1650//1717 1647//1715 1707//1750
f 1617//1642 1650//1717 1707//1750
f 1539//1610 1682//1752 1578//1643
f 1509//1576 1683//1721 1651//1718
f 1618//1688 1651//1718 1620//1646
f 1653//1720 1544//1613 1684//1753
f 1622//1690 1684//1753 1544//1613
f 1654//1722 1755//1754 1681//1723
f 1622//1690 1582//1652 1684//1753
f 1623//1691 1714//1755 1654//1722
f 1582//1652 1548//1617 1685//1756
f 1583//1649 1624//1692 1655//1757
f 1685//1756 1548//1617 1688//1758
f 1585//1653 1688//1758 1548//1617
f 1689//1726 1721//1759 1587//1619
f 1589//1581 1627//1696 1689//1726
f 1552//1656 1590//1621 1660//1727
f 1630//1699 1594//1664 1661//1728
f 1661//1728 1761//1760 1630//1699
f 1630//1699 1723//1761 1631//1700
f 1595//1625 1518//1587 1690//1762
f 1631//1700 1691//1763 1596//1665
f 1596//1665 1691//1763 1599//1668
f 1662//1729 1479//1548 1598//1667
f 1632//1701 1597//1666 1692//1764
f 1484//1553 1726//1765 1598//1667
f 1562//1629 1486//1554 1693//1766
f 1599//1668 1725//1767 1664//1730
f 1486//1554 1520//1555 1693//1766
f 1727//1768 1668//1737 1667//1735
f 1602//1671 1603//1672 1729//1769
f 1669//1736 1731//1770 1694//1734
f 1729//1769 1603//1672 1672//1740
f 1671//1739 1731//1770 1669//1736
f 1668//1737 1695//1771 1670//1738
f 1604//1673 1734//1772 1672//1740
f 1604//1673 1605//1675 1734//1772
f 1735//1773 1635//1674 1696//1741
f 1734//1772 1605//1675 1697//1774
f 1635//1674 1735//1773 1698//1775
f 1777//1776 1736//1777 1699//1778
f 1635//1674 1698//1775 1673//1705
f 1699//1778 1737//1779 1777//1776
f 1605//1675 1637//1707 1697//1774
f 1607//1676 1847//1780 1637//1707
f 1608//1633 1606//1632 1738//1781
f 1608//1633 1738//1781 1638//1708
f 1847//1780 1607//1676 1639//1709
f 1640//1710 1638//1708 1701//1782
f 1787//1711 1783//1783 1609//1677
f 1609//1677 1526//1597 1787//1711
f 1675//1744 1641//1678 1524//1596
f 1642//1712 1702//1784 1567//1634
f 1703//1785 1645//1745 1611//1681
f 1570//1602 1645//1745 1613//1683
f 1646//1714 1612//1682 1534//1603
f 1502//1571 1704//1786 1573//1639
f 1500//1569 1704//1786 1502//1571
f 1500//1569 1705//1787 1704//1786
f 1615//1605 1705//1787 1500//1569
f 1705//1787 1615//1605 1677//1747
f 1646//1714 1574//1640 1789//1788
f 1789//1788 1574//1640 1706//1748
f 1575//1641 1677//1747 1538//1606
f 1647//1715 1678//1746 1707//1750
f 1706//1748 1680//1687 1750//1751
f 1679//1749 1752//1789 1575//1641
f 1679//1749 1647//1715 1708//1790
f 1647//1715 1649//1719 1708//1790
f 1648//1716 1682//1752 1539//1610
f 1708//1790 1649//1719 1681//1723
f 1682//1752 1709//1791 1578//1643
f 1653//1720 1710//1792 1683//1721
f 1712//1793 1579//1645 1578//1643
f 1712//1793 1578//1643 1709//1791
f 1651//1718 1713//1794 1620//1646
f 1755//1754 1711//1795 1681//1723
f 1654//1722 1714//1755 1755//1754
f 1713//1794 1715//1796 1620//1646
f 1714//1755 1716//1797 1755//1754
f 1579//1645 1712//1793 1580//1647
f 1712//1793 1717//1798 1580//1647
f 1625//1651 1620//1646 1715//1796
f 1624//1692 1580//1647 1717//1798
f 1623//1691 1718//1799 1714//1755
f 1581//1648 1718//1799 1623//1691
f 1715//1796 1687//1800 1625//1651
f 1584//1650 1686//1801 1581//1648
f 1625//1651 1687//1800 1584//1650
f 1584//1650 1687//1800 1686//1801
f 1583//1649 1655//1757 1549//1618
f 1655//1757 1757//1802 1549//1618
f 1586//1654 1719//1803 1656//1694
f 1585//1653 1721//1759 1688//1758
f 1656//1694 1719//1803 1720//1804
f 1721//1759 1585//1653 1587//1619
f 1720//1804 1657//1724 1656//1694
f 1689//1726 1627//1696 1866//1805
f 1628//1620 1659//1695 1759//1806
f 1628//1620 1759//1806 1661//1728
f 1722//1807 1761//1760 1760//1808
f 1660//1727 1590//1621 1764//1809
f 1723//1761 1630//1699 1761//1760
f 1722//1807 1723//1761 1761//1760
f 1595//1625 1724//1810 1590//1621
f 1595//1625 1690//1762 1724//1810
f 1723//1761 1766//1811 1631//1700
f 1766//1811 1691//1763 1631//1700
f 1518//1587 1662//1729 1690//1762
f 1600//1669 1632//1701 1769//1812
f 1562//1629 1693//1766 1663//1702
f 1600//1669 1769//1812 1726//1765
f 1484//1553 1600//1669 1726//1765
f 1520//1555 1773//1733 1693//1766
f 1563//1630 1633//1703 1666//1732
f 1727//1768 1667//1735 1772//1813
f 1563//1630 1775//1631 1564//1591
f 1667//1735 1694//1734 1728//1814
f 1729//1769 1773//1733 1602//1671
f 1668//1737 1727//1768 1730//1815
f 1775//1631 1732//1816 1634//1704
f 1668//1737 1730//1815 1695//1771
f 1730//1815 1729//1769 1672//1740
f 1634//1704 1732//1816 1696//1741
f 1672//1740 1734//1772 1730//1815
f 1671//1739 1670//1738 1695//1771
f 1812//1817 1736//1777 1777//1776
f 1637//1707 1847//1780 1818//1818
f 1699//1778 1740//1819 1737//1779
f 1740//1819 1739//1820 1737//1779
f 1740//1819 1699//1778 1741//1821
f 1847//1780 1639//1709 1781//1822
f 1638//1708 1742//1823 1701//1782
f 1781//1822 1639//1709 1674//1743
s 0
f 1701//1824 1742//332 1743//1825
s 1
f 1640//1710 1701//1782 1743//1826
f 1744//1827 1640//1710 1743//1826
f 1740//1819 1609//1677 1783//1783
f 1821//1828 1609//1677 1740//1819
f 1674//1743 1609//1677 1821//1828
f 1674//1743 1821//1828 1781//1822
f 1640//1710 1744//1827 1675//1744
f 1567//1634 1702//1784 1787//1711
f 1642//1712 1641//1678 1745//1829
f 1703//1785 1611//1681 1746//1830
f 1612//1682 1746//1830 1611//1681
f 1645//1745 1747//1831 1613//1683
f 1573//1639 1704//1786 1748//1832
f 1613//1683 1747//1831 1678//1746
f 1573//1639 1748//1832 1616//1685
f 1824//1833 1706//1748 1750//1751
f 1749//1834 1751//1835 1616//1685
f 1677//1747 1575//1641 1752//1789
f 1616//1685 1751//1835 1648//1716
f 1707//1750 1678//1746 1750//1751
f 1752//1789 1679//1749 1708//1790
f 1648//1716 1751//1835 1682//1752
f 1708//1790 1711//1795 1790//1836
f 1681//1723 1711//1795 1708//1790
f 1651//1718 1683//1721 1753//1837
f 1713//1794 1651//1718 1753//1837
f 1710//1792 1653//1720 1684//1753
f 1582//1652 1754//1838 1684//1753
f 1582//1652 1685//1756 1754//1838
f 1581//1648 1686//1801 1718//1799
f 1756//1839 1624//1692 1717//1798
f 1624//1692 1756//1839 1655//1757
f 1626//1693 1549//1618 1757//1802
f 1721//1759 1862//1840 1688//1758
f 1657//1724 1720//1804 1658//1725
f 1759//1806 1659//1695 1758//1841
f 1758//1841 1659//1695 1658//1725
f 1627//1696 1763//1842 1866//1805
f 1763//1842 1627//1696 1660//1727
f 1722//1807 1760//1808 1762//1843
f 1590//1621 1724//1810 1764//1809
f 1765//1844 1722//1807 1762//1843
f 1722//1807 1765//1844 1723//1761
f 1765//1844 1766//1811 1723//1761
f 1598//1667 1767//1845 1662//1729
f 1725//1767 1599//1668 1691//1763
f 1597//1666 1663//1702 1768//1846
f 1692//1764 1597//1666 1768//1846
f 1598//1667 1726//1765 1767//1845
f 1632//1701 1692//1764 1770//1847
f 1769//1812 1632//1701 1770//1847
f 1665//1731 1771//1848 1666//1732
f 1774//1849 1563//1630 1666//1732
f 1667//1735 1728//1814 1772//1813
f 1775//1631 1563//1630 1774//1849
f 1727//1768 1806//1850 1730//1815
f 1694//1734 1731//1770 1728//1814
f 1775//1631 1808//1851 1732//1816
f 1730//1815 1809//1852 1729//1769
f 1732//1816 1776//1853 1696//1741
f 1733//1854 1810//1855 1671//1739
f 1730//1815 1734//1772 1695//1771
f 1811//1856 1812//1817 1777//1776
f 1695//1771 1733//1854 1671//1739
f 1735//1773 1696//1741 1776//1853
f 1816//1857 1777//1776 1737//1779
f 1697//1774 1637//1707 1818//1818
f 1673//1705 1698//1775 1780//1858
f 1636//1706 1673//1705 1780//1858
f 1606//1632 1700//1742 1738//1781
f 1700//1742 1778//1859 1738//1781
f 1736//1777 1779//1860 1699//1778
f 1699//1778 1779//1860 1741//1821
f 1820//1861 1739//1820 1783//1783
f 1740//1819 1783//1783 1739//1820
f 1819//1862 1740//1819 1741//1821
s 0
f 1784//732 1785//332 1742//1863
s 1
f 1784//1864 1742//1823 1782//1865
f 1782//1865 1742//1823 1638//1708
f 1784//1864 1786//1866 1785//1867
f 1819//1862 1821//1828 1740//1819
s 0
f 1742//332 1785//332 1743//332
f 1785//1863 1744//1868 1743//332
s 1
f 1785//1867 1786//1866 1744//1827
f 1744//1827 1786//1866 1675//1744
f 1745//1829 1641//1678 1675//1744
f 1745//1829 1702//1784 1642//1712
f 1703//1785 1747//1831 1645//1745
f 1612//1682 1646//1714 1746//1830
f 1746//1830 1646//1714 1789//1788
f 1704//1786 1788//1869 1748//1832
f 1704//1786 1705//1787 1788//1869
f 1616//1685 1748//1832 1749//1834
f 1823//1870 1678//1746 1747//1831
f 1789//1788 1706//1748 1824//1833
f 1750//1751 1678//1746 1823//1870
f 1824//1833 1750//1751 1823//1870
f 1708//1790 1790//1836 1752//1789
f 1683//1721 1710//1792 1753//1837
f 1711//1795 1755//1754 1829//1871
f 1791//1872 1754//1838 1685//1756
f 1755//1754 1792//1873 1829//1871
f 1716//1797 1792//1873 1755//1754
f 1714//1755 1792//1873 1716//1797
f 1718//1799 1793//1874 1714//1755
f 1791//1872 1685//1756 1858//1875
f 1685//1756 1688//1758 1858//1875
f 1655//1757 1794//1876 1833//1877
f 1655//1757 1756//1839 1794//1876
f 1795//1878 1719//1803 1586//1654
f 1586//1654 1626//1693 1795//1878
f 1795//1878 1626//1693 1757//1802
f 1862//1840 1721//1759 1796//1879
f 1721//1759 1689//1726 1796//1879
f 1797//1880 1760//1808 1835//1881
f 1760//1808 1797//1880 1762//1843
f 1759//1806 1798//1882 1661//1728
f 1661//1728 1798//1882 1835//1881
f 1661//1728 1835//1881 1761//1760
f 1760//1808 1761//1760 1835//1881
f 1762//1843 1799//1883 1765//1844
f 1800//1884 1766//1811 1765//1844
f 1801//1885 1690//1762 1662//1729
f 1766//1811 1802//1886 1691//1763
f 1662//1729 1767//1845 1801//1885
f 1663//1702 1693//1766 1803//1887
f 1664//1730 1725//1767 1804//1888
f 1804//1888 1665//1731 1664//1730
f 1771//1848 1665//1731 1804//1888
f 1772//1813 1805//1889 1727//1768
f 1771//1848 1774//1849 1666//1732
f 1728//1814 1840//1890 1772//1813
f 1773//1733 1729//1769 1807//1891
f 1774//1849 1808//1851 1775//1631
f 1809//1852 1807//1891 1729//1769
f 1806//1850 1809//1852 1730//1815
f 1810//1855 1731//1770 1671//1739
f 1810//1855 1813//1892 1812//1817
f 1733//1854 1813//1892 1810//1855
f 1814//1893 1733//1854 1695//1771
f 1812//1817 1813//1892 1736//1777
f 1815//1894 1814//1893 1695//1771
f 1734//1772 1815//1894 1695//1771
f 1697//1774 1815//1894 1734//1772
f 1816//1857 1874//1895 1777//1776
f 1817//1896 1736//1777 1813//1892
f 1779//1860 1736//1777 1817//1896
f 1636//1706 1780//1858 1778//1859
f 1700//1742 1636//1706 1778//1859
f 1896//1897 1816//1857 1737//1779
f 1896//1897 1737//1779 1739//1820
f 1779//1860 1819//1862 1741//1821
f 1818//1818 1847//1780 1876//1898
f 1782//1865 1638//1708 1738//1781
f 1846//1899 1847//1780 1821//1828
f 1847//1780 1781//1822 1821//1828
f 1784//1864 1822//1900 1786//1866
f 1784//1864 1782//1865 1822//1900
f 1787//1711 1848//1901 1783//1783
f 1675//1744 1786//1866 1745//1829
f 1848//1901 1787//1711 1702//1784
f 1747//1831 1703//1785 1824//1833
f 1747//1831 1824//1833 1823//1870
f 1746//1830 1824//1833 1703//1785
f 1746//1830 1789//1788 1824//1833
f 1677//1747 1752//1789 1825//1902
f 1827//1903 1753//1837 1710//1792
f 1684//1753 1827//1903 1710//1792
f 1715//1796 1713//1794 1753//1837
f 1712//1793 1830//1904 1717//1798
f 1793//1874 1860//1905 1714//1755
f 1756//1839 1717//1798 1832//1906
f 1830//1904 1832//1906 1717//1798
f 1861//1907 1718//1799 1686//1801
f 1757//1802 1655//1757 1833//1877
f 1831//1908 1861//1907 1686//1801
f 1687//1800 1831//1908 1686//1801
f 1688//1758 1862//1840 1858//1875
f 1795//1878 1757//1802 1834//1909
f 1720//1804 1758//1841 1658//1725
f 1797//1880 1835//1881 1795//1878
f 1834//1909 1797//1880 1795//1878
f 1758//1841 1885//1910 1759//1806
f 1759//1806 1885//1910 1798//1882
f 1797//1880 1836//1911 1762//1843
f 1762//1843 1836//1911 1799//1883
f 1866//1805 1763//1842 1837//1912
f 1660//1727 1838//1913 1763//1842
f 1764//1809 1838//1913 1660//1727
f 1766//1811 1800//1884 1802//1886
f 1691//1763 1802//1886 1725//1767
f 1769//1812 1770//1847 1839//1914
f 1839//1914 1726//1765 1769//1812
f 1767//1845 1726//1765 1908//1915
f 1803//1887 1768//1846 1663//1702
f 1692//1764 1768//1846 1770//1847
f 1727//1768 1805//1889 1806//1850
f 1773//1733 1807//1891 1693//1766
f 1774//1849 1771//1848 1841//1916
f 1807//1891 1809//1852 1806//1850
f 1776//1853 1732//1816 1843//1917
f 1731//1770 1810//1855 1842//1918
f 1812//1817 1811//1856 1842//1918
f 1812//1817 1842//1918 1810//1855
f 1776//1853 1844//1919 1735//1773
f 1814//1893 1813//1892 1733//1854
f 1777//1776 1874//1895 1891//1920
f 1891//1920 1811//1856 1777//1776
f 1844//1919 1698//1775 1735//1773
f 1818//1818 1815//1894 1697//1774
f 1876//1898 1847//1780 1846//1899
f 1738//1781 1845//1921 1782//1865
f 1820//1861 1896//1897 1739//1820
f 1846//1899 1821//1828 1779//1860
f 1821//1828 1819//1862 1779//1860
f 1820//1861 1783//1783 1878//1922
f 1783//1783 1848//1901 1878//1922
f 1745//1829 1786//1866 1849//1923
f 1745//1829 1849//1923 1702//1784
f 1848//1901 1702//1784 1849//1923
f 1748//1832 1850//1924 1749//1834
f 1748//1832 1788//1869 1850//1924
f 1705//1787 1851//1925 1788//1869
f 1677//1747 1851//1925 1705//1787
f 1677//1747 1825//1902 1851//1925
f 1751//1835 1749//1834 1852//1926
f 1825//1902 1752//1789 1853//1927
f 1853//1927 1752//1789 1790//1836
f 1751//1835 1709//1791 1682//1752
f 1854//1928 1853//1927 1790//1836
f 1790//1836 1826//1929 1854//1928
f 1826//1929 1790//1836 1711//1795
f 1709//1791 1828//1930 1712//1793
f 1827//1903 1684//1753 1855//1931
f 1826//1929 1711//1795 1918//1932
f 1829//1871 1918//1932 1711//1795
f 1715//1796 1753//1837 1856//1933
f 1684//1753 1754//1838 1857//1934
f 1855//1931 1684//1753 1857//1934
f 1880//1935 1918//1932 1829//1871
f 1791//1872 1857//1934 1754//1838
f 1712//1793 1899//1936 1830//1904
f 1715//1796 1859//1937 1687//1800
f 1860//1905 1792//1873 1714//1755
f 1687//1800 1859//1937 1831//1908
f 1720//1804 1719//1803 1864//1938
f 1719//1803 1795//1878 1864//1938
f 1865//1939 1861//1907 1831//1908
f 1863//1940 1865//1939 1831//1908
f 1758//1841 1720//1804 1864//1938
f 1797//1880 1834//1909 1883//1941
f 1795//1878 1835//1881 1864//1938
f 1835//1881 1885//1910 1864//1938
f 1836//1911 1797//1880 1883//1941
f 1796//1879 1689//1726 1905//1942
f 1885//1910 1835//1881 1798//1882
f 1866//1805 1905//1942 1689//1726
f 1764//1809 1724//1810 1838//1913
f 1690//1762 1886//1943 1724//1810
f 1690//1762 1868//1944 1886//1943
f 1801//1885 1868//1944 1690//1762
f 1801//1885 1767//1845 1868//1944
f 1868//1944 1767//1845 1908//1915
f 1839//1914 1908//1915 1726//1765
f 1802//1886 1869//1945 1725//1767
f 1770//1847 1768//1846 1870//1946
f 1771//1848 1804//1888 1871//1947
f 1772//1813 1840//1890 1872//1948
f 1805//1889 1772//1813 1872//1948
f 1871//1947 1841//1916 1771//1848
f 1873//1949 1693//1766 1807//1891
f 1806//1850 1873//1949 1807//1891
f 1774//1849 1841//1916 1808//1851
f 1728//1814 1731//1770 1842//1918
f 1889//1950 1732//1816 1808//1851
f 1843//1917 1732//1816 1889//1950
f 1814//1893 1817//1896 1813//1892
f 1874//1895 1816//1857 1875//1951
f 1876//1898 1814//1893 1815//1894
f 1818//1818 1876//1898 1815//1894
f 1738//1781 1778//1859 1895//1952
f 1846//1899 1779//1860 1817//1896
f 1876//1898 1846//1899 1817//1896
f 1738//1781 1895//1952 1845//1921
f 1782//1865 1845//1921 1877//1953
f 1896//1897 1822//1900 1877//1953
f 1820//1861 1822//1900 1896//1897
f 1782//1865 1877//1953 1822//1900
f 1820//1861 1878//1922 1822//1900
f 1822//1900 1849//1923 1786//1866
f 1878//1922 1849//1923 1822//1900
f 1878//1922 1848//1901 1849//1923
f 1852//1926 1749//1834 1850//1924
f 1751//1835 1879//1954 1709//1791
f 1828//1930 1709//1791 1879//1954
f 1827//1903 1856//1933 1753//1837
f 1855//1931 1856//1933 1827//1903
f 1712//1793 1828//1930 1899//1936
f 1881//1955 1715//1796 1856//1933
f 1791//1872 1858//1875 1857//1934
f 1881//1955 1859//1937 1715//1796
f 1858//1875 1900//1956 1857//1934
f 1882//1957 1880//1935 1829//1871
f 1860//1905 1902//1958 1792//1873
f 1793//1874 1718//1799 1861//1907
f 1792//1873 1882//1957 1829//1871
f 1900//1956 1862//1840 1901//1959
f 1858//1875 1862//1840 1900//1956
f 1863//1940 1831//1908 1859//1937
f 1757//1802 1833//1877 1834//1909
f 1883//1941 1834//1909 1833//1877
f 1865//1939 1863//1940 1884//1960
f 1864//1938 1885//1910 1758//1841
f 1799//1883 1836//1911 1867//1961
f 1837//1912 1906//1962 1866//1805
f 1724//1810 1933//1963 1838//1913
f 1724//1810 1886//1943 1933//1963
f 1799//1883 1867//1961 1765//1844
f 1725//1767 1869//1945 1804//1888
f 1693//1766 1873//1949 1803//1887
f 1806//1850 1887//1964 1873//1949
f 1840//1890 1728//1814 1888//1965
f 1811//1856 1890//1966 1842//1918
f 1874//1895 1875//1951 1913//1967
f 1698//1775 1844//1919 1893//1968
f 1876//1898 1817//1896 1814//1893
f 1780//1858 1698//1775 1893//1968
f 1875//1951 1896//1897 1892//1969
f 1816//1857 1896//1897 1875//1951
f 1892//1969 1877//1953 1845//1921
f 1896//1897 1877//1953 1892//1969
f 1788//1869 1897//1970 1850//1924
f 1851//1925 1897//1970 1788//1869
f 1897//1970 1852//1926 1850//1924
f 1898//1971 1825//1902 1853//1927
f 1751//1835 1852//1926 1879//1954
f 1826//1929 1916//1972 1854//1928
f 1918//1932 1916//1972 1826//1929
f 1855//1931 1900//1956 1856//1933
f 1857//1934 1900//1956 1855//1931
f 1856//1933 1901//1959 1881//1955
f 1900//1956 1901//1959 1856//1933
f 1832//1906 1830//1904 1920//1973
f 1756//1839 1926//1974 1794//1876
f 1882//1957 1792//1873 1902//1958
f 1794//1876 1883//1941 1833//1877
f 1903//1975 1926//1974 1756//1839
f 1832//1906 1903//1975 1756//1839
f 1904//1976 1863//1940 1859//1937
f 1901//1959 1862//1840 1796//1879
f 1863//1940 1930//1977 1884//1960
f 1904//1976 1930//1977 1863//1940
f 1836//1911 1883//1941 1931//1978
f 1931//1978 1867//1961 1836//1911
f 1838//1913 1837//1912 1763//1842
f 1765//1844 1867//1961 1932//1979
f 1934//1980 1933//1963 1886//1943
f 1800//1884 1932//1979 1907//1981
f 1932//1979 1800//1884 1765//1844
f 1908//1915 1934//1980 1886//1943
f 1800//1884 1907//1981 1909//1982
f 1886//1943 1868//1944 1908//1915
f 1800//1884 1909//1982 1802//1886
f 1934//1980 1908//1915 1839//1914
f 1934//1980 1839//1914 1935//1983
f 1802//1886 1909//1982 1869//1945
f 1952//1984 1770//1847 1870//1946
f 1839//1914 1770//1847 1952//1984
f 1870//1946 1768//1846 1803//1887
f 1840//1890 1910//1985 1872//1948
f 1805//1889 1872//1948 1911//1986
f 1806//1850 1805//1889 1911//1986
f 1728//1814 1842//1918 1888//1965
f 1888//1965 1842//1918 1942//1987
f 1843//1917 1912//1988 1776//1853
f 1811//1856 1891//1920 1890//1966
f 1776//1853 1912//1988 1844//1919
f 1891//1920 1874//1895 1913//1967
f 1913//1967 1875//1951 1914//1989
f 1944//1990 1914//1989 1875//1951
f 1875//1951 1892//1969 1944//1990
f 1778//1859 1894//1991 1895//1952
f 1892//1969 1845//1921 1944//1990
f 1915//1992 1778//1859 1780//1858
f 1894//1991 1778//1859 1915//1992
f 1944//1990 1845//1921 1895//1952
f 1780//1858 1893//1968 1915//1992
f 1898//1971 1853//1927 1854//1928
f 1916//1972 1879//1954 1852//1926
f 1916//1972 1828//1930 1879//1954
f 1916//1972 1917//1993 1828//1930
f 1918//1932 1917//1993 1916//1972
f 1828//1930 1917//1993 1899//1936
f 1919//1994 1899//1936 1917//1993
f 1918//1932 1919//1994 1917//1993
f 1880//1935 1919//1994 1918//1932
f 1899//1936 1920//1973 1830//1904
f 1919//1994 1880//1935 1921//1995
f 1921//1995 1880//1935 1882//1957
f 1881//1955 1923//1996 1859//1937
f 1793//1874 1947//1997 1860//1905
f 1922//1998 1947//1997 1793//1874
f 1923//1996 1904//1976 1859//1937
f 1901//1959 1923//1996 1881//1955
f 1882//1957 1924//1999 1921//1995
f 1902//1958 1860//1905 1947//1997
f 1925//2000 1923//1996 1901//1959
f 1927//2001 1902//1958 1947//1997
f 1922//1998 1793//1874 1861//1907
f 1883//1941 1794//1876 1926//1974
f 1882//1957 1902//1958 1928//2002
f 1927//2001 1928//2002 1902//1958
f 1901//1959 1796//1879 1925//2000
f 1865//1939 1922//1998 1861//1907
f 1865//1939 1929//2003 1922//1998
f 1930//1977 1929//2003 1884//1960
f 1884//1960 1929//2003 1865//1939
f 1968//2004 1931//1978 1883//1941
f 1906//1962 1905//1942 1866//1805
f 1931//1978 1932//1979 1867//1961
f 1838//1913 1933//1963 1837//1912
f 1935//1983 1839//1914 1952//1984
f 1955//2005 1870//1946 1803//1887
f 1803//1887 1939//2006 1938//2007
f 1938//2007 1936//2008 1803//1887
f 1871//1947 1937//2009 1841//1916
f 1873//1949 1939//2006 1803//1887
f 1940//2010 1910//1985 1840//1890
f 1806//1850 1911//1986 1887//1964
f 1840//1890 1888//1965 1940//2010
f 1960//2011 1941//2012 1841//1916
f 1841//1916 1941//2012 1808//1851
f 1842//1918 1890//1966 1942//1987
f 1843//1917 1889//1950 1912//1988
f 1943//2013 1844//1919 1912//1988
f 1844//1919 1943//2013 1893//1968
f 1897//1970 1851//1925 1945//2014
f 1851//1925 1825//1902 1945//2014
f 1945//2014 1825//1902 1898//1971
f 1854//1928 1965//2015 1898//1971
f 1852//1926 1964//2016 1916//1972
f 1965//2015 1916//1972 1964//2016
f 1854//1928 1916//1972 1965//2015
f 1966//2017 1899//1936 1919//1994
f 1920//1973 1899//1936 1966//2017
f 1921//1995 1946//2018 1919//1994
f 1947//1997 1988//2019 1927//2001
f 1923//1996 1925//2000 1948//2020
f 1923//1996 1948//2020 1904//1976
f 1948//2020 1925//2000 1971//2021
f 1796//1879 1971//2021 1925//2000
f 1930//1977 1904//1976 1948//2020
f 1796//1879 1905//1942 1971//2021
f 1930//1977 1972//2022 1929//2003
f 1948//2020 1949//2023 1930//1977
f 1933//1963 1950//2024 1837//1912
f 1933//1963 1934//1980 1950//2024
f 1932//1979 1951//2025 1907//1981
f 1934//1980 1935//1983 1950//2024
f 1950//2024 1935//1983 1993//2026
f 1935//1983 1952//1984 1993//2026
f 1953//2027 1804//1888 1869//1945
f 1870//1946 1955//2005 1954//2028
f 1871//1947 1804//1888 1953//2027
f 1803//1887 1936//2008 1955//2005
f 1938//2007 1939//2006 1956//2029
s 0
f 1938//2030 1956//361 1957//2029
s 1
f 1936//2008 1938//2007 1957//2031
f 1939//2006 1873//1949 1958//2032
f 1939//2006 1958//2032 1959//2033
s 0
f 1939//2034 1959//361 1956//2035
f 1957//361 1956//361 1959//361
s 1
f 1841//1916 1937//2009 1960//2011
f 1961//2036 1940//2010 1888//1965
f 1941//2012 1889//1950 1808//1851
f 1961//2036 1888//1965 1942//1987
f 1891//1920 1913//1967 1985//2037
f 1891//1920 1985//2037 1890//1966
f 1912//1988 1889//1950 1963//2038
f 1913//1967 1914//1989 1962//2039
f 1914//1989 1944//1990 1962//2039
f 1894//1991 1986//2040 1895//1952
f 1894//1991 1915//1992 1943//2013
f 1915//1992 1893//1968 1943//2013
f 1945//2014 1964//2016 1897//1970
f 1898//1971 1965//2015 1945//2014
f 1965//2015 1964//2016 1945//2014
f 1897//1970 1964//2016 1852//1926
f 1920//1973 1966//2017 1832//1906
f 1832//1906 1966//2017 1903//1975
f 1924//1999 1946//2018 1921//1995
f 2003//2041 1924//1999 1882//1957
f 1883//1941 1926//1974 1968//2004
f 1928//2002 1927//2001 1969//2042
f 1988//2019 1969//2042 1927//2001
f 1929//2003 1967//2043 1922//1998
f 1929//2003 1970//2044 1967//2043
f 1971//2021 1973//2045 1948//2020
f 1949//2023 1948//2020 1973//2045
f 1968//2004 1974//2046 1931//1978
f 1976//2047 1906//1962 1837//1912
f 1950//2024 1976//2047 1837//1912
f 1932//1979 1975//2048 1951//2025
f 1869//1945 1977//2049 1953//2027
f 1954//2028 1952//1984 1870//1946
f 1978//2050 1954//2028 1955//2005
f 1937//2009 1871//1947 1997//2051
f 1959//2033 1958//2032 1979//2052
f 1959//2033 1979//2052 1980//2053
s 0
f 1957//361 1959//2054 1980//2055
s 1
f 1957//2031 1980//2053 1936//2008
f 1998//2056 1872//1948 1910//1985
f 1911//1986 1872//1948 1998//2056
f 2014//2057 1887//1964 1911//1986
f 1887//1964 2014//2057 1981//2058
f 1873//1949 1887//1964 1981//2058
f 1873//1949 1981//2058 1958//2032
f 1960//2011 1982//2059 1941//2012
f 1985//2037 1984//2060 1890//1966
f 1942//1987 1890//1966 1984//2060
f 1963//2038 1889//1950 1983//2061
f 1944//1990 2020//2062 1962//2039
f 1912//1988 1963//2038 1943//2013
f 1894//1991 1943//2013 1963//2038
f 1966//2017 1919//1994 1946//2018
f 1966//2017 1987//2063 1903//1975
f 1947//1997 1922//1998 1988//2019
f 1987//2063 1989//2064 1903//1975
f 1903//1975 2057//2065 1926//1974
f 2003//2041 1882//1957 1928//2002
f 1926//1974 2057//2065 1968//2004
f 1929//2003 1972//2022 1970//2044
f 1930//1977 1949//2023 1972//2022
f 1973//2045 1990//2066 1949//2023
f 1991//2067 1971//2021 1905//1942
f 1992//2068 1905//1942 1906//1962
f 1931//1978 1974//2046 1932//1979
f 1932//1979 1974//2046 1975//2048
f 1976//2047 1992//2068 1906//1962
f 1950//2024 1993//2026 1976//2047
f 1907//1981 1994//2069 1909//1982
f 1951//2025 1994//2069 1907//1981
f 1952//1984 1995//2070 1993//2026
f 1869//1945 1909//1982 1977//2049
f 1996//2071 1952//1984 1954//2028
f 1997//2051 1871//1947 1953//2027
f 1978//2050 1955//2005 2013//2072
f 1936//2008 1980//2053 1979//2052
f 1979//2052 1955//2005 1936//2008
f 1999//2073 1955//2005 1979//2052
f 1940//2010 1998//2056 1910//1985
f 1958//2032 1999//2073 1979//2052
f 1998//2056 1940//2010 1961//2036
f 1942//1987 2018//2074 1961//2036
f 1983//2061 1889//1950 1941//2012
f 1942//1987 1984//2060 2018//2074
f 1913//1967 2019//2075 1985//2037
f 1984//2060 1985//2037 2000//2076
f 1913//1967 1962//2039 2019//2075
f 2001//2077 2020//2062 1944//1990
f 2001//2077 1944//1990 1895//1952
f 1894//1991 2021//2078 1986//2040
f 2001//2077 1895//1952 1986//2040
f 1946//2018 2002//2079 1966//2017
f 1987//2063 1966//2017 2002//2079
f 1924//1999 2003//2041 1946//2018
f 1922//1998 1967//2043 1988//2019
f 1989//2064 2057//2065 1903//1975
f 1928//2002 2004//2080 2003//2041
f 1969//2042 2004//2080 1928//2002
f 1968//2004 2005//2081 1974//2046
f 1972//2022 2006//2082 1970//2044
f 2059//2083 1991//2067 1905//1942
f 1992//2068 2059//2083 1905//1942
f 1976//2047 1993//2026 1995//2070
f 1909//1982 1994//2069 1977//2049
f 1995//2070 1952//1984 2007//2084
s 0
f 2010//332 2009//332 2008//332
f 2010//332 2008//2085 2007//2086
s 1
f 2010//2087 2007//2084 1952//1984
s 0
f 1996//2088 2009//332 2010//2085
s 1
f 1996//2071 1954//2028 2009//2089
f 1952//1984 1996//2071 2010//2087
f 1997//2051 2011//2090 1937//2009
f 1960//2011 1937//2009 2012//2091
f 1999//2073 2013//2072 1955//2005
f 2012//2091 1982//2059 1960//2011
f 2015//2092 2013//2072 1999//2073
f 1961//2036 2016//2093 1998//2056
f 2017//2094 1958//2032 1981//2058
f 1999//2073 1958//2032 2017//2094
f 2018//2074 2016//2093 1961//2036
f 2015//2092 1999//2073 2017//2094
f 1941//2012 1982//2059 1983//2061
f 1984//2060 2000//2076 2018//2074
f 2019//2075 2000//2076 1985//2037
f 2015//2092 2017//2094 2031//2095
f 2020//2062 2019//2075 1962//2039
f 1963//2038 2021//2078 1894//1991
f 2001//2077 1986//2040 2021//2078
f 1946//2018 2022//2096 2002//2079
f 1946//2018 2003//2041 2022//2096
f 1967//2043 2037//2097 2023//2098
f 2037//2097 1967//2043 1970//2044
f 1974//2046 2005//2081 2058//2099
f 1972//2022 2024//2100 2006//2082
f 1973//2045 1991//2067 1990//2066
f 1971//2021 1991//2067 1973//2045
f 1949//2023 2024//2100 1972//2022
f 1990//2066 2024//2100 1949//2023
f 1975//2048 1974//2046 2058//2099
f 1995//2070 2007//2084 2062//2101
f 2008//2102 2025//2103 2062//2101
s 0
f 2008//332 2009//2104 2025//2105
s 1
f 2009//2089 1954//2028 2025//2103
f 2007//2084 2008//2102 2062//2101
f 2026//2106 1953//2027 1977//2049
f 2026//2106 1997//2051 1953//2027
f 2014//2057 1911//1986 2027//2107
f 2027//2107 1911//1986 1998//2056
f 1998//2056 2016//2093 2028//2108
f 1981//2058 2029//2109 2017//2094
f 2016//2093 2018//2074 2030//2110
f 2032//2111 1983//2061 1982//2059
f 2017//2094 2047//2112 2031//2095
f 2032//2111 1963//2038 1983//2061
f 2032//2111 2033//2113 1963//2038
f 2047//2112 2034//2114 2031//2095
f 2021//2078 1963//2038 2033//2113
f 2035//2115 1967//2043 2023//2098
f 1987//2063 2002//2079 1989//2064
f 1988//2019 2035//2115 2071//2116
f 1967//2043 2035//2115 1988//2019
f 2036//2117 2003//2041 2004//2080
f 2071//2116 1969//2042 1988//2019
f 2004//2080 1969//2042 2036//2117
f 1968//2004 2057//2065 2005//2081
f 1990//2066 2038//2118 2024//2100
f 2039//2119 1991//2067 2059//2083
f 2060//2120 1975//2048 2058//2099
f 1951//2025 1975//2048 2060//2120
f 1976//2047 1995//2070 2061//2121
f 1951//2025 2040//2122 1994//2069
f 2062//2101 2025//2103 1954//2028
f 1978//2050 2013//2072 2041//2123
f 2042//2124 1997//2051 2026//2106
f 1937//2009 2011//2090 2012//2091
f 2012//2091 2043//2125 1982//2059
f 2013//2072 2015//2092 2041//2123
f 2041//2123 2015//2092 2044//2126
f 1998//2056 2028//2108 2027//2107
f 2065//2127 1981//2058 2014//2057
f 2029//2109 1981//2058 2065//2127
f 2045//2128 2000//2076 2019//2075
f 2046//2129 2044//2126 2015//2092
f 2031//2095 2046//2129 2015//2092
f 2029//2109 2047//2112 2017//2094
f 2020//2062 2048//2130 2019//2075
f 2049//2131 2046//2129 2031//2095
f 2034//2114 2049//2131 2031//2095
f 2034//2114 2047//2112 2067//2132
f 2020//2062 2001//2077 2083//2133
f 2050//2134 2020//2062 2083//2133
f 2002//2079 2022//2096 2054//2135
f 2055//2136 2052//2137 2051//2138
f 2002//2079 2053//2139 1989//2064
f 2003//2041 2036//2117 2022//2096
f 2055//2136 2051//2138 2092//2140
f 2055//2136 2005//2081 2056//2141
f 2057//2065 2056//2141 2005//2081
f 2006//2082 2037//2097 1970//2044
f 2055//2136 2058//2099 2005//2081
f 2073//2142 2058//2099 2055//2136
f 1991//2067 2039//2119 1990//2066
f 1990//2066 2039//2119 2038//2118
f 2073//2142 2060//2120 2058//2099
f 2074//2143 2059//2083 1992//2068
f 2061//2121 2074//2143 1992//2068
f 1976//2047 2061//2121 1992//2068
f 2061//2121 1995//2070 2062//2101
f 2062//2101 1954//2028 2063//2144
f 1978//2050 2063//2144 1954//2028
f 2026//2106 1977//2049 2075//2145
f 1978//2050 2041//2123 2063//2144
f 2043//2125 2012//2091 2099//2146
f 2027//2107 2028//2108 2064//2147
f 2014//2057 2027//2107 2064//2147
f 2014//2057 2064//2147 2065//2127
f 1982//2059 2043//2125 2032//2111
f 2019//2075 2048//2130 2045//2128
f 2066//2148 2046//2129 2049//2131
f 2049//2131 2034//2114 2067//2132
f 2001//2077 2021//2078 2085//2149
f 2083//2133 2001//2077 2085//2149
f 2051//2138 2052//2137 2068//2150
f 2068//2150 2087//2151 2051//2138
f 2086//2152 2052//2137 2055//2136
f 2090//2153 2051//2138 2087//2151
f 2055//2136 2069//2154 2086//2152
f 1969//2042 2071//2116 2036//2117
f 2071//2116 2070//2155 2036//2117
f 2056//2141 2069//2154 2055//2136
f 2051//2138 2090//2153 2092//2140
f 2037//2097 2006//2082 2072//2156
f 2055//2136 2092//2140 2073//2142
f 2040//2122 1951//2025 2060//2120
f 2075//2145 1977//2049 1994//2069
f 2098//2157 2026//2106 2075//2145
f 2063//2144 2041//2123 2076//2158
f 2026//2106 2098//2157 2042//2124
f 1997//2051 2042//2124 2077//2159
f 2011//2090 1997//2051 2077//2159
f 2012//2091 2011//2090 2099//2146
f 2101//2160 2044//2126 2078//2161
f 2080//2162 2000//2076 2045//2128
f 2018//2074 2000//2076 2080//2162
f 2078//2161 2044//2126 2046//2129
f 2045//2128 2048//2130 2079//2163
f 2030//2110 2018//2074 2080//2162
f 2047//2112 2029//2109 2065//2127
f 2081//2164 2047//2112 2065//2127
f 2032//2111 2082//2165 2033//2113
f 2048//2130 2020//2062 2050//2134
f 2047//2112 2081//2164 2067//2132
f 2021//2078 2033//2113 2084//2166
f 2021//2078 2084//2166 2085//2149
f 2068//2150 2052//2137 2086//2152
f 2002//2079 2054//2135 2053//2139
f 2088//2167 2054//2135 2022//2096
f 2023//2098 2089//2168 2035//2115
f 2088//2167 2022//2096 2036//2117
f 2070//2155 2088//2167 2036//2117
f 2037//2097 2072//2156 2023//2098
f 2023//2098 2072//2156 2089//2168
f 2111//2169 2057//2065 1989//2064
f 2091//2170 2057//2065 2111//2169
f 2056//2141 2057//2065 2091//2170
f 2072//2156 2006//2082 2113//2171
f 2114//2172 2073//2142 2092//2140
f 2093//2173 2006//2082 2024//2100
f 2024//2100 2094//2174 2093//2173
f 2094//2174 2024//2100 2038//2118
f 2038//2118 2039//2119 2095//2175
f 2059//2083 2074//2143 2039//2119
f 2060//2120 2073//2142 2114//2172
f 2060//2120 2114//2172 2137//2176
f 2040//2122 2060//2120 2137//2176
f 2061//2121 2062//2101 2097//2177
f 2099//2146 2011//2090 2077//2159
f 2044//2126 2100//2178 2041//2123
f 2143//2179 2032//2111 2043//2125
f 2016//2093 2144//2180 2028//2108
f 2078//2161 2122//2181 2101//2160
f 2102//2182 2045//2128 2079//2163
f 2045//2128 2102//2182 2080//2162
f 2016//2093 2030//2110 2144//2180
f 2103//2183 2078//2161 2046//2129
f 2104//2184 2079//2163 2048//2130
f 2046//2129 2066//2148 2103//2183
f 2050//2134 2104//2184 2048//2130
f 2032//2111 2105//2185 2106//2186
f 2106//2186 2082//2165 2032//2111
s 0
f 2106//361 2107//2187 2082//2188
s 1
f 2107//2189 2033//2113 2082//2165
f 2067//2132 2081//2164 2108//2190
f 2049//2131 2067//2132 2108//2190
f 2066//2148 2049//2131 2108//2190
f 2054//2135 2088//2167 2109//2191
f 2071//2116 2110//2192 2070//2155
f 2035//2115 2110//2192 2071//2116
f 1989//2064 2053//2139 2111//2169
f 2069//2154 2056//2141 2091//2170
f 2112//2193 2092//2140 2090//2153
f 2006//2082 2093//2173 2113//2171
f 2074//2143 2115//2194 2132//2195
f 2038//2118 2095//2175 2094//2174
f 2074//2143 2061//2121 2116//2196
f 2074//2143 2116//2196 2115//2194
f 2061//2121 2096//2197 2117//2198
f 2061//2121 2097//2177 2096//2197
f 2040//2122 2138//2199 1994//2069
f 2075//2145 2118//2200 2098//2157
f 2042//2124 2098//2157 2119//2201
f 2042//2124 2119//2201 2077//2159
f 2100//2178 2044//2126 2120//2202
f 2120//2202 2044//2126 2101//2160
f 2143//2179 2043//2125 2099//2146
f 2064//2147 2028//2108 2121//2203
f 2065//2127 2064//2147 2121//2203
f 2078//2161 2103//2183 2122//2181
f 2079//2163 2104//2184 2102//2182
f 2032//2111 2143//2179 2105//2185
s 0
f 2105//2204 2124//361 2106//2187
s 1
f 2105//2185 2143//2179 2124//2205
f 2143//2179 2123//2206 2124//2205
s 0
f 2106//361 2124//361 2107//361
s 1
f 2164//2207 2083//2133 2085//2149
f 2050//2134 2125//2208 2104//2184
f 2147//2209 2108//2190 2081//2164
f 2107//2189 2126//2210 2033//2113
s 0
f 2107//361 2124//2211 2126//2212
s 1
f 2124//2205 2123//2206 2126//2210
f 2123//2206 2084//2166 2126//2210
f 2033//2113 2126//2210 2084//2166
f 2085//2149 2084//2166 2128//2213
f 2066//2148 2108//2190 2127//2214
f 2086//2152 2130//2215 2068//2150
f 2110//2192 2131//2216 2070//2155
f 2089//2168 2110//2192 2035//2115
f 2112//2193 2114//2172 2092//2140
f 2039//2119 2132//2195 2095//2175
f 2132//2195 2039//2119 2074//2143
s 0
f 2116//2217 2134//361 2133//2218
s 1
f 2116//2196 2133//2219 2115//2194
s 0
f 2133//361 2134//361 2135//361
s 1
f 2116//2196 2061//2121 2134//2220
f 2134//2220 2061//2121 2117//2198
s 0
f 2134//2221 2117//2222 2135//361
s 1
f 2135//2223 2117//2198 2136//2224
f 2096//2197 2136//2224 2117//2198
f 1994//2069 2138//2199 2075//2145
f 2118//2200 2075//2145 2138//2199
f 2139//2225 2063//2144 2140//2226
f 2063//2144 2076//2158 2140//2226
f 2098//2157 2141//2227 2119//2201
f 2077//2159 2119//2201 2158//2228
f 2101//2160 2142//2229 2120//2202
f 2159//2230 2143//2179 2077//2159
f 2099//2146 2077//2159 2143//2179
f 2101//2160 2122//2181 2142//2229
f 2080//2162 2160//2231 2144//2180
f 2030//2110 2080//2162 2144//2180
f 2081//2164 2065//2127 2145//2232
f 2102//2182 2104//2184 2146//2233
f 2083//2133 2164//2207 2050//2134
f 2125//2208 2149//2234 2104//2184
f 2146//2233 2104//2184 2149//2234
f 2066//2148 2150//2235 2103//2183
f 2151//2236 2125//2208 2050//2134
f 2108//2190 2147//2209 2129//2237
f 2127//2214 2150//2235 2066//2148
f 2084//2166 2123//2206 2152//2238
f 2128//2213 2084//2166 2152//2238
f 2129//2237 2127//2214 2108//2190
f 2068//2150 2130//2215 2087//2151
f 2069//2154 2153//2239 2086//2152
f 2070//2155 2131//2216 2088//2167
f 2154//2240 2090//2153 2087//2151
f 2090//2153 2154//2240 2112//2193
f 2113//2171 2173//2241 2072//2156
f 2175//2242 2095//2175 2132//2195
f 2133//2219 2156//2243 2115//2194
s 0
f 2156//2244 2133//361 2135//2245
s 1
f 2136//2224 2156//2243 2135//2223
f 2094//2174 2157//2246 2093//2173
f 2155//2247 2137//2176 2114//2172
f 2136//2224 2096//2197 2187//2248
f 2096//2197 2097//2177 2187//2248
f 2138//2199 2040//2122 2137//2176
f 2063//2144 2097//2177 2062//2101
f 2118//2200 2141//2227 2098//2157
f 2041//2123 2100//2178 2076//2158
f 2159//2230 2077//2159 2158//2228
f 2028//2108 2144//2180 2161//2249
f 2080//2162 2102//2182 2160//2231
f 2143//2179 2159//2230 2163//2250
f 2145//2232 2147//2209 2081//2164
f 2143//2179 2163//2250 2123//2206
f 2148//2251 2050//2134 2164//2207
f 2128//2213 2165//2252 2085//2149
f 2165//2252 2164//2207 2085//2149
f 2050//2134 2148//2251 2151//2236
f 2123//2206 2195//2253 2152//2238
f 2127//2214 2129//2237 2166//2254
f 2087//2151 2130//2215 2167//2255
f 2086//2152 2183//2256 2130//2215
f 2088//2167 2168//2257 2109//2191
f 2086//2152 2153//2239 2183//2256
f 2109//2191 2169//2258 2054//2135
f 2087//2151 2167//2255 2154//2240
f 2053//2139 2184//2259 2170//2260
f 2053//2139 2054//2135 2184//2259
f 2088//2167 2131//2216 2168//2257
f 2153//2239 2069//2154 2185//2261
f 2053//2139 2170//2260 2199//2262
f 2199//2262 2111//2169 2053//2139
f 2069//2154 2091//2170 2171//2263
f 2110//2192 2172//2264 2131//2216
f 2089//2168 2173//2241 2110//2192
f 2173//2241 2172//2264 2110//2192
f 2173//2241 2089//2168 2072//2156
f 2112//2193 2174//2265 2114//2172
f 2174//2265 2155//2247 2114//2172
f 2115//2194 2156//2243 2136//2224
f 2095//2175 2175//2242 2094//2174
f 2176//2266 2137//2176 2155//2247
f 2175//2242 2157//2246 2094//2174
f 2139//2225 2097//2177 2063//2144
f 2159//2230 2158//2228 2177//2267
f 2028//2108 2161//2249 2121//2203
f 2065//2127 2121//2203 2178//2268
f 2142//2229 2122//2181 2179//2269
f 2065//2127 2178//2268 2145//2232
f 2145//2232 2180//2270 2147//2209
f 2163//2250 2195//2253 2123//2206
f 2181//2271 2129//2237 2147//2209
f 2127//2214 2197//2272 2150//2235
f 2128//2213 2152//2238 2182//2273
f 2182//2273 2165//2252 2128//2213
f 2127//2214 2166//2254 2197//2272
f 2109//2191 2168//2257 2169//2258
f 2054//2135 2169//2258 2184//2259
f 2185//2261 2069//2154 2171//2263
f 2111//2169 2199//2262 2091//2170
f 2154//2240 2186//2274 2112//2193
f 2186//2274 2174//2265 2112//2193
f 2176//2266 2188//2275 2137//2176
f 2137//2176 2188//2275 2138//2199
f 2138//2199 2189//2276 2118//2200
f 2118//2200 2189//2276 2141//2227
f 2119//2201 2141//2227 2189//2276
f 2190//2277 2140//2226 2076//2158
f 2189//2276 2191//2278 2119//2201
f 2076//2158 2192//2279 2190//2277
f 2192//2279 2076//2158 2100//2178
f 2192//2279 2100//2178 2120//2202
f 2119//2201 2191//2278 2158//2228
f 2142//2229 2193//2280 2120//2202
f 2144//2180 2160//2231 2194//2281
f 2160//2231 2102//2182 2162//2282
f 2161//2249 2144//2180 2194//2281
f 2178//2268 2121//2203 2161//2249
f 2159//2230 2177//2267 2163//2250
f 2162//2282 2102//2182 2206//2283
f 2122//2181 2103//2183 2179//2269
f 2103//2183 2219//2284 2179//2269
f 2102//2182 2146//2233 2206//2283
f 2103//2183 2150//2235 2219//2284
f 2129//2237 2196//2285 2166//2254
f 2167//2255 2130//2215 2183//2256
f 2184//2259 2198//2286 2170//2260
f 2167//2255 2186//2274 2154//2240
f 2171//2263 2091//2170 2199//2262
f 2172//2264 2168//2257 2131//2216
f 2173//2241 2200//2287 2172//2264
f 2200//2287 2173//2241 2201//2288
f 2173//2241 2113//2171 2201//2288
f 2202//2289 2201//2288 2113//2171
f 2202//2289 2113//2171 2093//2173
f 2115//2194 2203//2290 2132//2195
f 2203//2290 2115//2194 2136//2224
f 2093//2173 2157//2246 2202//2289
f 2213//2291 2157//2246 2175//2242
f 2187//2248 2097//2177 2232//2292
f 2232//2292 2097//2177 2139//2225
f 2120//2202 2193//2280 2192//2279
f 2204//2293 2158//2228 2191//2278
f 2204//2293 2177//2267 2158//2228
f 2160//2231 2162//2282 2205//2294
f 2163//2250 2177//2267 2207//2295
f 2180//2270 2145//2232 2220//2296
f 2163//2250 2207//2295 2195//2253
f 2180//2270 2181//2271 2147//2209
f 2164//2207 2237//2297 2148//2251
f 2148//2251 2222//2298 2208//2299
f 2151//2236 2148//2251 2208//2299
f 2125//2208 2151//2236 2208//2299
f 2125//2208 2208//2299 2149//2234
f 2196//2285 2129//2237 2181//2271
f 2153//2239 2209//2300 2183//2256
f 2185//2261 2209//2300 2153//2239
f 2168//2257 2226//2301 2169//2258
f 2183//2256 2227//2302 2167//2255
f 2186//2274 2167//2255 2227//2302
f 2199//2262 2211//2303 2171//2263
f 2210//2304 2168//2257 2172//2264
f 2172//2264 2212//2305 2210//2304
f 2172//2264 2200//2287 2212//2305
f 2136//2224 2214//2306 2203//2290
f 2155//2247 2230//2307 2176//2266
f 2136//2224 2187//2248 2214//2306
f 2187//2248 2232//2292 2214//2306
f 2232//2292 2139//2225 2252//2308
f 2188//2275 2215//2309 2138//2199
f 2216//2310 2189//2276 2138//2199
f 2139//2225 2140//2226 2233//2311
f 2233//2311 2140//2226 2190//2277
f 2190//2277 2192//2279 2217//2312
f 2193//2280 2142//2229 2236//2313
f 2160//2231 2205//2294 2194//2281
f 2236//2313 2142//2229 2179//2269
f 2145//2232 2178//2268 2220//2296
f 2237//2297 2222//2298 2148//2251
f 2206//2283 2146//2233 2221//2314
f 2150//2235 2223//2315 2219//2284
f 2146//2233 2225//2316 2221//2314
f 2165//2252 2238//2317 2237//2297
f 2237//2297 2164//2207 2165//2252
f 2146//2233 2149//2234 2225//2316
f 2150//2235 2197//2272 2223//2315
f 2195//2253 2224//2318 2152//2238
f 2152//2238 2224//2318 2182//2273
f 2182//2273 2238//2317 2165//2252
f 2149//2234 2208//2299 2239//2319
f 2166//2254 2263//2320 2197//2272
f 2263//2320 2166//2254 2196//2285
f 2184//2259 2169//2258 2226//2301
f 2199//2262 2170//2260 2198//2286
f 2226//2301 2242//2321 2184//2259
f 2226//2301 2168//2257 2210//2304
f 2200//2287 2228//2322 2212//2305
f 2200//2287 2229//2323 2228//2322
f 2201//2288 2229//2323 2200//2287
f 2230//2307 2155//2247 2174//2265
f 2132//2195 2203//2290 2175//2242
f 2202//2289 2157//2246 2231//2324
f 2157//2246 2213//2291 2231//2324
f 2216//2310 2138//2199 2215//2309
f 2189//2276 2234//2325 2191//2278
f 2277//2326 2233//2311 2190//2277
f 2217//2312 2277//2326 2190//2277
f 2217//2312 2192//2279 2235//2327
f 2192//2279 2193//2280 2235//2327
f 2235//2327 2193//2280 2236//2313
f 2194//2281 2205//2294 2257//2328
f 2177//2267 2204//2293 2218//2329
f 2162//2282 2206//2283 2205//2294
f 2219//2284 2256//2330 2236//2313
f 2236//2313 2179//2269 2219//2284
f 2218//2329 2207//2295 2177//2267
f 2223//2315 2256//2330 2219//2284
f 2195//2253 2207//2295 2224//2318
f 2182//2273 2224//2318 2238//2317
f 2181//2271 2262//2331 2196//2285
f 2223//2315 2197//2272 2263//2320
f 2225//2316 2149//2234 2239//2319
f 2196//2285 2262//2331 2263//2320
f 2183//2256 2209//2300 2240//2332
f 2227//2302 2183//2256 2240//2332
f 2209//2300 2185//2261 2171//2263
f 2198//2286 2241//2333 2199//2262
f 2242//2321 2198//2286 2184//2259
f 2243//2334 2242//2321 2226//2301
f 2245//2335 2171//2263 2211//2303
f 2210//2304 2243//2334 2226//2301
f 2186//2274 2227//2302 2244//2336
f 2315//2337 2210//2304 2212//2305
f 2212//2305 2228//2322 2315//2337
f 2245//2335 2264//2338 2246//2339
f 2186//2274 2244//2336 2174//2265
f 2174//2265 2244//2336 2247//2340
f 2264//2338 2248//2341 2246//2339
f 2247//2340 2230//2307 2174//2265
f 2248//2341 2269//2342 2246//2339
f 2248//2341 2249//2343 2269//2342
f 2202//2289 2231//2324 2250//2344
f 2251//2345 2213//2291 2175//2242
f 2203//2290 2251//2345 2175//2242
f 2214//2306 2251//2345 2203//2290
f 2230//2307 2298//2346 2176//2266
f 2176//2266 2298//2346 2215//2309
f 2188//2275 2176//2266 2215//2309
f 2214//2306 2232//2292 2252//2308
f 2252//2308 2139//2225 2254//2347
f 2139//2225 2233//2311 2254//2347
f 2189//2276 2216//2310 2253//2348
f 2189//2276 2253//2348 2234//2325
f 2234//2325 2255//2349 2191//2278
f 2191//2278 2255//2349 2204//2293
f 2277//2326 2217//2312 2278//2350
f 2278//2350 2217//2312 2256//2330
f 2217//2312 2235//2327 2256//2330
f 2205//2294 2258//2351 2257//2328
f 2161//2249 2194//2281 2281//2352
f 2205//2294 2206//2283 2258//2351
f 2161//2249 2281//2352 2259//2353
f 2259//2353 2178//2268 2161//2249
f 2278//2350 2260//2354 2280//2355
f 2236//2313 2256//2330 2235//2327
f 2278//2350 2256//2330 2260//2354
f 2261//2356 2282//2357 2237//2297
f 2206//2283 2221//2314 2258//2351
f 2180//2270 2220//2296 2260//2354
f 2238//2317 2261//2356 2237//2297
f 2222//2298 2237//2297 2282//2357
f 2262//2331 2180//2270 2260//2354
f 2223//2315 2285//2358 2256//2330
f 2224//2318 2207//2295 2261//2356
f 2180//2270 2262//2331 2181//2271
f 2223//2315 2263//2320 2285//2358
f 2242//2321 2289//2359 2198//2286
f 2227//2302 2240//2332 2244//2336
f 2171//2263 2333//2360 2209//2300
f 2245//2335 2333//2360 2171//2263
f 2199//2262 2241//2333 2211//2303
f 2245//2335 2211//2303 2264//2338
f 2264//2338 2211//2303 2241//2333
f 2243//2334 2292//2361 2242//2321
f 2265//2362 2292//2361 2243//2334
f 2267//2363 2266//2364 2292//2361
f 2265//2362 2267//2363 2292//2361
f 2229//2323 2201//2288 2294//2365
f 2201//2288 2250//2344 2294//2365
f 2201//2288 2202//2289 2250//2344
f 2269//2342 2295//2366 2246//2339
f 2248//2341 2268//2367 2249//2343
f 2269//2342 2249//2343 2301//2368
f 2270//2369 2231//2324 2213//2291
f 2251//2345 2271//2370 2213//2291
f 2271//2370 2270//2369 2213//2291
f 2251//2345 2214//2306 2252//2308
f 2252//2308 2271//2370 2251//2345
f 2305//2371 2306//2372 2272//2373
f 2306//2372 2274//2374 2272//2373
f 2272//2373 2275//2375 2273//2376
f 2275//2375 2276//2377 2273//2376
f 2255//2349 2279//2378 2204//2293
f 2279//2378 2218//2329 2204//2293
f 2194//2281 2257//2328 2281//2352
f 2178//2268 2259//2353 2220//2296
f 2220//2296 2259//2353 2284//2379
f 2284//2379 2280//2355 2220//2296
f 2260//2354 2220//2296 2280//2355
f 2218//2329 2329//2380 2207//2295
f 2329//2380 2261//2356 2207//2295
f 2282//2357 2261//2356 2283//2381
f 2260//2354 2256//2330 2285//2358
f 2222//2298 2282//2357 2331//2382
f 2285//2358 2262//2331 2260//2354
f 2238//2317 2224//2318 2261//2356
f 2287//2383 2221//2314 2225//2316
f 2208//2299 2222//2298 2286//2384
f 2263//2320 2262//2331 2285//2358
f 2208//2299 2286//2384 2288//2385
f 2208//2299 2288//2385 2239//2319
f 2209//2300 2312//2386 2240//2332
f 2333//2360 2312//2386 2209//2300
f 2289//2359 2241//2333 2198//2286
f 2240//2332 2290//2387 2244//2336
f 2314//2388 2333//2360 2245//2335
f 2243//2334 2210//2304 2291//2389
f 2315//2337 2291//2389 2210//2304
f 2292//2361 2289//2359 2242//2321
f 2265//2362 2243//2334 2291//2389
f 2228//2322 2293//2390 2315//2337
f 2229//2323 2316//2391 2228//2322
f 2228//2322 2316//2391 2293//2390
f 2229//2323 2294//2365 2316//2391
f 2295//2366 2314//2388 2246//2339
f 2245//2335 2246//2339 2314//2388
f 2247//2340 2244//2336 2290//2387
f 2248//2341 2264//2338 2296//2392
f 2289//2359 2292//2361 2317//2393
f 2292//2361 2266//2364 2317//2393
f 2265//2362 2297//2394 2267//2363
f 2248//2341 2296//2392 2268//2367
f 2317//2393 2266//2364 2320//2395
f 2266//2364 2267//2363 2320//2395
f 2267//2363 2297//2394 2299//2396
f 2247//2340 2298//2346 2230//2307
f 2295//2366 2318//2397 2247//2340
f 2295//2366 2269//2342 2318//2397
f 2320//2395 2267//2363 2299//2396
f 2250//2344 2231//2324 2300//2398
f 2249//2343 2302//2399 2301//2368
f 2268//2367 2302//2399 2249//2343
f 2231//2324 2270//2369 2300//2398
f 2215//2309 2303//2400 2216//2310
f 2304//2401 2271//2370 2252//2308
f 2252//2308 2254//2347 2304//2401
f 2305//2371 2272//2373 2307//2402
f 2274//2374 2306//2372 2308//2403
f 2272//2373 2273//2376 2307//2402
f 2233//2311 2277//2326 2254//2347
f 2323//2404 2272//2373 2274//2374
f 2323//2404 2275//2375 2272//2373
f 2309//2405 2275//2375 2323//2404
f 2310//2406 2276//2377 2275//2375
f 2309//2405 2310//2406 2275//2375
f 2326//2407 2277//2326 2278//2350
f 2280//2355 2379//2408 2278//2350
f 2258//2351 2311//2409 2257//2328
f 2283//2381 2331//2382 2282//2357
f 2329//2380 2330//2410 2261//2356
f 2283//2381 2261//2356 2330//2410
f 2258//2351 2221//2314 2287//2383
f 2331//2382 2398//2411 2222//2298
f 2286//2384 2222//2298 2398//2411
f 2225//2316 2239//2319 2287//2383
f 2290//2387 2240//2332 2312//2386
f 2289//2359 2313//2412 2241//2333
f 2313//2412 2264//2338 2241//2333
f 2290//2387 2314//2388 2247//2340
f 2313//2412 2296//2392 2264//2338
f 2295//2366 2247//2340 2314//2388
f 2296//2392 2319//2413 2268//2367
f 2318//2397 2298//2346 2247//2340
f 2318//2397 2269//2342 2301//2368
f 2298//2346 2321//2414 2215//2309
f 2215//2309 2321//2414 2303//2400
f 2216//2310 2303//2400 2253//2348
f 2345//2415 2307//2402 2273//2376
f 2274//2374 2308//2403 2323//2404
f 2253//2348 2322//2416 2234//2325
f 2254//2347 2277//2326 2326//2407
f 2273//2376 2276//2377 2325//2417
f 2345//2415 2273//2376 2325//2417
f 2324//2418 2255//2349 2234//2325
f 2324//2418 2327//2419 2255//2349
f 2354//2420 2325//2417 2276//2377
f 2354//2420 2276//2377 2310//2406
f 2379//2408 2326//2407 2278//2350
f 2279//2378 2255//2349 2327//2419
f 2329//2380 2218//2329 2279//2378
f 2281//2352 2257//2328 2311//2409
f 2328//2421 2281//2352 2357//2422
f 2379//2408 2280//2355 2284//2379
f 2281//2352 2332//2423 2259//2353
f 2259//2353 2332//2423 2284//2379
f 2356//2424 2398//2411 2331//2382
f 2333//2360 2290//2387 2312//2386
f 2333//2360 2314//2388 2290//2387
f 2291//2389 2315//2337 2334//2425
f 2293//2390 2316//2391 2335//2426
f 2317//2393 2296//2392 2313//2412
f 2313//2412 2289//2359 2317//2393
f 2317//2393 2337//2427 2296//2392
f 2294//2365 2250//2344 2336//2428
f 2317//2393 2320//2395 2337//2427
f 2250//2344 2300//2398 2401//2429
f 2301//2368 2302//2399 2338//2430
f 2270//2369 2271//2370 2340//2431
f 2339//2432 2270//2369 2340//2431
f 2305//2371 2342//2433 2341//2434
f 2341//2434 2366//2435 2305//2371
f 2366//2435 2306//2372 2305//2371
f 2271//2370 2304//2401 2340//2431
f 2344//2436 2307//2402 2343//2437
s 0
f 2342//2438 2344//2439 2343//332
s 1
f 2305//2371 2344//2436 2342//2433
f 2305//2371 2307//2402 2344//2436
f 2253//2348 2303//2400 2346//2440
f 2304//2401 2254//2347 2370//2441
f 2372//2442 2370//2441 2254//2347
f 2322//2416 2324//2418 2234//2325
f 2351//2443 2372//2442 2326//2407
f 2254//2347 2326//2407 2372//2442
s 0
f 2350//332 2349//332 2348//332
f 2347//2444 2350//332 2348//2445
s 1
f 2347//2446 2345//2415 2350//2447
f 2345//2415 2325//2417 2350//2447
s 0
f 2353//2448 2349//332 2350//2445
s 1
f 2375//2449 2349//2450 2353//2451
f 2325//2417 2353//2451 2350//2447
f 2325//2417 2375//2449 2353//2451
f 2324//2418 2352//2452 2327//2419
f 2351//2443 2326//2407 2392//2453
f 2378//2454 2325//2417 2354//2420
f 2326//2407 2379//2408 2392//2453
f 2310//2406 2309//2405 2355//2455
f 2330//2410 2279//2378 2327//2419
f 2328//2421 2391//2456 2281//2352
f 2330//2410 2329//2380 2279//2378
f 2356//2424 2331//2382 2394//2457
f 2281//2352 2311//2409 2357//2422
f 2311//2409 2395//2458 2357//2422
f 2391//2456 2332//2423 2281//2352
f 2379//2408 2284//2379 2381//2459
f 2311//2409 2258//2351 2380//2460
f 2332//2423 2381//2459 2284//2379
f 2382//2461 2258//2351 2287//2383
f 2286//2384 2398//2411 2399//2462
f 2286//2384 2399//2462 2288//2385
f 2239//2319 2288//2385 2400//2463
f 2287//2383 2239//2319 2400//2463
f 2315//2337 2358//2464 2334//2425
f 2315//2337 2293//2390 2358//2464
f 2334//2425 2265//2362 2291//2389
f 2294//2365 2359//2465 2316//2391
f 2334//2425 2360//2466 2265//2362
f 2294//2365 2336//2428 2359//2465
f 2360//2466 2361//2467 2265//2362
f 2265//2362 2361//2467 2297//2394
f 2319//2413 2296//2392 2337//2427
f 2299//2396 2297//2394 2361//2467
f 2250//2344 2401//2429 2336//2428
f 2363//2468 2299//2396 2361//2467
f 2268//2367 2319//2413 2383//2469
f 2299//2396 2362//2470 2320//2395
f 2299//2396 2363//2468 2362//2470
f 2268//2367 2383//2469 2364//2471
f 2302//2399 2268//2367 2364//2471
f 2361//2467 2384//2472 2363//2468
f 2298//2346 2365//2473 2321//2414
f 2301//2368 2338//2430 2318//2397
f 2384//2472 2385//2474 2363//2468
f 2367//2475 2300//2398 2270//2369
f 2339//2432 2367//2475 2270//2369
f 2366//2435 2368//2476 2371//2477
s 0
f 2341//2478 2342//332 2368//2438
s 1
f 2341//2434 2368//2476 2366//2435
f 2385//2474 2306//2372 2366//2435
f 2343//2437 2307//2402 2369//2479
s 0
f 2343//2438 2369//2480 2368//332
s 1
f 2368//2476 2369//2479 2371//2477
s 0
f 2342//332 2343//332 2368//332
s 1
f 2340//2431 2304//2401 2370//2441
f 2371//2477 2307//2402 2345//2415
f 2369//2479 2307//2402 2371//2477
f 2346//2440 2322//2416 2253//2348
f 2373//2481 2413//2482 2410//2483
f 2345//2415 2373//2481 2410//2483
f 2345//2415 2347//2446 2373//2481
f 2308//2403 2388//2484 2323//2404
f 2372//2442 2351//2443 2387//2485
f 2373//2481 2349//2450 2413//2482
s 0
f 2373//2486 2348//332 2349//2445
s 1
f 2347//2446 2348//2445 2373//2481
f 2388//2484 2374//2487 2323//2404
f 2413//2482 2349//2450 2375//2449
f 2375//2449 2325//2417 2376//2488
f 2323//2404 2374//2487 2377//2489
f 2323//2404 2377//2489 2309//2405
f 2327//2419 2352//2452 2330//2410
f 2376//2488 2325//2417 2378//2454
f 2309//2405 2377//2489 2355//2455
f 2310//2406 2380//2460 2354//2420
f 2380//2460 2310//2406 2355//2455
f 2381//2459 2392//2453 2379//2408
f 2381//2459 2391//2456 2392//2453
f 2380//2460 2355//2455 2311//2409
f 2355//2455 2377//2489 2311//2409
f 2381//2459 2332//2423 2391//2456
f 2283//2381 2330//2410 2396//2490
f 2331//2382 2283//2381 2396//2490
f 2331//2382 2396//2490 2394//2457
f 2258//2351 2382//2461 2380//2460
f 2382//2461 2287//2383 2400//2463
f 2400//2463 2288//2385 2399//2462
f 2383//2469 2319//2413 2337//2427
f 2318//2397 2365//2473 2298//2346
f 2338//2430 2386//2491 2318//2397
f 2338//2430 2302//2399 2364//2471
f 2362//2470 2363//2468 2403//2492
f 2403//2492 2363//2468 2385//2474
f 2385//2474 2366//2435 2403//2492
f 2401//2429 2300//2398 2367//2475
f 2366//2435 2371//2477 2403//2492
f 2406//2493 2306//2372 2385//2474
f 2339//2432 2340//2431 2370//2441
f 2306//2372 2406//2493 2308//2403
f 2371//2477 2345//2415 2410//2483
f 2370//2441 2387//2485 2339//2432
f 2370//2441 2372//2442 2387//2485
f 2324//2418 2322//2416 2409//2494
f 2392//2453 2389//2495 2351//2443
f 2390//2496 2330//2410 2352//2452
f 2391//2456 2328//2421 2393//2497
f 2376//2488 2378//2454 2394//2457
f 2378//2454 2356//2424 2394//2457
f 2395//2458 2311//2409 2377//2489
f 2328//2421 2357//2422 2397//2498
f 2356//2424 2378//2454 2398//2411
f 2415//2499 2380//2460 2382//2461
f 2382//2461 2400//2463 2399//2462
f 2359//2465 2335//2426 2316//2391
f 2320//2395 2420//2500 2337//2427
f 2320//2395 2362//2470 2420//2500
f 2386//2491 2365//2473 2318//2397
f 2338//2430 2364//2471 2404//2501
f 2401//2429 2367//2475 2402//2502
f 2404//2501 2405//2503 2338//2430
f 2405//2503 2404//2501 2407//2504
f 2303//2400 2321//2414 2408//2505
f 2407//2504 2409//2494 2405//2503
f 2425//2506 2371//2477 2410//2483
f 2303//2400 2408//2505 2346//2440
f 2346//2440 2408//2505 2322//2416
f 2322//2416 2408//2505 2409//2494
f 2413//2482 2411//2507 2407//2504
f 2410//2483 2413//2482 2407//2504
f 2406//2493 2388//2484 2308//2403
f 2324//2418 2409//2494 2411//2507
f 2412//2508 2387//2485 2351//2443
f 2427//2509 2413//2482 2375//2449
f 2376//2488 2427//2509 2375//2449
f 2392//2453 2391//2456 2393//2497
f 2389//2495 2392//2453 2393//2497
f 2330//2410 2390//2496 2396//2490
f 2376//2488 2394//2457 2429//2510
f 2378//2454 2354//2420 2414//2511
f 2414//2511 2354//2420 2380//2460
f 2393//2497 2328//2421 2397//2498
f 2396//2490 2429//2510 2394//2457
f 2380//2460 2415//2499 2414//2511
f 2414//2511 2398//2411 2378//2454
f 2357//2422 2395//2458 2397//2498
f 2415//2499 2399//2462 2398//2411
f 2382//2461 2399//2462 2415//2499
f 2334//2425 2358//2464 2416//2512
f 2358//2464 2293//2390 2416//2512
f 2293//2390 2335//2426 2417//2513
f 2417//2513 2335//2426 2359//2465
f 2334//2425 2416//2512 2360//2466
f 2293//2390 2418//2514 2416//2512
f 2417//2513 2418//2514 2293//2390
f 2359//2465 2336//2428 2417//2513
f 2361//2467 2360//2466 2384//2472
f 2419//2515 2384//2472 2360//2466
f 2337//2427 2420//2500 2383//2469
f 2362//2470 2432//2516 2420//2500
f 2384//2472 2421//2517 2385//2474
f 2384//2472 2419//2515 2421//2517
f 2403//2492 2432//2516 2362//2470
f 2421//2517 2406//2493 2385//2474
f 2386//2491 2338//2430 2405//2503
f 2365//2473 2423//2518 2321//2414
f 2386//2491 2405//2503 2423//2518
f 2422//2519 2371//2477 2425//2506
f 2321//2414 2423//2518 2408//2505
f 2405//2503 2409//2494 2423//2518
f 2423//2518 2409//2494 2408//2505
f 2339//2432 2424//2520 2367//2475
f 2410//2483 2407//2504 2425//2506
f 2387//2485 2424//2520 2339//2432
f 2407//2504 2411//2507 2409//2494
f 2351//2443 2389//2495 2412//2508
f 2411//2507 2426//2521 2324//2418
f 2411//2507 2413//2482 2426//2521
f 2352//2452 2324//2418 2390//2496
f 2390//2496 2324//2418 2426//2521
f 2426//2521 2413//2482 2427//2509
f 2377//2489 2374//2487 2428//2522
f 2376//2488 2429//2510 2427//2509
f 2393//2497 2397//2498 2445//2523
f 2390//2496 2429//2510 2396//2490
f 2428//2522 2395//2458 2377//2489
f 2398//2411 2414//2511 2415//2499
f 2360//2466 2416//2512 2430//2524
f 2418//2514 2430//2524 2416//2512
f 2336//2428 2401//2429 2417//2513
f 2401//2429 2438//2525 2417//2513
f 2419//2515 2360//2466 2430//2524
f 2431//2526 2383//2469 2420//2500
f 2383//2469 2433//2527 2364//2471
f 2383//2469 2431//2526 2433//2527
f 2364//2471 2433//2527 2404//2501
f 2403//2492 2371//2477 2432//2516
f 2422//2519 2432//2516 2371//2477
f 2402//2502 2367//2475 2434//2528
f 2365//2473 2386//2491 2423//2518
f 2407//2504 2404//2501 2433//2527
f 2435//2529 2407//2504 2433//2527
f 2367//2475 2424//2520 2434//2528
f 2435//2529 2425//2506 2407//2504
f 2412//2508 2424//2520 2387//2485
f 2406//2493 2436//2530 2388//2484
f 2412//2508 2389//2495 2437//2531
f 2388//2484 2428//2522 2374//2487
f 2393//2497 2445//2523 2389//2495
f 2426//2521 2429//2510 2390//2496
f 2427//2509 2429//2510 2426//2521
f 2395//2458 2428//2522 2397//2498
f 2417//2513 2438//2525 2418//2514
f 2438//2525 2439//2532 2418//2514
f 2418//2514 2419//2515 2430//2524
f 2439//2532 2419//2515 2418//2514
f 2440//2533 2431//2526 2420//2500
f 2440//2533 2420//2500 2432//2516
f 2439//2532 2441//2534 2419//2515
f 2401//2429 2446//2535 2438//2525
f 2401//2429 2402//2502 2446//2535
f 2419//2515 2441//2534 2421//2517
f 2421//2517 2441//2534 2406//2493
f 2424//2520 2442//2536 2434//2528
f 2412//2508 2442//2536 2424//2520
f 2428//2522 2388//2484 2444//2537
f 2443//2538 2444//2537 2388//2484
f 2389//2495 2449//2539 2437//2531
f 2389//2495 2445//2523 2449//2539
f 2397//2498 2428//2522 2444//2537
f 2445//2523 2397//2498 2444//2537
f 2438//2525 2446//2535 2439//2532
f 2439//2532 2447//2540 2441//2534
f 2434//2528 2446//2535 2402//2502
f 2441//2534 2448//2541 2406//2493
f 2422//2519 2425//2506 2435//2529
f 2406//2493 2448//2541 2436//2530
f 2388//2484 2436//2530 2443//2538
f 2444//2537 2443//2538 2445//2523
f 2445//2523 2443//2538 2449//2539
f 2447//2540 2439//2532 2446//2535
f 2440//2533 2433//2527 2431//2526
f 2440//2533 2435//2529 2433//2527
f 2432//2516 2422//2519 2440//2533
f 2447//2540 2448//2541 2441//2534
f 2446//2535 2434//2528 2450//2542
f 2440//2533 2422//2519 2435//2529
f 2436//2530 2448//2541 2451//2543
f 2451//2543 2443//2538 2436//2530
f 2446//2535 2452//2544 2447//2540
f 2452//2544 2448//2541 2447//2540
f 2450//2542 2452//2544 2446//2535
f 2434//2528 2442//2536 2450//2542
f 2442//2536 2412//2508 2453//2545
f 2437//2531 2453//2545 2412//2508
f 2452//2544 2451//2543 2448//2541
f 2451//2543 2457//2546 2443//2538
f 2449//2539 2443//2538 2459//2547
f 2449//2539 2459//2547 2454//2548
f 2450//2542 2460//2549 2452//2544
f 2442//2536 2455//2550 2450//2542
f 2456//2551 2457//2546 2451//2543
f 2453//2545 2437//2531 2458//2552
f 2457//2546 2459//2547 2443//2538
f 2437//2531 2454//2548 2458//2552
f 2454//2548 2437//2531 2449//2539
f 2450//2542 2455//2550 2460//2549
f 2456//2551 2451//2543 2452//2544
f 2442//2536 2453//2545 2455//2550
f 2460//2549 2456//2551 2452//2544
f 2460//2549 2461//2553 2456//2551
f 2462//2554 2455//2550 2453//2545
f 2457//2546 2456//2551 2461//2553
f 2453//2545 2458//2552 2462//2554
f 2463//2555 2458//2552 2454//2548
f 2459//2547 2463//2555 2454//2548
f 2455//2550 2462//2554 2460//2549
f 2462//2554 2461//2553 2460//2549
f 2463//2555 2457//2546 2461//2553
f 2462//2554 2458//2552 2463//2555
f 2457//2546 2463//2555 2459//2547
f 2462//2554 2463//2555 2461//2553
